[11-Mar-2026 17:47:34 America/Lima] 🚗 CrediYango detectado - Estableciendo estado_entrega='pendiente'
[11-Mar-2026 17:47:34 America/Lima] 🔍 Controlador - estado_entrega después de asignar: ''pendiente'' (tipo: string)
[11-Mar-2026 17:47:34 America/Lima] CrediYango: Registrando con producto real ID 1 y estado_entrega='pendiente'
[11-Mar-2026 17:47:34 America/Lima] ⏸️ Stock NO descontado - CrediYango o producto no entregado
[11-Mar-2026 17:47:34 America/Lima] 🔍 Modelo Financiamiento - estado_entrega recibido: ''pendiente'' (tipo: string)
[11-Mar-2026 17:47:34 America/Lima] ✅ Modelo - estado_entrega válido: 'pendiente'
[11-Mar-2026 17:47:34 America/Lima] 🎯 Modelo - Valor FINAL de estado_entrega: 'pendiente'
[11-Mar-2026 17:47:34 America/Lima] 🔍 ANTES DE BIND_PARAM:
[11-Mar-2026 17:47:34 America/Lima]   - estado_entrega: 'pendiente'
[11-Mar-2026 17:47:34 America/Lima]   - grupo_financiamiento: 45
[11-Mar-2026 17:47:34 America/Lima] 🔍 DESPUÉS DE BIND_PARAM - Ejecutando query...
[11-Mar-2026 17:47:34 America/Lima] ✅ Query ejecutada exitosamente
[11-Mar-2026 17:47:34 America/Lima] Error al registrar comisión para financiamiento 868
[11-Mar-2026 17:47:34 America/Lima] CrediYango: Financiamiento guardado sin cuotas. ID: 868. Las cuotas se generarán al entregar el vehículo.
[11-Mar-2026 17:47:34 America/Lima] 🔥 CHECKPOINT: Llegamos después de guardar cuotas. ID Financiamiento: 868
[11-Mar-2026 17:47:34 America/Lima] 🔥 CHECKPOINT: grupo_financiamiento = 45
[11-Mar-2026 17:47:34 America/Lima] 🔍 DEBUG - esPlan22: false
[11-Mar-2026 17:47:34 America/Lima] 🔍 DEBUG - esPlan38: false
[11-Mar-2026 17:47:34 America/Lima] 🔍 DEBUG - esPlan49: false
[11-Mar-2026 17:47:34 America/Lima] 🔍 DEBUG - cantidadCuotasAdelantadas: 0
[11-Mar-2026 17:47:34 America/Lima] 🔍 DEBUG - esCrediYango: true
[11-Mar-2026 17:47:34 America/Lima] 🔍 DEBUG - Condición completa: NO CUMPLIDA
[11-Mar-2026 17:50:47 America/Lima] 🚗 CrediYango detectado - Estableciendo estado_entrega='pendiente'
[11-Mar-2026 17:50:47 America/Lima] 🔍 Controlador - estado_entrega después de asignar: ''pendiente'' (tipo: string)
[11-Mar-2026 17:50:47 America/Lima] CrediYango: Registrando con producto real ID N/A y estado_entrega='pendiente'
[11-Mar-2026 17:50:53 America/Lima] 🚗 CrediYango detectado - Estableciendo estado_entrega='pendiente'
[11-Mar-2026 17:50:53 America/Lima] 🔍 Controlador - estado_entrega después de asignar: ''pendiente'' (tipo: string)
[11-Mar-2026 17:50:53 America/Lima] CrediYango: Registrando con producto real ID 3 y estado_entrega='pendiente'
[11-Mar-2026 17:50:53 America/Lima] ⏸️ Stock NO descontado - CrediYango o producto no entregado
[11-Mar-2026 17:50:53 America/Lima] 🔍 Modelo Financiamiento - estado_entrega recibido: ''pendiente'' (tipo: string)
[11-Mar-2026 17:50:53 America/Lima] ✅ Modelo - estado_entrega válido: 'pendiente'
[11-Mar-2026 17:50:53 America/Lima] 🎯 Modelo - Valor FINAL de estado_entrega: 'pendiente'
[11-Mar-2026 17:50:53 America/Lima] 🔍 ANTES DE BIND_PARAM:
[11-Mar-2026 17:50:53 America/Lima]   - estado_entrega: 'pendiente'
[11-Mar-2026 17:50:53 America/Lima]   - grupo_financiamiento: 45
[11-Mar-2026 17:50:53 America/Lima] 🔍 DESPUÉS DE BIND_PARAM - Ejecutando query...
[11-Mar-2026 17:50:53 America/Lima] ✅ Query ejecutada exitosamente
[11-Mar-2026 17:50:53 America/Lima] Error al registrar comisión para financiamiento 870
[11-Mar-2026 17:50:53 America/Lima] CrediYango: Financiamiento guardado sin cuotas. ID: 870. Las cuotas se generarán al entregar el vehículo.
[11-Mar-2026 17:50:53 America/Lima] 🔥 CHECKPOINT: Llegamos después de guardar cuotas. ID Financiamiento: 870
[11-Mar-2026 17:50:53 America/Lima] 🔥 CHECKPOINT: grupo_financiamiento = 45
[11-Mar-2026 17:50:53 America/Lima] 🔍 DEBUG - esPlan22: false
[11-Mar-2026 17:50:53 America/Lima] 🔍 DEBUG - esPlan38: false
[11-Mar-2026 17:50:53 America/Lima] 🔍 DEBUG - esPlan49: false
[11-Mar-2026 17:50:53 America/Lima] 🔍 DEBUG - cantidadCuotasAdelantadas: 0
[11-Mar-2026 17:50:53 America/Lima] 🔍 DEBUG - esCrediYango: true
[11-Mar-2026 17:50:53 America/Lima] 🔍 DEBUG - Condición completa: NO CUMPLIDA
[11-Mar-2026 17:52:22 America/Lima] 🚗 CrediYango detectado - Estableciendo estado_entrega='pendiente'
[11-Mar-2026 17:52:22 America/Lima] 🔍 Controlador - estado_entrega después de asignar: ''pendiente'' (tipo: string)
[11-Mar-2026 17:52:22 America/Lima] CrediYango: Registrando con producto real ID 1 y estado_entrega='pendiente'
[11-Mar-2026 17:52:22 America/Lima] ⏸️ Stock NO descontado - CrediYango o producto no entregado
[11-Mar-2026 17:52:22 America/Lima] 🔍 Modelo Financiamiento - estado_entrega recibido: ''pendiente'' (tipo: string)
[11-Mar-2026 17:52:22 America/Lima] ✅ Modelo - estado_entrega válido: 'pendiente'
[11-Mar-2026 17:52:22 America/Lima] 🎯 Modelo - Valor FINAL de estado_entrega: 'pendiente'
[11-Mar-2026 17:52:22 America/Lima] 🔍 ANTES DE BIND_PARAM:
[11-Mar-2026 17:52:22 America/Lima]   - estado_entrega: 'pendiente'
[11-Mar-2026 17:52:22 America/Lima]   - grupo_financiamiento: 45
[11-Mar-2026 17:52:22 America/Lima] 🔍 DESPUÉS DE BIND_PARAM - Ejecutando query...
[11-Mar-2026 17:52:22 America/Lima] ✅ Query ejecutada exitosamente
[11-Mar-2026 17:52:22 America/Lima] Error al registrar comisión para financiamiento 871
[11-Mar-2026 17:52:22 America/Lima] CrediYango: Financiamiento guardado sin cuotas. ID: 871. Las cuotas se generarán al entregar el vehículo.
[11-Mar-2026 17:52:22 America/Lima] 🔥 CHECKPOINT: Llegamos después de guardar cuotas. ID Financiamiento: 871
[11-Mar-2026 17:52:22 America/Lima] 🔥 CHECKPOINT: grupo_financiamiento = 45
[11-Mar-2026 17:52:22 America/Lima] 🔍 DEBUG - esPlan22: false
[11-Mar-2026 17:52:22 America/Lima] 🔍 DEBUG - esPlan38: false
[11-Mar-2026 17:52:22 America/Lima] 🔍 DEBUG - esPlan49: false
[11-Mar-2026 17:52:22 America/Lima] 🔍 DEBUG - cantidadCuotasAdelantadas: 0
[11-Mar-2026 17:52:22 America/Lima] 🔍 DEBUG - esCrediYango: true
[11-Mar-2026 17:52:22 America/Lima] 🔍 DEBUG - Condición completa: NO CUMPLIDA
[11-Mar-2026 18:05:57 America/Lima] 🚗 CrediYango detectado - Estableciendo estado_entrega='pendiente'
[11-Mar-2026 18:05:57 America/Lima] 🔍 Controlador - estado_entrega después de asignar: ''pendiente'' (tipo: string)
[11-Mar-2026 18:05:57 America/Lima] CrediYango: Registrando con producto real ID N/A y estado_entrega='pendiente'
[11-Mar-2026 18:06:03 America/Lima] 🚗 CrediYango detectado - Estableciendo estado_entrega='pendiente'
[11-Mar-2026 18:06:03 America/Lima] 🔍 Controlador - estado_entrega después de asignar: ''pendiente'' (tipo: string)
[11-Mar-2026 18:06:03 America/Lima] CrediYango: Registrando con producto real ID 1 y estado_entrega='pendiente'
[11-Mar-2026 18:06:03 America/Lima] ⏸️ Stock NO descontado - CrediYango o producto no entregado
[11-Mar-2026 18:06:03 America/Lima] 🔍 Modelo Financiamiento - estado_entrega recibido: ''pendiente'' (tipo: string)
[11-Mar-2026 18:06:03 America/Lima] ✅ Modelo - estado_entrega válido: 'pendiente'
[11-Mar-2026 18:06:03 America/Lima] 🎯 Modelo - Valor FINAL de estado_entrega: 'pendiente'
[11-Mar-2026 18:06:03 America/Lima] 🔍 ANTES DE BIND_PARAM:
[11-Mar-2026 18:06:03 America/Lima]   - estado_entrega: 'pendiente'
[11-Mar-2026 18:06:03 America/Lima]   - grupo_financiamiento: 45
[11-Mar-2026 18:06:03 America/Lima] 🔍 DESPUÉS DE BIND_PARAM - Ejecutando query...
[11-Mar-2026 18:06:03 America/Lima] ✅ Query ejecutada exitosamente
[11-Mar-2026 18:06:03 America/Lima] Error al registrar comisión para financiamiento 872
[11-Mar-2026 18:06:03 America/Lima] CrediYango: Financiamiento guardado sin cuotas. ID: 872. Las cuotas se generarán al entregar el vehículo.
[11-Mar-2026 18:06:03 America/Lima] 🔥 CHECKPOINT: Llegamos después de guardar cuotas. ID Financiamiento: 872
[11-Mar-2026 18:06:03 America/Lima] 🔥 CHECKPOINT: grupo_financiamiento = 45
[11-Mar-2026 18:06:03 America/Lima] 🔍 DEBUG - esPlan22: false
[11-Mar-2026 18:06:03 America/Lima] 🔍 DEBUG - esPlan38: false
[11-Mar-2026 18:06:03 America/Lima] 🔍 DEBUG - esPlan49: false
[11-Mar-2026 18:06:03 America/Lima] 🔍 DEBUG - cantidadCuotasAdelantadas: 0
[11-Mar-2026 18:06:03 America/Lima] 🔍 DEBUG - esCrediYango: true
[11-Mar-2026 18:06:03 America/Lima] 🔍 DEBUG - Condición completa: NO CUMPLIDA
[11-Mar-2026 18:06:53 America/Lima] 🚗 CrediYango detectado - Estableciendo estado_entrega='pendiente'
[11-Mar-2026 18:06:53 America/Lima] 🔍 Controlador - estado_entrega después de asignar: ''pendiente'' (tipo: string)
[11-Mar-2026 18:06:53 America/Lima] CrediYango: Registrando con producto real ID 1 y estado_entrega='pendiente'
[11-Mar-2026 18:06:53 America/Lima] ⏸️ Stock NO descontado - CrediYango o producto no entregado
[11-Mar-2026 18:06:53 America/Lima] 🔍 Modelo Financiamiento - estado_entrega recibido: ''pendiente'' (tipo: string)
[11-Mar-2026 18:06:53 America/Lima] ✅ Modelo - estado_entrega válido: 'pendiente'
[11-Mar-2026 18:06:53 America/Lima] 🎯 Modelo - Valor FINAL de estado_entrega: 'pendiente'
[11-Mar-2026 18:06:53 America/Lima] 🔍 ANTES DE BIND_PARAM:
[11-Mar-2026 18:06:53 America/Lima]   - estado_entrega: 'pendiente'
[11-Mar-2026 18:06:53 America/Lima]   - grupo_financiamiento: 45
[11-Mar-2026 18:06:53 America/Lima] 🔍 DESPUÉS DE BIND_PARAM - Ejecutando query...
[11-Mar-2026 18:06:53 America/Lima] ✅ Query ejecutada exitosamente
[11-Mar-2026 18:06:54 America/Lima] Error al registrar comisión para financiamiento 873
[11-Mar-2026 18:06:54 America/Lima] CrediYango: Financiamiento guardado sin cuotas. ID: 873. Las cuotas se generarán al entregar el vehículo.
[11-Mar-2026 18:06:54 America/Lima] 🔥 CHECKPOINT: Llegamos después de guardar cuotas. ID Financiamiento: 873
[11-Mar-2026 18:06:54 America/Lima] 🔥 CHECKPOINT: grupo_financiamiento = 45
[11-Mar-2026 18:06:54 America/Lima] 🔍 DEBUG - esPlan22: false
[11-Mar-2026 18:06:54 America/Lima] 🔍 DEBUG - esPlan38: false
[11-Mar-2026 18:06:54 America/Lima] 🔍 DEBUG - esPlan49: false
[11-Mar-2026 18:06:54 America/Lima] 🔍 DEBUG - cantidadCuotasAdelantadas: 0
[11-Mar-2026 18:06:54 America/Lima] 🔍 DEBUG - esCrediYango: true
[11-Mar-2026 18:06:54 America/Lima] 🔍 DEBUG - Condición completa: NO CUMPLIDA
[11-Mar-2026 18:17:50 America/Lima] Error en obtenerFechasEntregaDistintas: Expression #1 of ORDER BY clause is not in SELECT list, references column 'magusqao_arequipa.f.fecha_entrega' which is not in SELECT list; this is incompatible with DISTINCT
[11-Mar-2026 18:17:50 America/Lima] Error en obtenerFechasProximaEntregaDistintas: Expression #1 of ORDER BY clause is not in SELECT list, references column 'magusqao_arequipa.f.fecha_proxima_entrega' which is not in SELECT list; this is incompatible with DISTINCT
[12-Mar-2026 17:47:27 America/Lima] === OBTENER RESUMEN FINANCIAMIENTOS - INICIO ===
[12-Mar-2026 17:47:27 America/Lima] Sesión ID rol: 3
[12-Mar-2026 17:47:27 America/Lima] Permisos verificados correctamente
[12-Mar-2026 17:47:27 America/Lima] Datos procesados correctamente. Planes: 21
[12-Mar-2026 17:47:27 America/Lima] Totales generales: {"total_conductores":305,"total_financiamientos":554,"total_unidades":624,"monto_total":3176716.93}
[12-Mar-2026 17:47:27 America/Lima] === OBTENER RESUMEN FINANCIAMIENTOS - FIN EXITOSO ===
[12-Mar-2026 17:51:03 America/Lima] === OBTENER RESUMEN FINANCIAMIENTOS - INICIO ===
[12-Mar-2026 17:51:03 America/Lima] Sesión ID rol: 3
[12-Mar-2026 17:51:03 America/Lima] Permisos verificados correctamente
[12-Mar-2026 17:51:03 America/Lima] Datos procesados correctamente. Planes: 21
[12-Mar-2026 17:51:03 America/Lima] Totales generales: {"total_conductores":305,"total_financiamientos":554,"total_unidades":624,"monto_total":3176716.93}
[12-Mar-2026 17:51:03 America/Lima] === OBTENER RESUMEN FINANCIAMIENTOS - FIN EXITOSO ===
[12-Mar-2026 21:47:09 America/Lima] Búsqueda: '', Start: 0, Length: 10, OrderCol: 0, OrderDir: desc
[12-Mar-2026 21:47:09 America/Lima] Modelo - Búsqueda: '', Start: 0, Length: 10, OrderCol: 0, OrderDir: desc, Usuario: , TipoDoc: 
[12-Mar-2026 21:47:09 America/Lima] Resultados: Total=1585, Filtrados=1585, Filas=10
[12-Mar-2026 21:47:11 America/Lima] Búsqueda: '77821864', Start: 0, Length: 10, OrderCol: 0, OrderDir: desc
[12-Mar-2026 21:47:11 America/Lima] Modelo - Búsqueda: '77821864', Start: 0, Length: 10, OrderCol: 0, OrderDir: desc, Usuario: , TipoDoc: 
[12-Mar-2026 21:47:11 America/Lima] Resultados: Total=1585, Filtrados=0, Filas=0
[12-Mar-2026 21:47:22 America/Lima] Búsqueda: '', Start: 0, Length: 10, OrderCol: 0, OrderDir: desc
[12-Mar-2026 21:47:22 America/Lima] Modelo - Búsqueda: '', Start: 0, Length: 10, OrderCol: 0, OrderDir: desc, Usuario: , TipoDoc: 
[12-Mar-2026 21:47:23 America/Lima] Resultados: Total=1585, Filtrados=1585, Filas=10
[12-Mar-2026 21:47:44 America/Lima] Búsqueda: 'PETER TOTO ORTEGA', Start: 0, Length: 10, OrderCol: 0, OrderDir: desc
[12-Mar-2026 21:47:44 America/Lima] Modelo - Búsqueda: 'PETER TOTO ORTEGA', Start: 0, Length: 10, OrderCol: 0, OrderDir: desc, Usuario: , TipoDoc: 
[12-Mar-2026 21:47:44 America/Lima] Resultados: Total=1585, Filtrados=0, Filas=0
[12-Mar-2026 21:47:46 America/Lima] Búsqueda: '', Start: 0, Length: 10, OrderCol: 0, OrderDir: desc
[12-Mar-2026 21:47:46 America/Lima] Modelo - Búsqueda: '', Start: 0, Length: 10, OrderCol: 0, OrderDir: desc, Usuario: , TipoDoc: 
[12-Mar-2026 21:47:46 America/Lima] Resultados: Total=1585, Filtrados=1585, Filas=10
[12-Mar-2026 21:58:39 America/Lima] Búsqueda: '', Start: 0, Length: 10, OrderCol: 0, OrderDir: desc
[12-Mar-2026 21:58:39 America/Lima] Modelo - Búsqueda: '', Start: 0, Length: 10, OrderCol: 0, OrderDir: desc, Usuario: , TipoDoc: 
[12-Mar-2026 21:58:39 America/Lima] Resultados: Total=1585, Filtrados=1585, Filas=10
[12-Mar-2026 22:09:33 America/Lima] Búsqueda: '', Start: 0, Length: 10, OrderCol: 0, OrderDir: desc
[12-Mar-2026 22:09:33 America/Lima] Modelo - Búsqueda: '', Start: 0, Length: 10, OrderCol: 0, OrderDir: desc, Usuario: , TipoDoc: 
[12-Mar-2026 22:09:33 America/Lima] Resultados: Total=1585, Filtrados=1585, Filas=10
[12-Mar-2026 22:30:51 America/Lima] Búsqueda: '', Start: 0, Length: 10, OrderCol: 0, OrderDir: desc
[12-Mar-2026 22:30:51 America/Lima] Modelo - Búsqueda: '', Start: 0, Length: 10, OrderCol: 0, OrderDir: desc, Usuario: , TipoDoc: 
[12-Mar-2026 22:30:51 America/Lima] Resultados: Total=1585, Filtrados=1585, Filas=10
[12-Mar-2026 22:30:59 America/Lima] Búsqueda: '', Start: 0, Length: 10, OrderCol: 0, OrderDir: desc
[12-Mar-2026 22:30:59 America/Lima] Modelo - Búsqueda: '', Start: 0, Length: 10, OrderCol: 0, OrderDir: desc, Usuario: , TipoDoc: 
[12-Mar-2026 22:30:59 America/Lima] Resultados: Total=1585, Filtrados=1585, Filas=10
[13-Mar-2026 09:50:38 America/Lima] Búsqueda: '', Start: 0, Length: 10, OrderCol: 0, OrderDir: desc
[13-Mar-2026 09:50:38 America/Lima] Modelo - Búsqueda: '', Start: 0, Length: 10, OrderCol: 0, OrderDir: desc, Usuario: , TipoDoc: 
[13-Mar-2026 09:50:38 America/Lima] Resultados: Total=1585, Filtrados=1585, Filas=10
[13-Mar-2026 09:50:44 America/Lima] PHP Warning:  unserialize(): Extra data starting at offset 762 of 765 bytes in C:\laragon\www\arequipago\utils\lib\mpdf\vendor\mpdf\mpdf\src\Mpdf.php on line 8953
[13-Mar-2026 09:50:44 America/Lima] PHP Warning:  unserialize(): Extra data starting at offset 762 of 765 bytes in C:\laragon\www\arequipago\utils\lib\mpdf\vendor\mpdf\mpdf\src\Mpdf.php on line 8953
[13-Mar-2026 09:50:45 America/Lima] PHP Warning:  unserialize(): Extra data starting at offset 694 of 697 bytes in C:\laragon\www\arequipago\utils\lib\mpdf\vendor\mpdf\mpdf\src\Mpdf.php on line 8953
[13-Mar-2026 09:50:45 America/Lima] PHP Warning:  unserialize(): Extra data starting at offset 694 of 697 bytes in C:\laragon\www\arequipago\utils\lib\mpdf\vendor\mpdf\mpdf\src\Mpdf.php on line 8953
[13-Mar-2026 09:51:29 America/Lima] Búsqueda: ' B001 - 797	', Start: 0, Length: 10, OrderCol: 0, OrderDir: desc
[13-Mar-2026 09:51:29 America/Lima] Modelo - Búsqueda: ' B001 - 797	', Start: 0, Length: 10, OrderCol: 0, OrderDir: desc, Usuario: , TipoDoc: 
[13-Mar-2026 09:51:29 America/Lima] Resultados: Total=1585, Filtrados=0, Filas=0
[13-Mar-2026 09:51:30 America/Lima] Búsqueda: ' B001 - 797	}', Start: 0, Length: 10, OrderCol: 0, OrderDir: desc
[13-Mar-2026 09:51:30 America/Lima] Modelo - Búsqueda: ' B001 - 797	}', Start: 0, Length: 10, OrderCol: 0, OrderDir: desc, Usuario: , TipoDoc: 
[13-Mar-2026 09:51:30 America/Lima] Resultados: Total=1585, Filtrados=0, Filas=0
[13-Mar-2026 09:51:30 America/Lima] Búsqueda: ' B001 - 797	', Start: 0, Length: 10, OrderCol: 0, OrderDir: desc
[13-Mar-2026 09:51:30 America/Lima] Modelo - Búsqueda: ' B001 - 797	', Start: 0, Length: 10, OrderCol: 0, OrderDir: desc, Usuario: , TipoDoc: 
[13-Mar-2026 09:51:30 America/Lima] Resultados: Total=1585, Filtrados=0, Filas=0
[13-Mar-2026 09:51:31 America/Lima] Búsqueda: ' B001 - 79', Start: 0, Length: 10, OrderCol: 0, OrderDir: desc
[13-Mar-2026 09:51:31 America/Lima] Modelo - Búsqueda: ' B001 - 79', Start: 0, Length: 10, OrderCol: 0, OrderDir: desc, Usuario: , TipoDoc: 
[13-Mar-2026 09:51:31 America/Lima] Resultados: Total=1585, Filtrados=0, Filas=0
[13-Mar-2026 09:51:33 America/Lima] Búsqueda: ' B001 -79', Start: 0, Length: 10, OrderCol: 0, OrderDir: desc
[13-Mar-2026 09:51:33 America/Lima] Modelo - Búsqueda: ' B001 -79', Start: 0, Length: 10, OrderCol: 0, OrderDir: desc, Usuario: , TipoDoc: 
[13-Mar-2026 09:51:33 America/Lima] Resultados: Total=1585, Filtrados=0, Filas=0
[13-Mar-2026 09:51:36 America/Lima] Búsqueda: ' B001-79', Start: 0, Length: 10, OrderCol: 0, OrderDir: desc
[13-Mar-2026 09:51:36 America/Lima] Modelo - Búsqueda: ' B001-79', Start: 0, Length: 10, OrderCol: 0, OrderDir: desc, Usuario: , TipoDoc: 
[13-Mar-2026 09:51:36 America/Lima] Resultados: Total=1585, Filtrados=0, Filas=0
[13-Mar-2026 09:51:37 America/Lima] Búsqueda: ' B001 -79', Start: 0, Length: 10, OrderCol: 0, OrderDir: desc
[13-Mar-2026 09:51:37 America/Lima] Modelo - Búsqueda: ' B001 -79', Start: 0, Length: 10, OrderCol: 0, OrderDir: desc, Usuario: , TipoDoc: 
[13-Mar-2026 09:51:37 America/Lima] Resultados: Total=1585, Filtrados=0, Filas=0
[13-Mar-2026 09:51:38 America/Lima] Búsqueda: ' B001 - 79', Start: 0, Length: 10, OrderCol: 0, OrderDir: desc
[13-Mar-2026 09:51:38 America/Lima] Modelo - Búsqueda: ' B001 - 79', Start: 0, Length: 10, OrderCol: 0, OrderDir: desc, Usuario: , TipoDoc: 
[13-Mar-2026 09:51:38 America/Lima] Resultados: Total=1585, Filtrados=0, Filas=0
[13-Mar-2026 09:51:38 America/Lima] Búsqueda: ' B001 - 797', Start: 0, Length: 10, OrderCol: 0, OrderDir: desc
[13-Mar-2026 09:51:38 America/Lima] Modelo - Búsqueda: ' B001 - 797', Start: 0, Length: 10, OrderCol: 0, OrderDir: desc, Usuario: , TipoDoc: 
[13-Mar-2026 09:51:38 America/Lima] Resultados: Total=1585, Filtrados=0, Filas=0
[13-Mar-2026 09:51:39 America/Lima] Búsqueda: ' B001 - 797	}', Start: 0, Length: 10, OrderCol: 0, OrderDir: desc
[13-Mar-2026 09:51:39 America/Lima] Modelo - Búsqueda: ' B001 - 797	}', Start: 0, Length: 10, OrderCol: 0, OrderDir: desc, Usuario: , TipoDoc: 
[13-Mar-2026 09:51:39 America/Lima] Resultados: Total=1585, Filtrados=0, Filas=0
[13-Mar-2026 09:51:40 America/Lima] Búsqueda: ' B001 - 797	', Start: 0, Length: 10, OrderCol: 0, OrderDir: desc
[13-Mar-2026 09:51:40 America/Lima] Modelo - Búsqueda: ' B001 - 797	', Start: 0, Length: 10, OrderCol: 0, OrderDir: desc, Usuario: , TipoDoc: 
[13-Mar-2026 09:51:40 America/Lima] Resultados: Total=1585, Filtrados=0, Filas=0
[13-Mar-2026 09:51:40 America/Lima] Búsqueda: ' B001 - 797', Start: 0, Length: 10, OrderCol: 0, OrderDir: desc
[13-Mar-2026 09:51:40 America/Lima] Modelo - Búsqueda: ' B001 - 797', Start: 0, Length: 10, OrderCol: 0, OrderDir: desc, Usuario: , TipoDoc: 
[13-Mar-2026 09:51:40 America/Lima] Resultados: Total=1585, Filtrados=0, Filas=0
[13-Mar-2026 09:51:41 America/Lima] Búsqueda: ' B001 - 79', Start: 0, Length: 10, OrderCol: 0, OrderDir: desc
[13-Mar-2026 09:51:41 America/Lima] Modelo - Búsqueda: ' B001 - 79', Start: 0, Length: 10, OrderCol: 0, OrderDir: desc, Usuario: , TipoDoc: 
[13-Mar-2026 09:51:41 America/Lima] Resultados: Total=1585, Filtrados=0, Filas=0
[13-Mar-2026 09:51:42 America/Lima] Búsqueda: ' B001 - 797', Start: 0, Length: 10, OrderCol: 0, OrderDir: desc
[13-Mar-2026 09:51:42 America/Lima] Modelo - Búsqueda: ' B001 - 797', Start: 0, Length: 10, OrderCol: 0, OrderDir: desc, Usuario: , TipoDoc: 
[13-Mar-2026 09:51:42 America/Lima] Resultados: Total=1585, Filtrados=0, Filas=0
[13-Mar-2026 09:54:15 America/Lima] Búsqueda: ' B001 - 79', Start: 0, Length: 10, OrderCol: 0, OrderDir: desc
[13-Mar-2026 09:54:15 America/Lima] Modelo - Búsqueda: ' B001 - 79', Start: 0, Length: 10, OrderCol: 0, OrderDir: desc, Usuario: , TipoDoc: 
[13-Mar-2026 09:54:15 America/Lima] Resultados: Total=1585, Filtrados=10, Filas=10
[13-Mar-2026 09:54:18 America/Lima] Búsqueda: ' B001 - 797', Start: 0, Length: 10, OrderCol: 0, OrderDir: desc
[13-Mar-2026 09:54:18 America/Lima] Modelo - Búsqueda: ' B001 - 797', Start: 0, Length: 10, OrderCol: 0, OrderDir: desc, Usuario: , TipoDoc: 
[13-Mar-2026 09:54:18 America/Lima] Resultados: Total=1585, Filtrados=1, Filas=1
[13-Mar-2026 09:54:37 America/Lima] PHP Warning:  unserialize(): Extra data starting at offset 762 of 765 bytes in C:\laragon\www\arequipago\utils\lib\mpdf\vendor\mpdf\mpdf\src\Mpdf.php on line 8953
[13-Mar-2026 09:54:37 America/Lima] PHP Warning:  unserialize(): Extra data starting at offset 762 of 765 bytes in C:\laragon\www\arequipago\utils\lib\mpdf\vendor\mpdf\mpdf\src\Mpdf.php on line 8953
[13-Mar-2026 09:54:37 America/Lima] PHP Warning:  unserialize(): Extra data starting at offset 694 of 697 bytes in C:\laragon\www\arequipago\utils\lib\mpdf\vendor\mpdf\mpdf\src\Mpdf.php on line 8953
[13-Mar-2026 09:54:37 America/Lima] PHP Warning:  unserialize(): Extra data starting at offset 694 of 697 bytes in C:\laragon\www\arequipago\utils\lib\mpdf\vendor\mpdf\mpdf\src\Mpdf.php on line 8953
[13-Mar-2026 09:55:05 America/Lima] Búsqueda: '', Start: 0, Length: 10, OrderCol: 0, OrderDir: desc
[13-Mar-2026 09:55:05 America/Lima] Modelo - Búsqueda: '', Start: 0, Length: 10, OrderCol: 0, OrderDir: desc, Usuario: , TipoDoc: 
[13-Mar-2026 09:55:05 America/Lima] Resultados: Total=1585, Filtrados=1585, Filas=10
[13-Mar-2026 09:55:07 America/Lima] Búsqueda: '', Start: 0, Length: 10, OrderCol: 0, OrderDir: desc
[13-Mar-2026 09:55:07 America/Lima] Modelo - Búsqueda: '', Start: 0, Length: 10, OrderCol: 0, OrderDir: desc, Usuario: , TipoDoc: 1
[13-Mar-2026 09:55:07 America/Lima] Resultados: Total=1585, Filtrados=977, Filas=10
[13-Mar-2026 09:55:08 America/Lima] Búsqueda: '', Start: 0, Length: 10, OrderCol: 0, OrderDir: desc
[13-Mar-2026 09:55:08 America/Lima] Modelo - Búsqueda: '', Start: 0, Length: 10, OrderCol: 0, OrderDir: desc, Usuario: , TipoDoc: 2
[13-Mar-2026 09:55:08 America/Lima] Resultados: Total=1585, Filtrados=13, Filas=10
[13-Mar-2026 09:55:09 America/Lima] Búsqueda: '', Start: 0, Length: 10, OrderCol: 0, OrderDir: desc
[13-Mar-2026 09:55:09 America/Lima] Modelo - Búsqueda: '', Start: 0, Length: 10, OrderCol: 0, OrderDir: desc, Usuario: , TipoDoc: 3
[13-Mar-2026 09:55:09 America/Lima] Resultados: Total=1585, Filtrados=0, Filas=0
[13-Mar-2026 09:55:10 America/Lima] Búsqueda: '', Start: 0, Length: 10, OrderCol: 0, OrderDir: desc
[13-Mar-2026 09:55:10 America/Lima] Modelo - Búsqueda: '', Start: 0, Length: 10, OrderCol: 0, OrderDir: desc, Usuario: , TipoDoc: 4
[13-Mar-2026 09:55:10 America/Lima] Resultados: Total=1585, Filtrados=0, Filas=0
[13-Mar-2026 09:55:10 America/Lima] Búsqueda: '', Start: 0, Length: 10, OrderCol: 0, OrderDir: desc
[13-Mar-2026 09:55:10 America/Lima] Modelo - Búsqueda: '', Start: 0, Length: 10, OrderCol: 0, OrderDir: desc, Usuario: , TipoDoc: 5
[13-Mar-2026 09:55:10 America/Lima] Resultados: Total=1585, Filtrados=0, Filas=0
[13-Mar-2026 09:55:11 America/Lima] Búsqueda: '', Start: 0, Length: 10, OrderCol: 0, OrderDir: desc
[13-Mar-2026 09:55:11 America/Lima] Modelo - Búsqueda: '', Start: 0, Length: 10, OrderCol: 0, OrderDir: desc, Usuario: , TipoDoc: 6
[13-Mar-2026 09:55:11 America/Lima] Resultados: Total=1585, Filtrados=595, Filas=10
[13-Mar-2026 09:55:12 America/Lima] Búsqueda: '', Start: 0, Length: 10, OrderCol: 0, OrderDir: desc
[13-Mar-2026 09:55:12 America/Lima] Modelo - Búsqueda: '', Start: 0, Length: 10, OrderCol: 0, OrderDir: desc, Usuario: , TipoDoc: 3
[13-Mar-2026 09:55:12 America/Lima] Resultados: Total=1585, Filtrados=0, Filas=0
[13-Mar-2026 09:55:13 America/Lima] Búsqueda: '', Start: 0, Length: 10, OrderCol: 0, OrderDir: desc
[13-Mar-2026 09:55:13 America/Lima] Modelo - Búsqueda: '', Start: 0, Length: 10, OrderCol: 0, OrderDir: desc, Usuario: , TipoDoc: 2
[13-Mar-2026 09:55:13 America/Lima] Resultados: Total=1585, Filtrados=13, Filas=10
[13-Mar-2026 09:55:13 America/Lima] Búsqueda: '', Start: 0, Length: 10, OrderCol: 0, OrderDir: desc
[13-Mar-2026 09:55:13 America/Lima] Modelo - Búsqueda: '', Start: 0, Length: 10, OrderCol: 0, OrderDir: desc, Usuario: , TipoDoc: 4
[13-Mar-2026 09:55:13 America/Lima] Resultados: Total=1585, Filtrados=0, Filas=0
[13-Mar-2026 09:58:05 America/Lima] Búsqueda: '', Start: 0, Length: 10, OrderCol: 0, OrderDir: desc
[13-Mar-2026 09:58:05 America/Lima] Modelo - Búsqueda: '', Start: 0, Length: 10, OrderCol: 0, OrderDir: desc, Usuario: , TipoDoc: 
[13-Mar-2026 09:58:06 America/Lima] Resultados: Total=1585, Filtrados=1585, Filas=10
[13-Mar-2026 09:58:08 America/Lima] Búsqueda: '', Start: 0, Length: 10, OrderCol: 0, OrderDir: desc
[13-Mar-2026 09:58:08 America/Lima] Modelo - Búsqueda: '', Start: 0, Length: 10, OrderCol: 0, OrderDir: desc, Usuario: , TipoDoc: 2
[13-Mar-2026 09:58:08 America/Lima] Resultados: Total=1585, Filtrados=13, Filas=10
[13-Mar-2026 09:58:10 America/Lima] Búsqueda: '', Start: 0, Length: 10, OrderCol: 0, OrderDir: desc
[13-Mar-2026 09:58:10 America/Lima] Modelo - Búsqueda: '', Start: 0, Length: 10, OrderCol: 0, OrderDir: desc, Usuario: , TipoDoc: 6
[13-Mar-2026 09:58:10 America/Lima] Resultados: Total=1585, Filtrados=595, Filas=10
[13-Mar-2026 09:58:13 America/Lima] Búsqueda: '', Start: 0, Length: 10, OrderCol: 0, OrderDir: desc
[13-Mar-2026 09:58:13 America/Lima] Modelo - Búsqueda: '', Start: 0, Length: 10, OrderCol: 0, OrderDir: desc, Usuario: , TipoDoc: 
[13-Mar-2026 09:58:13 America/Lima] Resultados: Total=1585, Filtrados=1585, Filas=10
[13-Mar-2026 10:05:40 America/Lima] Búsqueda: 'B001-797', Start: 0, Length: 10, OrderCol: 0, OrderDir: desc
[13-Mar-2026 10:05:40 America/Lima] Modelo - Búsqueda: 'B001-797', Start: 0, Length: 10, OrderCol: 0, OrderDir: desc, Usuario: , TipoDoc: 
[13-Mar-2026 10:05:40 America/Lima] Resultados: Total=1585, Filtrados=0, Filas=0
[13-Mar-2026 10:05:42 America/Lima] Búsqueda: 'B001- 797', Start: 0, Length: 10, OrderCol: 0, OrderDir: desc
[13-Mar-2026 10:05:42 America/Lima] Modelo - Búsqueda: 'B001- 797', Start: 0, Length: 10, OrderCol: 0, OrderDir: desc, Usuario: , TipoDoc: 
[13-Mar-2026 10:05:42 America/Lima] Resultados: Total=1585, Filtrados=0, Filas=0
[13-Mar-2026 10:05:43 America/Lima] Búsqueda: 'B001 - 797', Start: 0, Length: 10, OrderCol: 0, OrderDir: desc
[13-Mar-2026 10:05:43 America/Lima] Modelo - Búsqueda: 'B001 - 797', Start: 0, Length: 10, OrderCol: 0, OrderDir: desc, Usuario: , TipoDoc: 
[13-Mar-2026 10:05:43 America/Lima] Resultados: Total=1585, Filtrados=1, Filas=1
[13-Mar-2026 10:16:57 America/Lima] Búsqueda: 'B001 - 797', Start: 0, Length: 10, OrderCol: 3, OrderDir: asc
[13-Mar-2026 10:16:57 America/Lima] Modelo - Búsqueda: 'B001 - 797', Start: 0, Length: 10, OrderCol: 3, OrderDir: asc, Usuario: , TipoDoc: 
[13-Mar-2026 10:16:57 America/Lima] Resultados: Total=1585, Filtrados=1, Filas=1
[13-Mar-2026 17:03:06 America/Lima] DEBUG obtenerClientes - Total rows: 10 Inicio: 0, Limit: 10
[13-Mar-2026 17:03:06 America/Lima] DEBUG: Total clientes: 87, Clientes array count: 10, Inicio: 0, RegistrosPorPagina: 10
[13-Mar-2026 17:28:32 America/Lima] DEBUG obtenerClientes - Total rows: 1 Inicio: 0, Limit: 10
[13-Mar-2026 17:28:32 America/Lima] DEBUG: Total clientes: 1, Clientes array count: 1, Inicio: 0, RegistrosPorPagina: 10
[14-Mar-2026 09:36:12 America/Lima] Fila encontrada: {"id_pago":"88","monto":"100.00","fecha_emision":"2026-02-28 08:35:04","ruta":"","id_asesor":"132","nombre_persona":"WILDER AGUILAR CUTIPA","nro_identidad":"43519174","num_unidad":null,"nombre_asesor":"JEFERSON MONTES (LIBRE) ","tipo_persona":"cliente","tipo_pago":"contado","estado_contrato":null}
[14-Mar-2026 09:36:12 America/Lima] Fila encontrada: {"id_pago":"87","monto":"100.00","fecha_emision":"2026-02-26 13:16:51","ruta":"","id_asesor":"105","nombre_persona":"JAVIER MAMANI CARBAJAL","nro_identidad":"44861372","num_unidad":null,"nombre_asesor":"Sebastian ","tipo_persona":"cliente","tipo_pago":"contado","estado_contrato":null}
[14-Mar-2026 09:36:12 America/Lima] Fila encontrada: {"id_pago":"86","monto":"100.00","fecha_emision":"2026-02-25 20:47:18","ruta":"","id_asesor":"110","nombre_persona":"FRANKSWA RONALD BELTRAN CORNEJO","nro_identidad":"44036137","num_unidad":null,"nombre_asesor":"ArequipaGo ","tipo_persona":"cliente","tipo_pago":"contado","estado_contrato":null}
[14-Mar-2026 09:36:12 America/Lima] Fila encontrada: {"id_pago":"85","monto":"100.00","fecha_emision":"2026-02-25 12:54:57","ruta":"","id_asesor":"110","nombre_persona":"JOHAN ALEXANDER MEDINA BEGAZO","nro_identidad":"42711886","num_unidad":null,"nombre_asesor":"ArequipaGo ","tipo_persona":"cliente","tipo_pago":"contado","estado_contrato":null}
[14-Mar-2026 09:36:12 America/Lima] Fila encontrada: {"id_pago":"84","monto":"100.00","fecha_emision":"2026-02-24 17:22:33","ruta":"","id_asesor":"82","nombre_persona":"RONAL MARCOS QUISPE ARIZACA","nro_identidad":"75076206","num_unidad":null,"nombre_asesor":"Leslie Machaca","tipo_persona":"cliente","tipo_pago":"contado","estado_contrato":null}
[14-Mar-2026 09:36:12 America/Lima] Fila encontrada: {"id_pago":"83","monto":"100.00","fecha_emision":"2026-02-24 17:22:28","ruta":"","id_asesor":"111","nombre_persona":"YONNY MANUEL CASTILLA RAFFO","nro_identidad":"006235471","num_unidad":null,"nombre_asesor":"YONNY ","tipo_persona":"cliente","tipo_pago":"contado","estado_contrato":null}
[14-Mar-2026 09:36:12 America/Lima] Fila encontrada: {"id_pago":"82","monto":"100.00","fecha_emision":"2026-02-23 19:40:53","ruta":"","id_asesor":"131","nombre_persona":"MICHAEL BACA QUISPE","nro_identidad":"71329429","num_unidad":null,"nombre_asesor":"Pierina ","tipo_persona":"cliente","tipo_pago":"contado","estado_contrato":null}
[14-Mar-2026 09:36:12 America/Lima] Fila encontrada: {"id_pago":"81","monto":"100.00","fecha_emision":"2026-02-23 14:58:54","ruta":"","id_asesor":"131","nombre_persona":"JORGE LUIS IDME SUASACA","nro_identidad":"73961195","num_unidad":null,"nombre_asesor":"Pierina ","tipo_persona":"cliente","tipo_pago":"contado","estado_contrato":null}
[14-Mar-2026 09:36:12 America/Lima] Fila encontrada: {"id_pago":"80","monto":"100.00","fecha_emision":"2026-02-23 14:23:13","ruta":"","id_asesor":"106","nombre_persona":"GERMAN PAUL SAAVEDRA VARGAS","nro_identidad":"44171020","num_unidad":null,"nombre_asesor":"Maria Fernanda ofic 2 ","tipo_persona":"cliente","tipo_pago":"contado","estado_contrato":null}
[14-Mar-2026 09:36:12 America/Lima] Fila encontrada: {"id_pago":"315","monto":"150.00","fecha_emision":"2026-02-21 13:54:04","ruta":"files\/notasPagoInscripcion\/nota_venta_467.pdf","id_asesor":"111","nombre_persona":"CRISTOPHER ALFONSO ALIAGA CONDORI","nro_identidad":"71926856","num_unidad":"23","nombre_asesor":"YONNY ","tipo_persona":"conductor","tipo_pago":"contado","estado_contrato":null}
[14-Mar-2026 09:36:12 America/Lima] Fila encontrada: {"id_pago":"79","monto":"100.00","fecha_emision":"2026-02-20 18:34:44","ruta":"","id_asesor":"106","nombre_persona":"FERNANDO MATEO ARAOZ VELA","nro_identidad":"76974199","num_unidad":null,"nombre_asesor":"Maria Fernanda ofic 2 ","tipo_persona":"cliente","tipo_pago":"contado","estado_contrato":null}
[14-Mar-2026 09:36:12 America/Lima] Fila encontrada: {"id_pago":"78","monto":"100.00","fecha_emision":"2026-02-20 11:01:28","ruta":"","id_asesor":"82","nombre_persona":"RONAL CESAR MAMANI CALLASACA","nro_identidad":"48187669","num_unidad":null,"nombre_asesor":"Leslie Machaca","tipo_persona":"cliente","tipo_pago":"contado","estado_contrato":null}
[14-Mar-2026 09:36:12 America/Lima] Fila encontrada: {"id_pago":"77","monto":"100.00","fecha_emision":"2026-02-20 11:01:25","ruta":"","id_asesor":"82","nombre_persona":"CLEOFE LLASA CCACYAVILCA","nro_identidad":"62045231","num_unidad":null,"nombre_asesor":"Leslie Machaca","tipo_persona":"cliente","tipo_pago":"contado","estado_contrato":null}
[14-Mar-2026 09:36:12 America/Lima] Fila encontrada: {"id_pago":"76","monto":"100.00","fecha_emision":"2026-02-19 17:55:25","ruta":"","id_asesor":"131","nombre_persona":"FOLKERT EDWIN FLORES CARDENAS","nro_identidad":"76060206","num_unidad":null,"nombre_asesor":"Pierina ","tipo_persona":"cliente","tipo_pago":"contado","estado_contrato":null}
[14-Mar-2026 09:36:12 America/Lima] Fila encontrada: {"id_pago":"75","monto":"100.00","fecha_emision":"2026-02-19 11:30:18","ruta":"","id_asesor":"106","nombre_persona":"PABLO FRANCISCO ESPINOZA ANCHAYHUA","nro_identidad":"48002115","num_unidad":null,"nombre_asesor":"Maria Fernanda ofic 2 ","tipo_persona":"cliente","tipo_pago":"contado","estado_contrato":null}
[14-Mar-2026 09:36:12 America/Lima] Fila encontrada: {"id_pago":"74","monto":"100.00","fecha_emision":"2026-02-19 10:33:28","ruta":"","id_asesor":"82","nombre_persona":"Erika Gabriela  Ruiz Botines","nro_identidad":"004729205","num_unidad":null,"nombre_asesor":"Leslie Machaca","tipo_persona":"cliente","tipo_pago":"contado","estado_contrato":null}
[14-Mar-2026 09:36:12 America/Lima] Fila encontrada: {"id_pago":"314","monto":"150.00","fecha_emision":"2026-02-18 15:36:07","ruta":"files\/notasPagoInscripcion\/nota_venta_466.pdf","id_asesor":"130","nombre_persona":"CLAUDIO ANTONIO LOPEZ VILLALVA","nro_identidad":"76908417","num_unidad":"1","nombre_asesor":"Ra\u00fal ","tipo_persona":"conductor","tipo_pago":"contado","estado_contrato":null}
[14-Mar-2026 09:36:12 America/Lima] Fila encontrada: {"id_pago":"313","monto":"150.00","fecha_emision":"2026-02-17 20:14:05","ruta":"files\/notasPagoInscripcion\/nota_venta_465.pdf","id_asesor":"126","nombre_persona":"LUIS ALFREDO MACHUCA PUELLES","nro_identidad":"74834176","num_unidad":"10","nombre_asesor":"Monica  ","tipo_persona":"conductor","tipo_pago":"contado","estado_contrato":null}
[14-Mar-2026 09:36:12 America/Lima] Fila encontrada: {"id_pago":"73","monto":"100.00","fecha_emision":"2026-02-17 18:35:08","ruta":"","id_asesor":"99","nombre_persona":"PERCY DANIEL SOTO MINAYA","nro_identidad":"74564587","num_unidad":null,"nombre_asesor":"Nixo S\u00e1nchez ","tipo_persona":"cliente","tipo_pago":"contado","estado_contrato":null}
[14-Mar-2026 09:36:12 America/Lima] Fila encontrada: {"id_pago":"72","monto":"100.00","fecha_emision":"2026-02-13 17:16:44","ruta":"","id_asesor":"121","nombre_persona":"david jonatan sihuin sullani","nro_identidad":"76078595","num_unidad":null,"nombre_asesor":"ALEJANDRO VALDIVIA ","tipo_persona":"cliente","tipo_pago":"contado","estado_contrato":null}
[14-Mar-2026 09:36:12 America/Lima] Fila encontrada: {"id_pago":"71","monto":"100.00","fecha_emision":"2026-02-12 15:48:07","ruta":"","id_asesor":"131","nombre_persona":"Josely Maribith  Rojas Villegas","nro_identidad":"006797957","num_unidad":null,"nombre_asesor":"Pierina ","tipo_persona":"cliente","tipo_pago":"contado","estado_contrato":null}
[14-Mar-2026 09:36:12 America/Lima] Fila encontrada: {"id_pago":"70","monto":"100.00","fecha_emision":"2026-02-12 09:17:30","ruta":"","id_asesor":"106","nombre_persona":"GERARDO JOSE  SAAVEDRA GUEDEZ","nro_identidad":"006439695","num_unidad":null,"nombre_asesor":"Maria Fernanda ofic 2 ","tipo_persona":"cliente","tipo_pago":"contado","estado_contrato":null}
[14-Mar-2026 09:36:12 America/Lima] Fila encontrada: {"id_pago":"311","monto":"150.00","fecha_emision":"2026-02-11 00:00:00","ruta":"files\/notasPagoInscripcion\/nota_venta_contado_463.pdf","id_asesor":"110","nombre_persona":"MAURIZIO DAVID LLANOS BEGAZO","nro_identidad":"73124109","num_unidad":"22","nombre_asesor":"ArequipaGo ","tipo_persona":"conductor","tipo_pago":"cuotas","estado_contrato":null}
[14-Mar-2026 09:36:12 America/Lima] Fila encontrada: {"id_pago":"309","monto":"100.00","fecha_emision":"2026-02-10 21:07:43","ruta":"files\/notasPagoInscripcion\/nota_venta_462.pdf","id_asesor":"110","nombre_persona":"CARLOS MIGUEL GARRIDO GAVIDIA","nro_identidad":"43810615","num_unidad":"8","nombre_asesor":"ArequipaGo ","tipo_persona":"conductor","tipo_pago":"contado","estado_contrato":null}
[14-Mar-2026 09:36:12 America/Lima] Fila encontrada: {"id_pago":"68","monto":"100.00","fecha_emision":"2026-02-10 18:39:59","ruta":"","id_asesor":"92","nombre_persona":"JEAN PAUL CHOQUEHUANCA APAZA","nro_identidad":"76007025","num_unidad":null,"nombre_asesor":"jeferson chopita ","tipo_persona":"cliente","tipo_pago":"contado","estado_contrato":null}
[14-Mar-2026 09:36:12 America/Lima] Fila encontrada: {"id_pago":"67","monto":"100.00","fecha_emision":"2026-02-10 14:44:45","ruta":"","id_asesor":"79","nombre_persona":"MARIBEL IVONNE TURPO TURPO","nro_identidad":"61039529","num_unidad":null,"nombre_asesor":"Lorena Diaz","tipo_persona":"cliente","tipo_pago":"contado","estado_contrato":null}
[14-Mar-2026 09:36:12 America/Lima] Fila encontrada: {"id_pago":"66","monto":"100.00","fecha_emision":"2026-02-10 14:09:32","ruta":"","id_asesor":"102","nombre_persona":"MARCO ANTONIO PACCO HUAMANSULCA","nro_identidad":"78635852","num_unidad":null,"nombre_asesor":"Ankarii ","tipo_persona":"cliente","tipo_pago":"contado","estado_contrato":null}
[14-Mar-2026 09:36:12 America/Lima] Fila encontrada: {"id_pago":"308","monto":"110.00","fecha_emision":"2026-02-10 12:32:39","ruta":"files\/notasPagoInscripcion\/nota_venta_315.pdf","id_asesor":"110","nombre_persona":"JUAN CARLOS CONDORIMAY QUISPE","nro_identidad":"43095128","num_unidad":"338","nombre_asesor":"ArequipaGo ","tipo_persona":"conductor","tipo_pago":"cuotas","estado_contrato":null}
[14-Mar-2026 09:36:12 America/Lima] Fila encontrada: {"id_pago":"307","monto":"50.00","fecha_emision":"2026-02-10 12:31:50","ruta":"files\/notasPagoInscripcion\/nota_venta_314.pdf","id_asesor":"110","nombre_persona":"JUAN CARLOS CONDORIMAY QUISPE","nro_identidad":"43095128","num_unidad":"338","nombre_asesor":"ArequipaGo ","tipo_persona":"conductor","tipo_pago":"cuotas","estado_contrato":null}
[14-Mar-2026 09:36:12 America/Lima] Fila encontrada: {"id_pago":"65","monto":"100.00","fecha_emision":"2026-02-07 11:24:21","ruta":"","id_asesor":"92","nombre_persona":"LUIS ALBERTO GUTIERREZ CRUZ","nro_identidad":"42903005","num_unidad":null,"nombre_asesor":"jeferson chopita ","tipo_persona":"cliente","tipo_pago":"contado","estado_contrato":null}
[14-Mar-2026 09:36:12 America/Lima] Fila encontrada: {"id_pago":"64","monto":"100.00","fecha_emision":"2026-02-04 16:57:06","ruta":"","id_asesor":"92","nombre_persona":"DIEGO HAIR AYALA PARI","nro_identidad":"74526463","num_unidad":null,"nombre_asesor":"jeferson chopita ","tipo_persona":"cliente","tipo_pago":"contado","estado_contrato":null}
[14-Mar-2026 09:36:12 America/Lima] Fila encontrada: {"id_pago":"63","monto":"100.00","fecha_emision":"2026-02-03 21:00:34","ruta":"","id_asesor":"106","nombre_persona":"RONALD CIRO QUISPE YANA","nro_identidad":"70288452","num_unidad":null,"nombre_asesor":"Maria Fernanda ofic 2 ","tipo_persona":"cliente","tipo_pago":"contado","estado_contrato":null}
[14-Mar-2026 09:36:12 America/Lima] Fila encontrada: {"id_pago":"62","monto":"100.00","fecha_emision":"2026-02-01 15:39:40","ruta":"","id_asesor":"105","nombre_persona":"SANTIAGO JOSE FLORES CRUCES","nro_identidad":"75217252","num_unidad":null,"nombre_asesor":"Sebastian ","tipo_persona":"cliente","tipo_pago":"contado","estado_contrato":null}
[14-Mar-2026 09:36:12 America/Lima] Fila encontrada: {"id_pago":"61","monto":"100.00","fecha_emision":"2026-02-01 15:39:29","ruta":"","id_asesor":"99","nombre_persona":"JOSUE ZEGARRA VELASCO","nro_identidad":"47792873","num_unidad":null,"nombre_asesor":"Nixo S\u00e1nchez ","tipo_persona":"cliente","tipo_pago":"contado","estado_contrato":null}
[14-Mar-2026 09:36:12 America/Lima] Fila encontrada: {"id_pago":"60","monto":"100.00","fecha_emision":"2026-01-29 14:25:22","ruta":"","id_asesor":"82","nombre_persona":"ROLY RODRIGO CUTIRE HUILLCA","nro_identidad":"75658299","num_unidad":null,"nombre_asesor":"Leslie Machaca","tipo_persona":"cliente","tipo_pago":"contado","estado_contrato":null}
[14-Mar-2026 09:36:12 America/Lima] Fila encontrada: {"id_pago":"59","monto":"100.00","fecha_emision":"2026-01-27 22:27:21","ruta":"","id_asesor":"103","nombre_persona":"Jonathan Vidal  Ria\u00f1o Ereu","nro_identidad":"006254200","num_unidad":null,"nombre_asesor":"Kristopher Salgado ","tipo_persona":"cliente","tipo_pago":"contado","estado_contrato":null}
[14-Mar-2026 09:36:12 America/Lima] Fila encontrada: {"id_pago":"305","monto":"150.00","fecha_emision":"2026-01-26 18:47:29","ruta":"files\/notasPagoInscripcion\/nota_venta_461.pdf","id_asesor":"110","nombre_persona":"Jose Rafael  Hernandez Mora","nro_identidad":"006254987","num_unidad":"21","nombre_asesor":"ArequipaGo ","tipo_persona":"conductor","tipo_pago":"contado","estado_contrato":null}
[14-Mar-2026 09:36:12 America/Lima] Fila encontrada: {"id_pago":"58","monto":"100.00","fecha_emision":"2026-01-26 14:14:40","ruta":"","id_asesor":"121","nombre_persona":"JOEL NELSON MAMANI SUMARINI","nro_identidad":"42975533","num_unidad":null,"nombre_asesor":"ALEJANDRO VALDIVIA ","tipo_persona":"cliente","tipo_pago":"contado","estado_contrato":null}
[14-Mar-2026 09:36:12 America/Lima] Fila encontrada: {"id_pago":"57","monto":"100.00","fecha_emision":"2026-01-24 13:16:02","ruta":"","id_asesor":"85","nombre_persona":"CESAR AUGUSTO HUACOTO RIVERA","nro_identidad":"61755450","num_unidad":null,"nombre_asesor":"yessenia avalos ","tipo_persona":"cliente","tipo_pago":"contado","estado_contrato":null}
[14-Mar-2026 09:36:12 America/Lima] Fila encontrada: {"id_pago":"56","monto":"100.00","fecha_emision":"2026-01-23 13:56:04","ruta":"","id_asesor":"105","nombre_persona":"Andres Wilfredo Callata Yucra","nro_identidad":"29711810","num_unidad":null,"nombre_asesor":"Sebastian ","tipo_persona":"cliente","tipo_pago":"contado","estado_contrato":null}
[14-Mar-2026 09:36:12 America/Lima] Fila encontrada: {"id_pago":"55","monto":"100.00","fecha_emision":"2026-01-23 11:35:03","ruta":"","id_asesor":"105","nombre_persona":"NIVER RAUL VILLA ESPINAL","nro_identidad":"44630601","num_unidad":null,"nombre_asesor":"Sebastian ","tipo_persona":"cliente","tipo_pago":"contado","estado_contrato":null}
[14-Mar-2026 09:36:12 America/Lima] Fila encontrada: {"id_pago":"54","monto":"100.00","fecha_emision":"2026-01-23 11:35:00","ruta":"","id_asesor":"82","nombre_persona":"ALBERTO MARTIN FUENTES CASTILLO","nro_identidad":"47364528","num_unidad":null,"nombre_asesor":"Leslie Machaca","tipo_persona":"cliente","tipo_pago":"contado","estado_contrato":null}
[14-Mar-2026 09:36:12 America/Lima] Fila encontrada: {"id_pago":"53","monto":"100.00","fecha_emision":"2026-01-23 10:52:33","ruta":"","id_asesor":"99","nombre_persona":"STHEFANY CASTILLA SARAVIA","nro_identidad":"72889281","num_unidad":null,"nombre_asesor":"Nixo S\u00e1nchez ","tipo_persona":"cliente","tipo_pago":"contado","estado_contrato":null}
[14-Mar-2026 09:36:12 America/Lima] Fila encontrada: {"id_pago":"52","monto":"100.00","fecha_emision":"2026-01-16 11:53:35","ruta":"","id_asesor":"111","nombre_persona":"JHON THOP LAURA HUARCAYA","nro_identidad":"70379876","num_unidad":null,"nombre_asesor":"YONNY ","tipo_persona":"cliente","tipo_pago":"contado","estado_contrato":null}
[14-Mar-2026 09:36:12 America/Lima] Fila encontrada: {"id_pago":"304","monto":"150.00","fecha_emision":"2026-01-16 11:29:05","ruta":"files\/notasPagoInscripcion\/nota_venta_460.pdf","id_asesor":"110","nombre_persona":"Nathan Antonio Valencia Antonio","nro_identidad":"02883163","num_unidad":"20","nombre_asesor":"ArequipaGo ","tipo_persona":"conductor","tipo_pago":"contado","estado_contrato":null}
[14-Mar-2026 09:36:12 America/Lima] Fila encontrada: {"id_pago":"303","monto":"150.00","fecha_emision":"2026-01-12 14:38:46","ruta":"files\/notasPagoInscripcion\/nota_venta_459.pdf","id_asesor":"110","nombre_persona":"JOSE ERNESTO  CHIVICO TONITO","nro_identidad":"006795416","num_unidad":"19","nombre_asesor":"ArequipaGo ","tipo_persona":"conductor","tipo_pago":"contado","estado_contrato":null}
[14-Mar-2026 09:36:12 America/Lima] Fila encontrada: {"id_pago":"302","monto":"150.00","fecha_emision":"2026-01-12 13:51:58","ruta":"files\/notasPagoInscripcion\/nota_venta_458.pdf","id_asesor":"110","nombre_persona":"EDWARD ALEJANDRO GONZALEZ -","nro_identidad":"007537933","num_unidad":"18","nombre_asesor":"ArequipaGo ","tipo_persona":"conductor","tipo_pago":"contado","estado_contrato":null}
[14-Mar-2026 09:36:12 America/Lima] Fila encontrada: {"id_pago":"51","monto":"100.00","fecha_emision":"2026-01-09 10:39:08","ruta":"","id_asesor":"110","nombre_persona":"ANTONY STEVE CARLOS MAMANI","nro_identidad":"70580837","num_unidad":null,"nombre_asesor":"ArequipaGo ","tipo_persona":"cliente","tipo_pago":"contado","estado_contrato":null}
[14-Mar-2026 09:36:12 America/Lima] Fila encontrada: {"id_pago":"301","monto":"100.00","fecha_emision":"2026-01-07 18:24:54","ruta":"files\/notasPagoInscripcion\/nota_venta_457.pdf","id_asesor":"110","nombre_persona":"YONATHAN LEOPOLDO ARIAS PAZOS","nro_identidad":"41094118","num_unidad":"7","nombre_asesor":"ArequipaGo ","tipo_persona":"conductor","tipo_pago":"contado","estado_contrato":null}
[14-Mar-2026 09:36:12 America/Lima] Fila encontrada: {"id_pago":"300","monto":"100.00","fecha_emision":"2026-01-07 18:24:06","ruta":"files\/notasPagoInscripcion\/nota_venta_456.pdf","id_asesor":"110","nombre_persona":"DAVID MARIO PAJARES PAREDES","nro_identidad":"07765709","num_unidad":"6","nombre_asesor":"ArequipaGo ","tipo_persona":"conductor","tipo_pago":"contado","estado_contrato":null}
[14-Mar-2026 09:36:12 America/Lima] Fila encontrada: {"id_pago":"299","monto":"100.00","fecha_emision":"2026-01-07 17:51:39","ruta":"files\/notasPagoInscripcion\/nota_venta_455.pdf","id_asesor":"110","nombre_persona":"LISSET CARMEN PAJARES PAREDES","nro_identidad":"40053182","num_unidad":"5","nombre_asesor":"ArequipaGo ","tipo_persona":"conductor","tipo_pago":"contado","estado_contrato":null}
[14-Mar-2026 09:36:12 America/Lima] Fila encontrada: {"id_pago":"50","monto":"100.00","fecha_emision":"2026-01-07 12:09:13","ruta":"","id_asesor":"82","nombre_persona":"JUAN COPARA PADILLA","nro_identidad":"44409558","num_unidad":null,"nombre_asesor":"Leslie Machaca","tipo_persona":"cliente","tipo_pago":"contado","estado_contrato":null}
[14-Mar-2026 09:36:12 America/Lima] Fila encontrada: {"id_pago":"49","monto":"100.00","fecha_emision":"2026-01-07 12:09:09","ruta":"","id_asesor":"99","nombre_persona":"HERMENEGILDO RICARDO ARESTEGUI MOTTA","nro_identidad":"74118552","num_unidad":null,"nombre_asesor":"Nixo S\u00e1nchez ","tipo_persona":"cliente","tipo_pago":"contado","estado_contrato":null}
[14-Mar-2026 09:36:12 America/Lima] Fila encontrada: {"id_pago":"48","monto":"100.00","fecha_emision":"2026-01-06 08:34:36","ruta":"","id_asesor":"105","nombre_persona":"JUAN WILFREDO TOHALINO FLORES","nro_identidad":"45728315","num_unidad":null,"nombre_asesor":"Sebastian ","tipo_persona":"cliente","tipo_pago":"contado","estado_contrato":null}
[14-Mar-2026 09:36:12 America/Lima] Fila encontrada: {"id_pago":"298","monto":"150.00","fecha_emision":"2025-12-31 15:09:34","ruta":"files\/notasPagoInscripcion\/nota_venta_454.pdf","id_asesor":"110","nombre_persona":"SERGIO ANDRES SANCHEZ ALCOS","nro_identidad":"72693765","num_unidad":"17","nombre_asesor":"ArequipaGo ","tipo_persona":"conductor","tipo_pago":"contado","estado_contrato":null}
[14-Mar-2026 09:36:12 America/Lima] Fila encontrada: {"id_pago":"47","monto":"100.00","fecha_emision":"2025-12-31 14:12:43","ruta":"","id_asesor":"105","nombre_persona":"RUBEN WILDRAN MAMANI MAMANI","nro_identidad":"73342808","num_unidad":null,"nombre_asesor":"Sebastian ","tipo_persona":"cliente","tipo_pago":"contado","estado_contrato":null}
[14-Mar-2026 09:36:12 America/Lima] Fila encontrada: {"id_pago":"46","monto":"100.00","fecha_emision":"2025-12-31 14:11:58","ruta":"","id_asesor":"82","nombre_persona":"VICTOR RAUL LLACMA VARGAS","nro_identidad":"46023550","num_unidad":null,"nombre_asesor":"Leslie Machaca","tipo_persona":"cliente","tipo_pago":"contado","estado_contrato":null}
[14-Mar-2026 09:36:12 America/Lima] Fila encontrada: {"id_pago":"45","monto":"100.00","fecha_emision":"2025-12-31 14:11:34","ruta":"","id_asesor":"105","nombre_persona":"CELSO RICHARD VILCAHUAMAN CHURATA","nro_identidad":"41339192","num_unidad":null,"nombre_asesor":"Sebastian ","tipo_persona":"cliente","tipo_pago":"contado","estado_contrato":null}
[14-Mar-2026 09:36:12 America/Lima] Fila encontrada: {"id_pago":"44","monto":"100.00","fecha_emision":"2025-12-31 14:10:39","ruta":"","id_asesor":"82","nombre_persona":"WILBER FELICIANO MEJIA MAMANI","nro_identidad":"46184944","num_unidad":null,"nombre_asesor":"Leslie Machaca","tipo_persona":"cliente","tipo_pago":"contado","estado_contrato":null}
[14-Mar-2026 09:36:12 America/Lima] Fila encontrada: {"id_pago":"43","monto":"100.00","fecha_emision":"2025-12-30 17:28:18","ruta":"","id_asesor":"105","nombre_persona":"EDUARDO DERLY CALDERON SARMIENTO","nro_identidad":"46678652","num_unidad":null,"nombre_asesor":"Sebastian ","tipo_persona":"cliente","tipo_pago":"contado","estado_contrato":null}
[14-Mar-2026 09:36:12 America/Lima] Fila encontrada: {"id_pago":"42","monto":"100.00","fecha_emision":"2025-12-18 09:26:32","ruta":"","id_asesor":"125","nombre_persona":"AIDAN ANDRE TORREBLANCA CARRASCO","nro_identidad":"72247775","num_unidad":null,"nombre_asesor":"Leones Go ","tipo_persona":"cliente","tipo_pago":"contado","estado_contrato":null}
[14-Mar-2026 09:36:12 America/Lima] Fila encontrada: {"id_pago":"41","monto":"100.00","fecha_emision":"2025-12-04 12:26:09","ruta":"","id_asesor":"78","nombre_persona":"JOSE MARIA SAMOS QUIROZ","nro_identidad":"72040390","num_unidad":null,"nombre_asesor":"GianJesus Ramos","tipo_persona":"cliente","tipo_pago":"contado","estado_contrato":null}
[14-Mar-2026 09:36:12 America/Lima] Fila encontrada: {"id_pago":"40","monto":"100.00","fecha_emision":"2025-12-04 12:19:05","ruta":"","id_asesor":"78","nombre_persona":"JEFERSON ANTONIO  MONTES RIVERA","nro_identidad":"46934410","num_unidad":null,"nombre_asesor":"GianJesus Ramos","tipo_persona":"cliente","tipo_pago":"contado","estado_contrato":null}
[14-Mar-2026 09:36:12 America/Lima] Fila encontrada: {"id_pago":"297","monto":"150.00","fecha_emision":"2025-12-03 12:32:14","ruta":"files\/notasPagoInscripcion\/nota_venta_305.pdf","id_asesor":"78","nombre_persona":"GABRIEL ANTONIO MONTA\u00d1O RUIZ","nro_identidad":"006512363","num_unidad":"270","nombre_asesor":"GianJesus Ramos","tipo_persona":"conductor","tipo_pago":"cuotas","estado_contrato":null}
[14-Mar-2026 09:36:12 America/Lima] Fila encontrada: {"id_pago":"39","monto":"100.00","fecha_emision":"2025-11-26 13:51:47","ruta":"","id_asesor":"110","nombre_persona":"NATALY MERCEDES CANAZA BELIZARIO","nro_identidad":"45589803","num_unidad":null,"nombre_asesor":"ArequipaGo ","tipo_persona":"cliente","tipo_pago":"contado","estado_contrato":null}
[14-Mar-2026 09:36:12 America/Lima] Fila encontrada: {"id_pago":"38","monto":"100.00","fecha_emision":"2025-11-26 13:51:30","ruta":"","id_asesor":"110","nombre_persona":"DIANA LORENA SANCHEZ DIAZ","nro_identidad":"72693626","num_unidad":null,"nombre_asesor":"ArequipaGo ","tipo_persona":"cliente","tipo_pago":"contado","estado_contrato":null}
[14-Mar-2026 09:36:12 America/Lima] Fila encontrada: {"id_pago":"37","monto":"100.00","fecha_emision":"2025-11-26 13:51:04","ruta":"","id_asesor":"110","nombre_persona":"GIANCARLOS JESUS RAMOS LEZAMA","nro_identidad":"47606585","num_unidad":null,"nombre_asesor":"ArequipaGo ","tipo_persona":"cliente","tipo_pago":"contado","estado_contrato":null}
[14-Mar-2026 09:36:12 America/Lima] Fila encontrada: {"id_pago":"296","monto":"150.00","fecha_emision":"2025-11-18 22:02:50","ruta":"files\/notasPagoInscripcion\/nota_venta_453.pdf","id_asesor":"110","nombre_persona":"Jose Rodrigo Velazco Zu\u00f1iga","nro_identidad":"76610693","num_unidad":"16","nombre_asesor":"ArequipaGo ","tipo_persona":"conductor","tipo_pago":"contado","estado_contrato":null}
[14-Mar-2026 09:36:12 America/Lima] Fila encontrada: {"id_pago":"35","monto":"100.00","fecha_emision":"2025-11-18 15:47:28","ruta":"","id_asesor":"103","nombre_persona":"Jesus Rodrigo  Ria\u00f1o Ereu","nro_identidad":"005411300","num_unidad":null,"nombre_asesor":"Kristopher Salgado ","tipo_persona":"cliente","tipo_pago":"contado","estado_contrato":null}
[14-Mar-2026 09:36:12 America/Lima] Fila encontrada: {"id_pago":"33","monto":"100.00","fecha_emision":"2025-11-11 10:55:01","ruta":"","id_asesor":"79","nombre_persona":"MOISES FAUSTO ZAPANA CHARRES","nro_identidad":"29443124","num_unidad":null,"nombre_asesor":"Lorena Diaz","tipo_persona":"cliente","tipo_pago":"contado","estado_contrato":null}
[14-Mar-2026 09:36:12 America/Lima] Fila encontrada: {"id_pago":"32","monto":"100.00","fecha_emision":"2025-11-10 14:56:24","ruta":"","id_asesor":"106","nombre_persona":"ALAN WILFREDO LANZA SUCNO","nro_identidad":"43208793","num_unidad":null,"nombre_asesor":"Maria Fernanda ofic 2 ","tipo_persona":"cliente","tipo_pago":"contado","estado_contrato":null}
[14-Mar-2026 09:36:12 America/Lima] Fila encontrada: {"id_pago":"295","monto":"100.00","fecha_emision":"2025-11-10 10:34:49","ruta":"files\/notasPagoInscripcion\/nota_venta_452.pdf","id_asesor":"110","nombre_persona":"JUAN CARLOS CONDORIMAY QUISPE","nro_identidad":"43095128","num_unidad":"338","nombre_asesor":"ArequipaGo ","tipo_persona":"conductor","tipo_pago":"cuotas","estado_contrato":null}
[14-Mar-2026 09:36:12 America/Lima] Fila encontrada: {"id_pago":"294","monto":"150.00","fecha_emision":"2025-11-08 14:43:20","ruta":"files\/notasPagoInscripcion\/nota_venta_448.pdf","id_asesor":"79","nombre_persona":"GEANFRANCO LEONARDO MORA TICONA","nro_identidad":"76293171","num_unidad":"15","nombre_asesor":"Lorena Diaz","tipo_persona":"conductor","tipo_pago":"contado","estado_contrato":null}
[14-Mar-2026 09:36:12 America/Lima] Fila encontrada: {"id_pago":"31","monto":"100.00","fecha_emision":"2025-11-08 10:45:39","ruta":"","id_asesor":"123","nombre_persona":"jose carlos arestegui mollepaza","nro_identidad":"47490530","num_unidad":null,"nombre_asesor":"DANIA COPARA ","tipo_persona":"cliente","tipo_pago":"contado","estado_contrato":null}
[14-Mar-2026 09:36:12 America/Lima] Fila encontrada: {"id_pago":"30","monto":"100.00","fecha_emision":"2025-11-06 16:16:57","ruta":"","id_asesor":"106","nombre_persona":"VICTOR FERNANDO TACO PACHECO","nro_identidad":"46860785","num_unidad":null,"nombre_asesor":"Maria Fernanda ofic 2 ","tipo_persona":"cliente","tipo_pago":"contado","estado_contrato":null}
[14-Mar-2026 09:36:12 America/Lima] Fila encontrada: {"id_pago":"293","monto":"250.00","fecha_emision":"2025-11-06 15:55:26","ruta":"files\/notasPagoInscripcion\/nota_venta_447.pdf","id_asesor":"110","nombre_persona":"LEONIDAS BEJAR CALLA\u00d1AUPA","nro_identidad":"42904616","num_unidad":"305","nombre_asesor":"ArequipaGo ","tipo_persona":"conductor","tipo_pago":"contado","estado_contrato":null}
[14-Mar-2026 09:36:12 America/Lima] Fila encontrada: {"id_pago":"292","monto":"50.00","fecha_emision":"2025-11-06 13:18:05","ruta":"files\/notasPagoInscripcion\/nota_venta_300.pdf","id_asesor":"104","nombre_persona":"ANIUSKA KARINA RODRIGUEZ MARQUEZ","nro_identidad":"003720136","num_unidad":"4","nombre_asesor":"Joel Ojeda ","tipo_persona":"conductor","tipo_pago":"cuotas","estado_contrato":null}
[14-Mar-2026 09:36:12 America/Lima] Fila encontrada: {"id_pago":"29","monto":"100.00","fecha_emision":"2025-11-03 18:15:51","ruta":"","id_asesor":"105","nombre_persona":"GILBERTO ANTONIO - MONTA\u00d1O","nro_identidad":"006411421","num_unidad":null,"nombre_asesor":"Sebastian ","tipo_persona":"cliente","tipo_pago":"contado","estado_contrato":null}
[14-Mar-2026 09:36:12 America/Lima] Fila encontrada: {"id_pago":"291","monto":"50.00","fecha_emision":"2025-10-31 10:51:51","ruta":"files\/notasPagoInscripcion\/nota_venta_299.pdf","id_asesor":"104","nombre_persona":"ANIUSKA KARINA RODRIGUEZ MARQUEZ","nro_identidad":"003720136","num_unidad":"4","nombre_asesor":"Joel Ojeda ","tipo_persona":"conductor","tipo_pago":"cuotas","estado_contrato":null}
[14-Mar-2026 09:36:12 America/Lima] Fila encontrada: {"id_pago":"28","monto":"100.00","fecha_emision":"2025-10-31 09:40:15","ruta":"","id_asesor":"110","nombre_persona":"JOSE LUIS BETANCUR ACSARA","nro_identidad":"46206748","num_unidad":null,"nombre_asesor":"ArequipaGo ","tipo_persona":"cliente","tipo_pago":"contado","estado_contrato":null}
[14-Mar-2026 09:36:12 America/Lima] Fila encontrada: {"id_pago":"27","monto":"100.00","fecha_emision":"2025-10-31 09:39:09","ruta":"","id_asesor":"110","nombre_persona":"SANTIAGO CCAPA LAROTA","nro_identidad":"40676766","num_unidad":null,"nombre_asesor":"ArequipaGo ","tipo_persona":"cliente","tipo_pago":"contado","estado_contrato":null}
[14-Mar-2026 09:36:12 America/Lima] Fila encontrada: {"id_pago":"26","monto":"100.00","fecha_emision":"2025-10-31 09:37:22","ruta":"","id_asesor":"110","nombre_persona":"ELVIS DAVID CAYLLAHUA MAMANI","nro_identidad":"47971550","num_unidad":null,"nombre_asesor":"ArequipaGo ","tipo_persona":"cliente","tipo_pago":"contado","estado_contrato":null}
[14-Mar-2026 09:36:12 America/Lima] Fila encontrada: {"id_pago":"22","monto":"100.00","fecha_emision":"2025-10-30 12:11:17","ruta":"","id_asesor":"79","nombre_persona":"LUZ MARINA TURPO TURPO","nro_identidad":"47175951","num_unidad":null,"nombre_asesor":"Lorena Diaz","tipo_persona":"cliente","tipo_pago":"contado","estado_contrato":null}
[14-Mar-2026 09:36:12 America/Lima] Fila encontrada: {"id_pago":"21","monto":"100.00","fecha_emision":"2025-10-30 12:02:11","ruta":"","id_asesor":"79","nombre_persona":"MIJAEL LENNINS TURPO TURPO","nro_identidad":"75321040","num_unidad":null,"nombre_asesor":"Lorena Diaz","tipo_persona":"cliente","tipo_pago":"contado","estado_contrato":null}
[14-Mar-2026 09:36:12 America/Lima] Fila encontrada: {"id_pago":"290","monto":"50.00","fecha_emision":"2025-10-16 17:18:28","ruta":"files\/notasPagoInscripcion\/nota_venta_446.pdf","id_asesor":"110","nombre_persona":"ANIUSKA KARINA RODRIGUEZ MARQUEZ","nro_identidad":"003720136","num_unidad":"4","nombre_asesor":"ArequipaGo ","tipo_persona":"conductor","tipo_pago":"cuotas","estado_contrato":null}
[14-Mar-2026 09:36:12 America/Lima] Fila encontrada: {"id_pago":"18","monto":"100.00","fecha_emision":"2025-10-15 14:29:46","ruta":"","id_asesor":"78","nombre_persona":"Dania Heimy Copara Padilla","nro_identidad":"42796891","num_unidad":null,"nombre_asesor":"GianJesus Ramos","tipo_persona":"cliente","tipo_pago":"contado","estado_contrato":null}
[14-Mar-2026 09:36:12 America/Lima] Fila encontrada: {"id_pago":"288","monto":"100.00","fecha_emision":"2025-10-14 16:30:03","ruta":"files\/notasPagoInscripcion\/nota_venta_296.pdf","id_asesor":"122","nombre_persona":"carlos luis segarra guerrero","nro_identidad":"006821198","num_unidad":"3","nombre_asesor":"Marcelo Vega ","tipo_persona":"conductor","tipo_pago":"cuotas","estado_contrato":null}
[14-Mar-2026 09:36:12 America/Lima] Fila encontrada: {"id_pago":"287","monto":"50.00","fecha_emision":"2025-10-14 16:22:40","ruta":"files\/notasPagoInscripcion\/nota_venta_444.pdf","id_asesor":"110","nombre_persona":"carlos luis segarra guerrero","nro_identidad":"006821198","num_unidad":"3","nombre_asesor":"ArequipaGo ","tipo_persona":"conductor","tipo_pago":"cuotas","estado_contrato":null}
[14-Mar-2026 09:36:12 America/Lima] Fila encontrada: {"id_pago":"286","monto":"100.00","fecha_emision":"2025-10-14 16:15:56","ruta":"files\/notasPagoInscripcion\/nota_venta_443.pdf","id_asesor":"110","nombre_persona":"CESIBEL SALAS SANCHEZ","nro_identidad":"10266553","num_unidad":"2","nombre_asesor":"ArequipaGo ","tipo_persona":"conductor","tipo_pago":"contado","estado_contrato":null}
[14-Mar-2026 09:36:12 America/Lima] Fila encontrada: {"id_pago":"285","monto":"100.00","fecha_emision":"2025-10-14 13:00:26","ruta":"files\/notasPagoInscripcion\/nota_venta_442.pdf","id_asesor":"110","nombre_persona":"JOEL RICHARD OJEDA TUYA","nro_identidad":"09901322","num_unidad":"1","nombre_asesor":"ArequipaGo ","tipo_persona":"conductor","tipo_pago":"contado","estado_contrato":null}
[14-Mar-2026 09:36:12 America/Lima] Fila encontrada: {"id_pago":"284","monto":"250.00","fecha_emision":"2025-10-13 18:26:22","ruta":"files\/notasPagoInscripcion\/nota_venta_441.pdf","id_asesor":"100","nombre_persona":"JAVIER AMADOR CHIRINOS SARDI","nro_identidad":"29670558","num_unidad":"337","nombre_asesor":"melvin manrique ","tipo_persona":"conductor","tipo_pago":"contado","estado_contrato":null}
[14-Mar-2026 09:36:12 America/Lima] Fila encontrada: {"id_pago":"17","monto":"100.00","fecha_emision":"2025-10-10 11:17:02","ruta":"","id_asesor":"106","nombre_persona":"JAVIER EDUARDO TALAVERA MOTTA","nro_identidad":"40177337","num_unidad":null,"nombre_asesor":"Maria Fernanda ofic 2 ","tipo_persona":"cliente","tipo_pago":"contado","estado_contrato":null}
[14-Mar-2026 09:36:12 America/Lima] Fila encontrada: {"id_pago":"16","monto":"100.00","fecha_emision":"2025-10-10 10:10:53","ruta":"","id_asesor":"105","nombre_persona":"MARIA FERNANDA YUCRA LOPEZ","nro_identidad":"77143373","num_unidad":null,"nombre_asesor":"Sebastian ","tipo_persona":"cliente","tipo_pago":"contado","estado_contrato":null}
[14-Mar-2026 09:36:12 America/Lima] Fila encontrada: {"id_pago":"15","monto":"100.00","fecha_emision":"2025-10-10 10:00:17","ruta":"","id_asesor":"105","nombre_persona":"LESLIE ELIZABETH MACHACA FLORES","nro_identidad":"46584978","num_unidad":null,"nombre_asesor":"Sebastian ","tipo_persona":"cliente","tipo_pago":"contado","estado_contrato":null}
[14-Mar-2026 09:36:12 America/Lima] Fila encontrada: {"id_pago":"13","monto":"100.00","fecha_emision":"2025-10-07 17:28:35","ruta":"","id_asesor":"105","nombre_persona":"VICTOR MONASTERIO CCOSI","nro_identidad":"42728921","num_unidad":null,"nombre_asesor":"Sebastian ","tipo_persona":"cliente","tipo_pago":"contado","estado_contrato":null}
[14-Mar-2026 09:36:12 America/Lima] Fila encontrada: {"id_pago":"283","monto":"100.00","fecha_emision":"2025-10-07 09:47:11","ruta":"files\/notasPagoInscripcion\/nota_venta_291.pdf","id_asesor":"82","nombre_persona":"DARWIN FRANKS CHALCO MANSILLA","nro_identidad":"41249285","num_unidad":"333","nombre_asesor":"Leslie Machaca","tipo_persona":"conductor","tipo_pago":"cuotas","estado_contrato":null}
[14-Mar-2026 09:36:12 America/Lima] Fila encontrada: {"id_pago":"282","monto":"50.00","fecha_emision":"2025-10-06 09:37:10","ruta":"files\/notasPagoInscripcion\/nota_venta_290.pdf","id_asesor":"106","nombre_persona":"RONY BRANK SUBIA ALIAGA","nro_identidad":"72566838","num_unidad":"334","nombre_asesor":"Maria Fernanda ofic 2 ","tipo_persona":"conductor","tipo_pago":"cuotas","estado_contrato":null}
[14-Mar-2026 09:36:12 America/Lima] Fila encontrada: {"id_pago":"10","monto":"100.00","fecha_emision":"2025-10-02 16:08:43","ruta":"","id_asesor":"102","nombre_persona":"ANDRE VIVAR ORBEGOZO","nro_identidad":"43012900","num_unidad":null,"nombre_asesor":"Ankarii ","tipo_persona":"cliente","tipo_pago":"contado","estado_contrato":null}
[14-Mar-2026 09:36:12 America/Lima] Fila encontrada: {"id_pago":"281","monto":"250.00","fecha_emision":"2025-09-30 15:12:11","ruta":"files\/notasPagoInscripcion\/nota_venta_440.pdf","id_asesor":"97","nombre_persona":"JOE PAUL CHARCA MOLINA","nro_identidad":"29630796","num_unidad":"336","nombre_asesor":"AqpgoBox ","tipo_persona":"conductor","tipo_pago":"contado","estado_contrato":null}
[14-Mar-2026 09:36:12 America/Lima] Fila encontrada: {"id_pago":"280","monto":"250.00","fecha_emision":"2025-09-29 17:48:32","ruta":"files\/notasPagoInscripcion\/nota_venta_439.pdf","id_asesor":"97","nombre_persona":"SAMUEL ANDRESS CHARCA QUISPE","nro_identidad":"76609220","num_unidad":"335","nombre_asesor":"AqpgoBox ","tipo_persona":"conductor","tipo_pago":"contado","estado_contrato":null}
[14-Mar-2026 09:36:12 America/Lima] Fila encontrada: {"id_pago":"279","monto":"50.00","fecha_emision":"2025-09-29 14:09:51","ruta":"files\/notasPagoInscripcion\/nota_venta_287.pdf","id_asesor":"106","nombre_persona":"RONY BRANK SUBIA ALIAGA","nro_identidad":"72566838","num_unidad":"334","nombre_asesor":"Maria Fernanda ofic 2 ","tipo_persona":"conductor","tipo_pago":"cuotas","estado_contrato":null}
[14-Mar-2026 09:36:12 America/Lima] Fila encontrada: {"id_pago":"9","monto":"100.00","fecha_emision":"2025-09-26 14:28:25","ruta":"","id_asesor":"110","nombre_persona":"LUIS ALBERTO QUISPE MAMANI","nro_identidad":"45412922","num_unidad":null,"nombre_asesor":"ArequipaGo ","tipo_persona":"cliente","tipo_pago":"contado","estado_contrato":null}
[14-Mar-2026 09:36:12 America/Lima] Fila encontrada: {"id_pago":"8","monto":"100.00","fecha_emision":"2025-09-26 14:12:51","ruta":"","id_asesor":"110","nombre_persona":"WILBER ANGEIL RUIZ SALCEDO","nro_identidad":"40285714","num_unidad":null,"nombre_asesor":"ArequipaGo ","tipo_persona":"cliente","tipo_pago":"contado","estado_contrato":null}
[14-Mar-2026 09:36:12 America/Lima] Fila encontrada: {"id_pago":"277","monto":"50.00","fecha_emision":"2025-09-25 14:36:49","ruta":"files\/notasPagoInscripcion\/nota_venta_285.pdf","id_asesor":"82","nombre_persona":"RONY BRANK SUBIA ALIAGA","nro_identidad":"72566838","num_unidad":"334","nombre_asesor":"Leslie Machaca","tipo_persona":"conductor","tipo_pago":"cuotas","estado_contrato":null}
[14-Mar-2026 09:36:12 America/Lima] Fila encontrada: {"id_pago":"275","monto":"50.00","fecha_emision":"2025-09-23 12:43:30","ruta":"files\/notasPagoInscripcion\/nota_venta_283.pdf","id_asesor":"106","nombre_persona":"EYCOL DULAN VELASQUEZ MERINO","nro_identidad":"43070307","num_unidad":"319","nombre_asesor":"Maria Fernanda ofic 2 ","tipo_persona":"conductor","tipo_pago":"cuotas","estado_contrato":null}
[14-Mar-2026 09:36:12 America/Lima] Fila encontrada: {"id_pago":"274","monto":"50.00","fecha_emision":"2025-09-22 13:51:19","ruta":"files\/notasPagoInscripcion\/nota_venta_282.pdf","id_asesor":"106","nombre_persona":"SIXTO RAUL MENDIZABAL OCSA","nro_identidad":"73450609","num_unidad":"328","nombre_asesor":"Maria Fernanda ofic 2 ","tipo_persona":"conductor","tipo_pago":"cuotas","estado_contrato":null}
[14-Mar-2026 09:36:12 America/Lima] Fila encontrada: {"id_pago":"273","monto":"50.00","fecha_emision":"2025-09-22 13:23:28","ruta":"files\/notasPagoInscripcion\/nota_venta_281.pdf","id_asesor":"106","nombre_persona":"PERCY CESAR GONZALES ASIN","nro_identidad":"29590459","num_unidad":"329","nombre_asesor":"Maria Fernanda ofic 2 ","tipo_persona":"conductor","tipo_pago":"cuotas","estado_contrato":null}
[14-Mar-2026 09:36:12 America/Lima] Fila encontrada: {"id_pago":"272","monto":"50.00","fecha_emision":"2025-09-22 12:52:35","ruta":"files\/notasPagoInscripcion\/nota_venta_280.pdf","id_asesor":"106","nombre_persona":"YOE MARCO VALDIVIA ANCO","nro_identidad":"71978313","num_unidad":"317","nombre_asesor":"Maria Fernanda ofic 2 ","tipo_persona":"conductor","tipo_pago":"cuotas","estado_contrato":null}
[14-Mar-2026 09:36:12 America/Lima] Fila encontrada: {"id_pago":"271","monto":"50.00","fecha_emision":"2025-09-20 09:41:36","ruta":"files\/notasPagoInscripcion\/nota_venta_279.pdf","id_asesor":"82","nombre_persona":"DARWIN FRANKS CHALCO MANSILLA","nro_identidad":"41249285","num_unidad":"333","nombre_asesor":"Leslie Machaca","tipo_persona":"conductor","tipo_pago":"cuotas","estado_contrato":null}
[14-Mar-2026 09:36:12 America/Lima] Fila encontrada: {"id_pago":"270","monto":"50.00","fecha_emision":"2025-09-17 18:19:08","ruta":"files\/notasPagoInscripcion\/nota_venta_278.pdf","id_asesor":"105","nombre_persona":"EYCOL DULAN VELASQUEZ MERINO","nro_identidad":"43070307","num_unidad":"319","nombre_asesor":"Sebastian ","tipo_persona":"conductor","tipo_pago":"cuotas","estado_contrato":null}
[14-Mar-2026 09:36:12 America/Lima] Fila encontrada: {"id_pago":"269","monto":"50.00","fecha_emision":"2025-09-17 14:46:36","ruta":"files\/notasPagoInscripcion\/nota_venta_277.pdf","id_asesor":"82","nombre_persona":"FERNANDO JUNIOR MACEDO CASAPIA","nro_identidad":"44545306","num_unidad":"325","nombre_asesor":"Leslie Machaca","tipo_persona":"conductor","tipo_pago":"cuotas","estado_contrato":null}
[14-Mar-2026 09:36:12 America/Lima] Fila encontrada: {"id_pago":"268","monto":"100.00","fecha_emision":"2025-09-17 13:14:46","ruta":"files\/notasPagoInscripcion\/nota_venta_276.pdf","id_asesor":"82","nombre_persona":"ALEXIS GRIMALDO MERCADO SOTO","nro_identidad":"72162233","num_unidad":"310","nombre_asesor":"Leslie Machaca","tipo_persona":"conductor","tipo_pago":"cuotas","estado_contrato":null}
[14-Mar-2026 09:36:12 America/Lima] Fila encontrada: {"id_pago":"267","monto":"50.00","fecha_emision":"2025-09-16 12:10:23","ruta":"files\/notasPagoInscripcion\/nota_venta_275.pdf","id_asesor":"99","nombre_persona":"ERICK MARTIN ZAMORA VARGAS","nro_identidad":"70664292","num_unidad":"324","nombre_asesor":"Nixo S\u00e1nchez ","tipo_persona":"conductor","tipo_pago":"cuotas","estado_contrato":null}
[14-Mar-2026 09:36:12 America/Lima] Fila encontrada: {"id_pago":"266","monto":"50.00","fecha_emision":"2025-09-16 00:26:28","ruta":"files\/notasPagoInscripcion\/nota_venta_274.pdf","id_asesor":"99","nombre_persona":"RENATO ANDRE NAVARRO VARGAS","nro_identidad":"74226987","num_unidad":"323","nombre_asesor":"Nixo S\u00e1nchez ","tipo_persona":"conductor","tipo_pago":"cuotas","estado_contrato":null}
[14-Mar-2026 09:36:12 America/Lima] Fila encontrada: {"id_pago":"265","monto":"50.00","fecha_emision":"2025-09-15 17:13:47","ruta":"files\/notasPagoInscripcion\/nota_venta_273.pdf","id_asesor":"106","nombre_persona":"DANIEL EDUARDO RODRIGUEZ GARCIA","nro_identidad":"42562329","num_unidad":"318","nombre_asesor":"Maria Fernanda ofic 2 ","tipo_persona":"conductor","tipo_pago":"cuotas","estado_contrato":null}
[14-Mar-2026 09:36:12 America/Lima] Fila encontrada: {"id_pago":"264","monto":"50.00","fecha_emision":"2025-09-15 16:28:40","ruta":"files\/notasPagoInscripcion\/nota_venta_272.pdf","id_asesor":"105","nombre_persona":"SIXTO RAUL MENDIZABAL OCSA","nro_identidad":"73450609","num_unidad":"328","nombre_asesor":"Sebastian ","tipo_persona":"conductor","tipo_pago":"cuotas","estado_contrato":null}
[14-Mar-2026 09:36:12 America/Lima] Fila encontrada: {"id_pago":"263","monto":"50.00","fecha_emision":"2025-09-15 16:12:21","ruta":"files\/notasPagoInscripcion\/nota_venta_271.pdf","id_asesor":"82","nombre_persona":"YASMANI FREDY BUSTINZA GUTIERREZ","nro_identidad":"47941003","num_unidad":"313","nombre_asesor":"Leslie Machaca","tipo_persona":"conductor","tipo_pago":"cuotas","estado_contrato":null}
[14-Mar-2026 09:36:12 America/Lima] Fila encontrada: {"id_pago":"262","monto":"50.00","fecha_emision":"2025-09-15 14:17:38","ruta":"files\/notasPagoInscripcion\/nota_venta_270.pdf","id_asesor":"111","nombre_persona":"PERCY CESAR GONZALES ASIN","nro_identidad":"29590459","num_unidad":"329","nombre_asesor":"YONNY ","tipo_persona":"conductor","tipo_pago":"cuotas","estado_contrato":null}
[14-Mar-2026 09:36:12 America/Lima] Fila encontrada: {"id_pago":"261","monto":"50.00","fecha_emision":"2025-09-15 12:14:31","ruta":"files\/notasPagoInscripcion\/nota_venta_269.pdf","id_asesor":"79","nombre_persona":"JOSE ROGER LARA FLORES","nro_identidad":"30425596","num_unidad":"316","nombre_asesor":"Lorena Diaz","tipo_persona":"conductor","tipo_pago":"cuotas","estado_contrato":null}
[14-Mar-2026 09:36:12 America/Lima] Fila encontrada: {"id_pago":"260","monto":"100.00","fecha_emision":"2025-09-15 11:58:51","ruta":"files\/notasPagoInscripcion\/nota_venta_436.pdf","id_asesor":"82","nombre_persona":"RONY BRANK SUBIA ALIAGA","nro_identidad":"72566838","num_unidad":"334","nombre_asesor":"Leslie Machaca","tipo_persona":"conductor","tipo_pago":"cuotas","estado_contrato":null}
[14-Mar-2026 09:36:12 America/Lima] Fila encontrada: {"id_pago":"259","monto":"50.00","fecha_emision":"2025-09-14 15:38:45","ruta":"files\/notasPagoInscripcion\/nota_venta_267.pdf","id_asesor":"85","nombre_persona":"DANIEL GONZALO RAMOS MAQUERA","nro_identidad":"46561071","num_unidad":"315","nombre_asesor":"yessenia avalos ","tipo_persona":"conductor","tipo_pago":"cuotas","estado_contrato":null}
[14-Mar-2026 09:36:12 America/Lima] Fila encontrada: {"id_pago":"258","monto":"50.00","fecha_emision":"2025-09-13 10:38:37","ruta":"files\/notasPagoInscripcion\/nota_venta_266.pdf","id_asesor":"105","nombre_persona":"YOE MARCO VALDIVIA ANCO","nro_identidad":"71978313","num_unidad":"317","nombre_asesor":"Sebastian ","tipo_persona":"conductor","tipo_pago":"cuotas","estado_contrato":null}
[14-Mar-2026 09:36:12 America/Lima] Fila encontrada: {"id_pago":"257","monto":"50.00","fecha_emision":"2025-09-12 10:39:13","ruta":"files\/notasPagoInscripcion\/nota_venta_265.pdf","id_asesor":"106","nombre_persona":"YURI WALTER MEJIA TORRES","nro_identidad":"29610319","num_unidad":"321","nombre_asesor":"Maria Fernanda ofic 2 ","tipo_persona":"conductor","tipo_pago":"cuotas","estado_contrato":null}
[14-Mar-2026 09:36:12 America/Lima] Fila encontrada: {"id_pago":"256","monto":"50.00","fecha_emision":"2025-09-12 10:37:48","ruta":"files\/notasPagoInscripcion\/nota_venta_264.pdf","id_asesor":"106","nombre_persona":"YURI WALTER MEJIA TORRES","nro_identidad":"29610319","num_unidad":"321","nombre_asesor":"Maria Fernanda ofic 2 ","tipo_persona":"conductor","tipo_pago":"cuotas","estado_contrato":null}
[14-Mar-2026 09:36:12 America/Lima] Fila encontrada: {"id_pago":"2","monto":"100.00","fecha_emision":"2025-09-11 12:22:21","ruta":"","id_asesor":"78","nombre_persona":"ALEJANDRO PORFIDIO VALDIVIA VALDIVIA","nro_identidad":"47860234","num_unidad":null,"nombre_asesor":"GianJesus Ramos","tipo_persona":"cliente","tipo_pago":"contado","estado_contrato":null}
[14-Mar-2026 09:36:12 America/Lima] Fila encontrada: {"id_pago":"255","monto":"100.00","fecha_emision":"2025-09-10 19:05:33","ruta":"files\/notasPagoInscripcion\/nota_venta_435.pdf","id_asesor":"105","nombre_persona":"DARWIN FRANKS CHALCO MANSILLA","nro_identidad":"41249285","num_unidad":"333","nombre_asesor":"Sebastian ","tipo_persona":"conductor","tipo_pago":"cuotas","estado_contrato":null}
[14-Mar-2026 09:36:12 America/Lima] Fila encontrada: {"id_pago":"254","monto":"50.00","fecha_emision":"2025-09-08 23:32:12","ruta":"files\/notasPagoInscripcion\/nota_venta_262.pdf","id_asesor":"99","nombre_persona":"ERICK MARTIN ZAMORA VARGAS","nro_identidad":"70664292","num_unidad":"324","nombre_asesor":"Nixo S\u00e1nchez ","tipo_persona":"conductor","tipo_pago":"cuotas","estado_contrato":null}
[14-Mar-2026 09:36:12 America/Lima] Fila encontrada: {"id_pago":"253","monto":"250.00","fecha_emision":"2025-09-08 18:35:54","ruta":"files\/notasPagoInscripcion\/nota_venta_434.pdf","id_asesor":"97","nombre_persona":"JUAN JHOEL QUISPE MAMANI","nro_identidad":"72080663","num_unidad":"332","nombre_asesor":"AqpgoBox ","tipo_persona":"conductor","tipo_pago":"contado","estado_contrato":null}
[14-Mar-2026 09:36:12 America/Lima] Fila encontrada: {"id_pago":"252","monto":"50.00","fecha_emision":"2025-09-08 18:22:09","ruta":"files\/notasPagoInscripcion\/nota_venta_260.pdf","id_asesor":"99","nombre_persona":"FERNANDO JUNIOR MACEDO CASAPIA","nro_identidad":"44545306","num_unidad":"325","nombre_asesor":"Nixo S\u00e1nchez ","tipo_persona":"conductor","tipo_pago":"cuotas","estado_contrato":null}
[14-Mar-2026 09:36:12 America/Lima] Fila encontrada: {"id_pago":"251","monto":"50.00","fecha_emision":"2025-09-08 18:05:38","ruta":"files\/notasPagoInscripcion\/nota_venta_259.pdf","id_asesor":"99","nombre_persona":"RENATO ANDRE NAVARRO VARGAS","nro_identidad":"74226987","num_unidad":"323","nombre_asesor":"Nixo S\u00e1nchez ","tipo_persona":"conductor","tipo_pago":"cuotas","estado_contrato":null}
[14-Mar-2026 09:36:12 America/Lima] Fila encontrada: {"id_pago":"250","monto":"50.00","fecha_emision":"2025-09-08 18:03:41","ruta":"files\/notasPagoInscripcion\/nota_venta_258.pdf","id_asesor":"106","nombre_persona":"DANIEL EDUARDO RODRIGUEZ GARCIA","nro_identidad":"42562329","num_unidad":"318","nombre_asesor":"Maria Fernanda ofic 2 ","tipo_persona":"conductor","tipo_pago":"cuotas","estado_contrato":null}
[14-Mar-2026 09:36:12 America/Lima] Fila encontrada: {"id_pago":"249","monto":"50.00","fecha_emision":"2025-09-08 12:06:08","ruta":"files\/notasPagoInscripcion\/nota_venta_257.pdf","id_asesor":"82","nombre_persona":"SIXTO RAUL MENDIZABAL OCSA","nro_identidad":"73450609","num_unidad":"328","nombre_asesor":"Leslie Machaca","tipo_persona":"conductor","tipo_pago":"cuotas","estado_contrato":null}
[14-Mar-2026 09:36:12 America/Lima] Fila encontrada: {"id_pago":"248","monto":"50.00","fecha_emision":"2025-09-08 11:44:03","ruta":"files\/notasPagoInscripcion\/nota_venta_256.pdf","id_asesor":"106","nombre_persona":"PERCY CESAR GONZALES ASIN","nro_identidad":"29590459","num_unidad":"329","nombre_asesor":"Maria Fernanda ofic 2 ","tipo_persona":"conductor","tipo_pago":"cuotas","estado_contrato":null}
[14-Mar-2026 09:36:12 America/Lima] Fila encontrada: {"id_pago":"247","monto":"50.00","fecha_emision":"2025-09-08 11:10:21","ruta":"files\/notasPagoInscripcion\/nota_venta_255.pdf","id_asesor":"82","nombre_persona":"JOSE ROGER LARA FLORES","nro_identidad":"30425596","num_unidad":"316","nombre_asesor":"Leslie Machaca","tipo_persona":"conductor","tipo_pago":"cuotas","estado_contrato":null}
[14-Mar-2026 09:36:12 America/Lima] Fila encontrada: {"id_pago":"246","monto":"100.00","fecha_emision":"2025-09-08 10:57:39","ruta":"files\/notasPagoInscripcion\/nota_venta_254.pdf","id_asesor":"82","nombre_persona":"YASMANI FREDY BUSTINZA GUTIERREZ","nro_identidad":"47941003","num_unidad":"313","nombre_asesor":"Leslie Machaca","tipo_persona":"conductor","tipo_pago":"cuotas","estado_contrato":null}
[14-Mar-2026 09:36:12 America/Lima] Fila encontrada: {"id_pago":"245","monto":"50.00","fecha_emision":"2025-09-08 08:57:12","ruta":"files\/notasPagoInscripcion\/nota_venta_253.pdf","id_asesor":"79","nombre_persona":"EYCOL DULAN VELASQUEZ MERINO","nro_identidad":"43070307","num_unidad":"319","nombre_asesor":"Lorena Diaz","tipo_persona":"conductor","tipo_pago":"cuotas","estado_contrato":null}
[14-Mar-2026 09:36:12 America/Lima] Fila encontrada: {"id_pago":"244","monto":"150.00","fecha_emision":"2025-09-05 15:55:59","ruta":"files\/notasPagoInscripcion\/nota_venta_433.pdf","id_asesor":"108","nombre_persona":"CARLOS ALBERTO DELGADO BURGOS","nro_identidad":"76420519","num_unidad":"14","nombre_asesor":"Genessis Ofic 2 ","tipo_persona":"conductor","tipo_pago":"contado","estado_contrato":null}
[14-Mar-2026 09:36:12 America/Lima] Fila encontrada: {"id_pago":"243","monto":"50.00","fecha_emision":"2025-09-05 10:16:48","ruta":"files\/notasPagoInscripcion\/nota_venta_251.pdf","id_asesor":"106","nombre_persona":"YURI WALTER MEJIA TORRES","nro_identidad":"29610319","num_unidad":"321","nombre_asesor":"Maria Fernanda ofic 2 ","tipo_persona":"conductor","tipo_pago":"cuotas","estado_contrato":null}
[14-Mar-2026 09:36:12 America/Lima] Fila encontrada: {"id_pago":"242","monto":"50.00","fecha_emision":"2025-09-05 09:21:07","ruta":"files\/notasPagoInscripcion\/nota_venta_250.pdf","id_asesor":"82","nombre_persona":"YOE MARCO VALDIVIA ANCO","nro_identidad":"71978313","num_unidad":"317","nombre_asesor":"Leslie Machaca","tipo_persona":"conductor","tipo_pago":"cuotas","estado_contrato":null}
[14-Mar-2026 09:36:12 America/Lima] Fila encontrada: {"id_pago":"241","monto":"100.00","fecha_emision":"2025-09-04 16:32:44","ruta":"files\/notasPagoInscripcion\/nota_venta_249.pdf","id_asesor":"105","nombre_persona":"DANIEL GONZALO RAMOS MAQUERA","nro_identidad":"46561071","num_unidad":"315","nombre_asesor":"Sebastian ","tipo_persona":"conductor","tipo_pago":"cuotas","estado_contrato":null}
[14-Mar-2026 09:36:12 America/Lima] Fila encontrada: {"id_pago":"240","monto":"150.00","fecha_emision":"2025-09-04 13:43:36","ruta":"files\/notasPagoInscripcion\/nota_venta_432.pdf","id_asesor":"108","nombre_persona":"HENRY KEIVI CHAFLOQUE ROMERO","nro_identidad":"49004053","num_unidad":"13","nombre_asesor":"Genessis Ofic 2 ","tipo_persona":"conductor","tipo_pago":"contado","estado_contrato":null}
[14-Mar-2026 09:36:12 America/Lima] Fila encontrada: {"id_pago":"239","monto":"150.00","fecha_emision":"2025-09-03 17:59:02","ruta":"files\/notasPagoInscripcion\/nota_venta_431.pdf","id_asesor":"108","nombre_persona":"JEFRYN JOSE  LEA\u00d1EZ GARCIA","nro_identidad":"003190775","num_unidad":"12","nombre_asesor":"Genessis Ofic 2 ","tipo_persona":"conductor","tipo_pago":"contado","estado_contrato":null}
[14-Mar-2026 09:36:12 America/Lima] Fila encontrada: {"id_pago":"237","monto":"50.00","fecha_emision":"2025-09-02 17:06:08","ruta":"files\/notasPagoInscripcion\/nota_venta_245.pdf","id_asesor":"99","nombre_persona":"ERICK MARTIN ZAMORA VARGAS","nro_identidad":"70664292","num_unidad":"324","nombre_asesor":"Nixo S\u00e1nchez ","tipo_persona":"conductor","tipo_pago":"cuotas","estado_contrato":null}
[14-Mar-2026 09:36:12 America/Lima] Fila encontrada: {"id_pago":"236","monto":"250.00","fecha_emision":"2025-09-02 14:28:56","ruta":"files\/notasPagoInscripcion\/nota_venta_429.pdf","id_asesor":"82","nombre_persona":"FERNANDO RICHARD CRUZ SOSA","nro_identidad":"80265683","num_unidad":"330","nombre_asesor":"Leslie Machaca","tipo_persona":"conductor","tipo_pago":"contado","estado_contrato":null}
[14-Mar-2026 09:36:12 America/Lima] Fila encontrada: {"id_pago":"235","monto":"100.00","fecha_emision":"2025-09-02 13:41:15","ruta":"files\/notasPagoInscripcion\/nota_venta_428.pdf","id_asesor":"106","nombre_persona":"PERCY CESAR GONZALES ASIN","nro_identidad":"29590459","num_unidad":"329","nombre_asesor":"Maria Fernanda ofic 2 ","tipo_persona":"conductor","tipo_pago":"cuotas","estado_contrato":null}
[14-Mar-2026 09:36:12 America/Lima] Fila encontrada: {"id_pago":"234","monto":"100.00","fecha_emision":"2025-09-02 13:15:17","ruta":"files\/notasPagoInscripcion\/nota_venta_427.pdf","id_asesor":"106","nombre_persona":"SIXTO RAUL MENDIZABAL OCSA","nro_identidad":"73450609","num_unidad":"328","nombre_asesor":"Maria Fernanda ofic 2 ","tipo_persona":"conductor","tipo_pago":"cuotas","estado_contrato":null}
[14-Mar-2026 09:36:12 America/Lima] Fila encontrada: {"id_pago":"233","monto":"100.00","fecha_emision":"2025-09-02 11:25:54","ruta":"files\/notasPagoInscripcion\/nota_venta_426.pdf","id_asesor":"82","nombre_persona":"MAGALY MARGOT MEDINA DIAZ","nro_identidad":"44930451","num_unidad":"327","nombre_asesor":"Leslie Machaca","tipo_persona":"conductor","tipo_pago":"cuotas","estado_contrato":null}
[14-Mar-2026 09:36:12 America/Lima] Fila encontrada: {"id_pago":"232","monto":"50.00","fecha_emision":"2025-09-01 20:34:18","ruta":"files\/notasPagoInscripcion\/nota_venta_240.pdf","id_asesor":"99","nombre_persona":"FERNANDO JUNIOR MACEDO CASAPIA","nro_identidad":"44545306","num_unidad":"325","nombre_asesor":"Nixo S\u00e1nchez ","tipo_persona":"conductor","tipo_pago":"cuotas","estado_contrato":null}
[14-Mar-2026 09:36:12 America/Lima] Fila encontrada: {"id_pago":"231","monto":"50.00","fecha_emision":"2025-09-01 20:29:28","ruta":"files\/notasPagoInscripcion\/nota_venta_239.pdf","id_asesor":"99","nombre_persona":"RENATO ANDRE NAVARRO VARGAS","nro_identidad":"74226987","num_unidad":"323","nombre_asesor":"Nixo S\u00e1nchez ","tipo_persona":"conductor","tipo_pago":"cuotas","estado_contrato":null}
[14-Mar-2026 09:36:12 America/Lima] Fila encontrada: {"id_pago":"230","monto":"250.00","fecha_emision":"2025-09-01 15:17:51","ruta":"files\/notasPagoInscripcion\/nota_venta_425.pdf","id_asesor":"109","nombre_persona":"RIGOBERTO DANTE CARI CHECA","nro_identidad":"01544723","num_unidad":"326","nombre_asesor":"HUNTER ","tipo_persona":"conductor","tipo_pago":"contado","estado_contrato":null}
[14-Mar-2026 09:36:12 America/Lima] Fila encontrada: {"id_pago":"229","monto":"50.00","fecha_emision":"2025-09-01 14:22:25","ruta":"files\/notasPagoInscripcion\/nota_venta_237.pdf","id_asesor":"106","nombre_persona":"DANIEL EDUARDO RODRIGUEZ GARCIA","nro_identidad":"42562329","num_unidad":"318","nombre_asesor":"Maria Fernanda ofic 2 ","tipo_persona":"conductor","tipo_pago":"cuotas","estado_contrato":null}
[14-Mar-2026 09:36:12 America/Lima] Fila encontrada: {"id_pago":"228","monto":"50.00","fecha_emision":"2025-09-01 14:08:38","ruta":"files\/notasPagoInscripcion\/nota_venta_236.pdf","id_asesor":"106","nombre_persona":"JOSE ROGER LARA FLORES","nro_identidad":"30425596","num_unidad":"316","nombre_asesor":"Maria Fernanda ofic 2 ","tipo_persona":"conductor","tipo_pago":"cuotas","estado_contrato":null}
[14-Mar-2026 09:36:12 America/Lima] Fila encontrada: {"id_pago":"227","monto":"100.00","fecha_emision":"2025-08-30 01:54:49","ruta":"files\/notasPagoInscripcion\/nota_venta_424.pdf","id_asesor":"99","nombre_persona":"FERNANDO JUNIOR MACEDO CASAPIA","nro_identidad":"44545306","num_unidad":"325","nombre_asesor":"Nixo S\u00e1nchez ","tipo_persona":"conductor","tipo_pago":"cuotas","estado_contrato":null}
[14-Mar-2026 09:36:12 America/Lima] Fila encontrada: {"id_pago":"226","monto":"100.00","fecha_emision":"2025-08-30 01:34:07","ruta":"files\/notasPagoInscripcion\/nota_venta_423.pdf","id_asesor":"99","nombre_persona":"ERICK MARTIN ZAMORA VARGAS","nro_identidad":"70664292","num_unidad":"324","nombre_asesor":"Nixo S\u00e1nchez ","tipo_persona":"conductor","tipo_pago":"cuotas","estado_contrato":null}
[14-Mar-2026 09:36:12 America/Lima] Fila encontrada: {"id_pago":"225","monto":"100.00","fecha_emision":"2025-08-30 01:13:04","ruta":"files\/notasPagoInscripcion\/nota_venta_422.pdf","id_asesor":"99","nombre_persona":"RENATO ANDRE NAVARRO VARGAS","nro_identidad":"74226987","num_unidad":"323","nombre_asesor":"Nixo S\u00e1nchez ","tipo_persona":"conductor","tipo_pago":"cuotas","estado_contrato":null}
[14-Mar-2026 09:36:12 America/Lima] Fila encontrada: {"id_pago":"224","monto":"250.00","fecha_emision":"2025-08-29 22:58:08","ruta":"files\/notasPagoInscripcion\/nota_venta_421.pdf","id_asesor":"99","nombre_persona":"ALEXANDER YAKU VARGAS HUANCA","nro_identidad":"41405968","num_unidad":"322","nombre_asesor":"Nixo S\u00e1nchez ","tipo_persona":"conductor","tipo_pago":"contado","estado_contrato":null}
[14-Mar-2026 09:36:12 America/Lima] Fila encontrada: {"id_pago":"223","monto":"100.00","fecha_emision":"2025-08-29 19:39:12","ruta":"files\/notasPagoInscripcion\/nota_venta_420.pdf","id_asesor":"105","nombre_persona":"YURI WALTER MEJIA TORRES","nro_identidad":"29610319","num_unidad":"321","nombre_asesor":"Sebastian ","tipo_persona":"conductor","tipo_pago":"cuotas","estado_contrato":null}
[14-Mar-2026 09:36:12 America/Lima] Fila encontrada: {"id_pago":"222","monto":"250.00","fecha_emision":"2025-08-29 18:36:00","ruta":"files\/notasPagoInscripcion\/nota_venta_419.pdf","id_asesor":"105","nombre_persona":"LUIS EDUARDO RABANAL RAMOS","nro_identidad":"70991526","num_unidad":"320","nombre_asesor":"Sebastian ","tipo_persona":"conductor","tipo_pago":"contado","estado_contrato":null}
[14-Mar-2026 09:36:12 America/Lima] Fila encontrada: {"id_pago":"221","monto":"100.00","fecha_emision":"2025-08-29 17:38:40","ruta":"files\/notasPagoInscripcion\/nota_venta_418.pdf","id_asesor":"105","nombre_persona":"EYCOL DULAN VELASQUEZ MERINO","nro_identidad":"43070307","num_unidad":"319","nombre_asesor":"Sebastian ","tipo_persona":"conductor","tipo_pago":"cuotas","estado_contrato":null}
[14-Mar-2026 09:36:12 America/Lima] Fila encontrada: {"id_pago":"220","monto":"100.00","fecha_emision":"2025-08-29 17:14:30","ruta":"files\/notasPagoInscripcion\/nota_venta_417.pdf","id_asesor":"106","nombre_persona":"DANIEL EDUARDO RODRIGUEZ GARCIA","nro_identidad":"42562329","num_unidad":"318","nombre_asesor":"Maria Fernanda ofic 2 ","tipo_persona":"conductor","tipo_pago":"cuotas","estado_contrato":null}
[14-Mar-2026 09:36:12 America/Lima] Fila encontrada: {"id_pago":"219","monto":"100.00","fecha_emision":"2025-08-29 16:00:50","ruta":"files\/notasPagoInscripcion\/nota_venta_416.pdf","id_asesor":"105","nombre_persona":"YOE MARCO VALDIVIA ANCO","nro_identidad":"71978313","num_unidad":"317","nombre_asesor":"Sebastian ","tipo_persona":"conductor","tipo_pago":"cuotas","estado_contrato":null}
[14-Mar-2026 09:36:12 America/Lima] Fila encontrada: {"id_pago":"218","monto":"100.00","fecha_emision":"2025-08-29 12:24:03","ruta":"files\/notasPagoInscripcion\/nota_venta_415.pdf","id_asesor":"106","nombre_persona":"JOSE ROGER LARA FLORES","nro_identidad":"30425596","num_unidad":"316","nombre_asesor":"Maria Fernanda ofic 2 ","tipo_persona":"conductor","tipo_pago":"cuotas","estado_contrato":null}
[14-Mar-2026 09:36:12 America/Lima] Fila encontrada: {"id_pago":"217","monto":"150.00","fecha_emision":"2025-08-28 18:03:33","ruta":"files\/notasPagoInscripcion\/nota_venta_414.pdf","id_asesor":"99","nombre_persona":"SERGIO EDGAR HUAYNASI CONDORI","nro_identidad":"47046048","num_unidad":"11","nombre_asesor":"Nixo S\u00e1nchez ","tipo_persona":"conductor","tipo_pago":"contado","estado_contrato":null}
[14-Mar-2026 09:36:12 America/Lima] Fila encontrada: {"id_pago":"216","monto":"100.00","fecha_emision":"2025-08-27 20:52:01","ruta":"files\/notasPagoInscripcion\/nota_venta_413.pdf","id_asesor":"85","nombre_persona":"DANIEL GONZALO RAMOS MAQUERA","nro_identidad":"46561071","num_unidad":"315","nombre_asesor":"yessenia avalos ","tipo_persona":"conductor","tipo_pago":"cuotas","estado_contrato":null}
[14-Mar-2026 09:36:12 America/Lima] Fila encontrada: {"id_pago":"215","monto":"250.00","fecha_emision":"2025-08-27 19:30:47","ruta":"files\/notasPagoInscripcion\/nota_venta_412.pdf","id_asesor":"109","nombre_persona":"CRISTOFFER RAUL BERLANGA SALAZAR","nro_identidad":"72612854","num_unidad":"314","nombre_asesor":"HUNTER ","tipo_persona":"conductor","tipo_pago":"contado","estado_contrato":null}
[14-Mar-2026 09:36:12 America/Lima] Fila encontrada: {"id_pago":"214","monto":"100.00","fecha_emision":"2025-08-27 17:26:25","ruta":"files\/notasPagoInscripcion\/nota_venta_411.pdf","id_asesor":"82","nombre_persona":"YASMANI FREDY BUSTINZA GUTIERREZ","nro_identidad":"47941003","num_unidad":"313","nombre_asesor":"Leslie Machaca","tipo_persona":"conductor","tipo_pago":"cuotas","estado_contrato":null}
[14-Mar-2026 09:36:12 America/Lima] Fila encontrada: {"id_pago":"213","monto":"100.00","fecha_emision":"2025-08-27 11:46:55","ruta":"files\/notasPagoInscripcion\/nota_venta_410.pdf","id_asesor":"82","nombre_persona":"GUIDO ROLANDO YUTO ZEGARRA","nro_identidad":"75657179","num_unidad":"312","nombre_asesor":"Leslie Machaca","tipo_persona":"conductor","tipo_pago":"cuotas","estado_contrato":null}
[14-Mar-2026 09:36:12 America/Lima] Fila encontrada: {"id_pago":"212","monto":"100.00","fecha_emision":"2025-08-25 12:10:49","ruta":"files\/notasPagoInscripcion\/nota_venta_409.pdf","id_asesor":"82","nombre_persona":"LUIS FERNANDO PAGAZA CASTRO","nro_identidad":"74355744","num_unidad":"311","nombre_asesor":"Leslie Machaca","tipo_persona":"conductor","tipo_pago":"cuotas","estado_contrato":null}
[14-Mar-2026 09:36:12 America/Lima] Fila encontrada: {"id_pago":"211","monto":"50.00","fecha_emision":"2025-08-22 17:13:06","ruta":"files\/notasPagoInscripcion\/nota_venta_219.pdf","id_asesor":"79","nombre_persona":"KAREN CCOA CACERES","nro_identidad":"48363685","num_unidad":"293","nombre_asesor":"Lorena Diaz","tipo_persona":"conductor","tipo_pago":"cuotas","estado_contrato":null}
[14-Mar-2026 09:36:12 America/Lima] Fila encontrada: {"id_pago":"210","monto":"150.00","fecha_emision":"2025-08-19 18:21:34","ruta":"files\/notasPagoInscripcion\/nota_venta_408.pdf","id_asesor":"108","nombre_persona":"LUIS MIGUEL CRUZ INCA","nro_identidad":"77813178","num_unidad":"10","nombre_asesor":"Genessis Ofic 2 ","tipo_persona":"conductor","tipo_pago":"contado","estado_contrato":null}
[14-Mar-2026 09:36:12 America/Lima] Fila encontrada: {"id_pago":"208","monto":"50.00","fecha_emision":"2025-08-18 15:30:52","ruta":"files\/notasPagoInscripcion\/nota_venta_216.pdf","id_asesor":"106","nombre_persona":"KEVYN WILLY LUPO DIAZ","nro_identidad":"77036056","num_unidad":"8","nombre_asesor":"Maria Fernanda ofic 2 ","tipo_persona":"conductor","tipo_pago":"cuotas","estado_contrato":null}
[14-Mar-2026 09:36:12 America/Lima] Fila encontrada: {"id_pago":"207","monto":"50.00","fecha_emision":"2025-08-18 13:57:54","ruta":"files\/notasPagoInscripcion\/nota_venta_215.pdf","id_asesor":"82","nombre_persona":"WILBER ALONSO VILLALTA ZEGARRA","nro_identidad":"72895471","num_unidad":"307","nombre_asesor":"Leslie Machaca","tipo_persona":"conductor","tipo_pago":"cuotas","estado_contrato":null}
[14-Mar-2026 09:36:12 America/Lima] Fila encontrada: {"id_pago":"206","monto":"150.00","fecha_emision":"2025-08-12 14:32:43","ruta":"files\/notasPagoInscripcion\/nota_venta_407.pdf","id_asesor":"108","nombre_persona":"MIGUEL ANGEL MATEO DUFFOO","nro_identidad":"45619110","num_unidad":"9","nombre_asesor":"Genessis Ofic 2 ","tipo_persona":"conductor","tipo_pago":"contado","estado_contrato":null}
[14-Mar-2026 09:36:12 America/Lima] Fila encontrada: {"id_pago":"205","monto":"100.00","fecha_emision":"2025-08-12 13:14:56","ruta":"files\/notasPagoInscripcion\/nota_venta_406.pdf","id_asesor":"106","nombre_persona":"KEVYN WILLY LUPO DIAZ","nro_identidad":"77036056","num_unidad":"8","nombre_asesor":"Maria Fernanda ofic 2 ","tipo_persona":"conductor","tipo_pago":"cuotas","estado_contrato":null}
[14-Mar-2026 09:36:12 America/Lima] Fila encontrada: {"id_pago":"204","monto":"50.00","fecha_emision":"2025-08-11 18:29:58","ruta":"files\/notasPagoInscripcion\/nota_venta_212.pdf","id_asesor":"105","nombre_persona":"ALEXIS GRIMALDO MERCADO SOTO","nro_identidad":"72162233","num_unidad":"310","nombre_asesor":"Sebastian ","tipo_persona":"conductor","tipo_pago":"cuotas","estado_contrato":null}
[14-Mar-2026 09:36:12 America/Lima] Fila encontrada: {"id_pago":"203","monto":"100.00","fecha_emision":"2025-08-05 13:58:51","ruta":"files\/notasPagoInscripcion\/nota_venta_405.pdf","id_asesor":"82","nombre_persona":"ALEXIS GRIMALDO MERCADO SOTO","nro_identidad":"72162233","num_unidad":"310","nombre_asesor":"Leslie Machaca","tipo_persona":"conductor","tipo_pago":"cuotas","estado_contrato":null}
[14-Mar-2026 09:36:12 America/Lima] Fila encontrada: {"id_pago":"202","monto":"50.00","fecha_emision":"2025-08-04 12:12:49","ruta":"files\/notasPagoInscripcion\/nota_venta_210.pdf","id_asesor":"82","nombre_persona":"WILBER ALONSO VILLALTA ZEGARRA","nro_identidad":"72895471","num_unidad":"307","nombre_asesor":"Leslie Machaca","tipo_persona":"conductor","tipo_pago":"cuotas","estado_contrato":null}
[14-Mar-2026 09:36:12 America/Lima] Fila encontrada: {"id_pago":"201","monto":"250.00","fecha_emision":"2025-08-01 14:49:12","ruta":"files\/notasPagoInscripcion\/nota_venta_404.pdf","id_asesor":"82","nombre_persona":"LUIS ENRIQUE PAREDES APAZA","nro_identidad":"71844563","num_unidad":"309","nombre_asesor":"Leslie Machaca","tipo_persona":"conductor","tipo_pago":"contado","estado_contrato":null}
[14-Mar-2026 09:36:12 America/Lima] Fila encontrada: {"id_pago":"200","monto":"50.00","fecha_emision":"2025-07-30 18:19:41","ruta":"files\/notasPagoInscripcion\/nota_venta_208.pdf","id_asesor":"83","nombre_persona":"KAREN CCOA CACERES","nro_identidad":"48363685","num_unidad":"293","nombre_asesor":"Angel Mu\u00f1oz","tipo_persona":"conductor","tipo_pago":"cuotas","estado_contrato":null}
[14-Mar-2026 09:36:12 America/Lima] Fila encontrada: {"id_pago":"199","monto":"50.00","fecha_emision":"2025-07-30 18:19:37","ruta":"files\/notasPagoInscripcion\/nota_venta_207.pdf","id_asesor":"83","nombre_persona":"KAREN CCOA CACERES","nro_identidad":"48363685","num_unidad":"293","nombre_asesor":"Angel Mu\u00f1oz","tipo_persona":"conductor","tipo_pago":"cuotas","estado_contrato":null}
[14-Mar-2026 09:36:12 America/Lima] Fila encontrada: {"id_pago":"198","monto":"50.00","fecha_emision":"2025-07-30 16:25:18","ruta":"files\/notasPagoInscripcion\/nota_venta_206.pdf","id_asesor":"97","nombre_persona":"JOSEPH AUGUSTO CUSI QUI\u00d1O","nro_identidad":"75410342","num_unidad":"303","nombre_asesor":"AqpgoBox ","tipo_persona":"conductor","tipo_pago":"cuotas","estado_contrato":null}
[14-Mar-2026 09:36:12 America/Lima] Fila encontrada: {"id_pago":"197","monto":"50.00","fecha_emision":"2025-07-29 11:26:44","ruta":"files\/notasPagoInscripcion\/nota_venta_205.pdf","id_asesor":"82","nombre_persona":"WILBER ALONSO VILLALTA ZEGARRA","nro_identidad":"72895471","num_unidad":"307","nombre_asesor":"Leslie Machaca","tipo_persona":"conductor","tipo_pago":"cuotas","estado_contrato":null}
[14-Mar-2026 09:36:12 America/Lima] Fila encontrada: {"id_pago":"196","monto":"150.00","fecha_emision":"2025-07-25 19:21:34","ruta":"files\/notasPagoInscripcion\/nota_venta_403.pdf","id_asesor":"83","nombre_persona":"WALTER DANIEL NAVARRO TUESTA","nro_identidad":"73302059","num_unidad":"7","nombre_asesor":"Angel Mu\u00f1oz","tipo_persona":"conductor","tipo_pago":"contado","estado_contrato":null}
[14-Mar-2026 09:36:12 America/Lima] Fila encontrada: {"id_pago":"195","monto":"50.00","fecha_emision":"2025-07-24 18:30:53","ruta":"files\/notasPagoInscripcion\/nota_venta_203.pdf","id_asesor":"97","nombre_persona":"JOSEPH AUGUSTO CUSI QUI\u00d1O","nro_identidad":"75410342","num_unidad":"303","nombre_asesor":"AqpgoBox ","tipo_persona":"conductor","tipo_pago":"cuotas","estado_contrato":null}
[14-Mar-2026 09:36:12 America/Lima] Fila encontrada: {"id_pago":"194","monto":"150.00","fecha_emision":"2025-07-24 15:38:54","ruta":"files\/notasPagoInscripcion\/nota_venta_402.pdf","id_asesor":"83","nombre_persona":"MARIANNYS DE  JESUS CEDE\u00d1O TAMOY","nro_identidad":"006610634","num_unidad":"6","nombre_asesor":"Angel Mu\u00f1oz","tipo_persona":"conductor","tipo_pago":"contado","estado_contrato":null}
[14-Mar-2026 09:36:12 America/Lima] Fila encontrada: {"id_pago":"193","monto":"150.00","fecha_emision":"2025-07-24 12:23:13","ruta":"files\/notasPagoInscripcion\/nota_venta_401.pdf","id_asesor":"83","nombre_persona":"ANGEL SAMUEL RAMOS PILARES","nro_identidad":"72522530","num_unidad":"5","nombre_asesor":"Angel Mu\u00f1oz","tipo_persona":"conductor","tipo_pago":"contado","estado_contrato":null}
[14-Mar-2026 09:36:12 America/Lima] Fila encontrada: {"id_pago":"192","monto":"50.00","fecha_emision":"2025-07-23 19:45:12","ruta":"files\/notasPagoInscripcion\/nota_venta_200.pdf","id_asesor":"105","nombre_persona":"PAUL EDINSON LLAYQUI CUTIPA","nro_identidad":"72907234","num_unidad":"301","nombre_asesor":"Sebastian ","tipo_persona":"conductor","tipo_pago":"cuotas","estado_contrato":null}
[14-Mar-2026 09:36:12 America/Lima] Fila encontrada: {"id_pago":"191","monto":"250.00","fecha_emision":"2025-07-23 18:48:11","ruta":"files\/notasPagoInscripcion\/nota_venta_400.pdf","id_asesor":"97","nombre_persona":"JOSE VICTOR DEL PORTAL ALVA","nro_identidad":"72100555","num_unidad":"308","nombre_asesor":"AqpgoBox ","tipo_persona":"conductor","tipo_pago":"contado","estado_contrato":null}
[14-Mar-2026 09:36:12 America/Lima] Fila encontrada: {"id_pago":"190","monto":"250.00","fecha_emision":"2025-07-23 18:32:24","ruta":"files\/notasPagoInscripcion\/nota_venta_399.pdf","id_asesor":"97","nombre_persona":"JOSE VICTOR DEL PORTAL ALVA","nro_identidad":"72100555","num_unidad":"308","nombre_asesor":"AqpgoBox ","tipo_persona":"conductor","tipo_pago":"cuotas","estado_contrato":null}
[14-Mar-2026 09:36:12 America/Lima] Fila encontrada: {"id_pago":"189","monto":"250.00","fecha_emision":"2025-07-23 18:17:14","ruta":"files\/notasPagoInscripcion\/nota_venta_398.pdf","id_asesor":"97","nombre_persona":"JOSE VICTOR DEL PORTAL ALVA","nro_identidad":"72100555","num_unidad":"308","nombre_asesor":"AqpgoBox ","tipo_persona":"conductor","tipo_pago":"cuotas","estado_contrato":null}
[14-Mar-2026 09:36:12 America/Lima] Fila encontrada: {"id_pago":"188","monto":"150.00","fecha_emision":"2025-07-23 14:22:39","ruta":"files\/notasPagoInscripcion\/nota_venta_196.pdf","id_asesor":"79","nombre_persona":"KATHERINE JIMENEZ VALDERRAMA","nro_identidad":"72378529","num_unidad":"300","nombre_asesor":"Lorena Diaz","tipo_persona":"conductor","tipo_pago":"cuotas","estado_contrato":null}
[14-Mar-2026 09:36:12 America/Lima] Fila encontrada: {"id_pago":"187","monto":"100.00","fecha_emision":"2025-07-21 11:14:49","ruta":"files\/notasPagoInscripcion\/nota_venta_397.pdf","id_asesor":"83","nombre_persona":"WILBER ALONSO VILLALTA ZEGARRA","nro_identidad":"72895471","num_unidad":"307","nombre_asesor":"Angel Mu\u00f1oz","tipo_persona":"conductor","tipo_pago":"cuotas","estado_contrato":null}
[14-Mar-2026 09:36:12 America/Lima] Fila encontrada: {"id_pago":"186","monto":"50.00","fecha_emision":"2025-07-18 17:39:26","ruta":"files\/notasPagoInscripcion\/nota_venta_194.pdf","id_asesor":"83","nombre_persona":"KAREN CCOA CACERES","nro_identidad":"48363685","num_unidad":"293","nombre_asesor":"Angel Mu\u00f1oz","tipo_persona":"conductor","tipo_pago":"cuotas","estado_contrato":null}
[14-Mar-2026 09:36:12 America/Lima] Fila encontrada: {"id_pago":"185","monto":"50.00","fecha_emision":"2025-07-16 19:39:57","ruta":"files\/notasPagoInscripcion\/nota_venta_193.pdf","id_asesor":"97","nombre_persona":"JOSEPH AUGUSTO CUSI QUI\u00d1O","nro_identidad":"75410342","num_unidad":"303","nombre_asesor":"AqpgoBox ","tipo_persona":"conductor","tipo_pago":"cuotas","estado_contrato":null}
[14-Mar-2026 09:36:12 America/Lima] Fila encontrada: {"id_pago":"184","monto":"50.00","fecha_emision":"2025-07-16 14:41:06","ruta":"files\/notasPagoInscripcion\/nota_venta_192.pdf","id_asesor":"82","nombre_persona":"PAUL EDINSON LLAYQUI CUTIPA","nro_identidad":"72907234","num_unidad":"301","nombre_asesor":"Leslie Machaca","tipo_persona":"conductor","tipo_pago":"cuotas","estado_contrato":null}
[14-Mar-2026 09:36:12 America/Lima] Fila encontrada: {"id_pago":"183","monto":"50.00","fecha_emision":"2025-07-16 14:39:24","ruta":"files\/notasPagoInscripcion\/nota_venta_191.pdf","id_asesor":"82","nombre_persona":"PAUL EDINSON LLAYQUI CUTIPA","nro_identidad":"72907234","num_unidad":"301","nombre_asesor":"Leslie Machaca","tipo_persona":"conductor","tipo_pago":"cuotas","estado_contrato":null}
[14-Mar-2026 09:36:12 America/Lima] Fila encontrada: {"id_pago":"182","monto":"100.00","fecha_emision":"2025-07-16 12:55:27","ruta":"files\/notasPagoInscripcion\/nota_venta_396.pdf","id_asesor":"105","nombre_persona":"SANDRO HAKIM PERALTA VALENCIA","nro_identidad":"76850988","num_unidad":"306","nombre_asesor":"Sebastian ","tipo_persona":"conductor","tipo_pago":"cuotas","estado_contrato":null}
[14-Mar-2026 09:36:12 America/Lima] Fila encontrada: {"id_pago":"181","monto":"100.00","fecha_emision":"2025-07-14 20:33:24","ruta":"files\/notasPagoInscripcion\/nota_venta_189.pdf","id_asesor":"105","nombre_persona":"PETER TOTO ORTEGA TICONA","nro_identidad":"77821864","num_unidad":"297","nombre_asesor":"Sebastian ","tipo_persona":"conductor","tipo_pago":"cuotas","estado_contrato":null}
[14-Mar-2026 09:36:12 America/Lima] Fila encontrada: {"id_pago":"180","monto":"50.00","fecha_emision":"2025-07-14 10:38:51","ruta":"files\/notasPagoInscripcion\/nota_venta_188.pdf","id_asesor":"105","nombre_persona":"RAUL HERNAN CONDORI LUQUE","nro_identidad":"72570984","num_unidad":"4","nombre_asesor":"Sebastian ","tipo_persona":"conductor","tipo_pago":"cuotas","estado_contrato":null}
[14-Mar-2026 09:36:12 America/Lima] Fila encontrada: {"id_pago":"179","monto":"250.00","fecha_emision":"2025-07-09 13:35:26","ruta":"files\/notasPagoInscripcion\/nota_venta_395.pdf","id_asesor":"82","nombre_persona":"BENJAMIN HUGO CHURA RUELAS","nro_identidad":"75112767","num_unidad":"304","nombre_asesor":"Leslie Machaca","tipo_persona":"conductor","tipo_pago":"contado","estado_contrato":null}
[14-Mar-2026 09:36:12 America/Lima] Fila encontrada: {"id_pago":"178","monto":"50.00","fecha_emision":"2025-07-08 18:17:54","ruta":"files\/notasPagoInscripcion\/nota_venta_186.pdf","id_asesor":"85","nombre_persona":"JUAN MANUEL FOLLANO GRANADA","nro_identidad":"45930482","num_unidad":"294","nombre_asesor":"yessenia avalos ","tipo_persona":"conductor","tipo_pago":"cuotas","estado_contrato":null}
[14-Mar-2026 09:36:12 America/Lima] Fila encontrada: {"id_pago":"177","monto":"100.00","fecha_emision":"2025-07-08 00:16:32","ruta":"files\/notasPagoInscripcion\/nota_venta_394.pdf","id_asesor":"85","nombre_persona":"RAUL HERNAN CONDORI LUQUE","nro_identidad":"72570984","num_unidad":"4","nombre_asesor":"yessenia avalos ","tipo_persona":"conductor","tipo_pago":"cuotas","estado_contrato":null}
[14-Mar-2026 09:36:12 America/Lima] Fila encontrada: {"id_pago":"176","monto":"150.00","fecha_emision":"2025-07-08 00:15:34","ruta":"files\/notasPagoInscripcion\/nota_venta_393.pdf","id_asesor":"85","nombre_persona":"RAUL HERNAN CONDORI LUQUE","nro_identidad":"72570984","num_unidad":"4","nombre_asesor":"yessenia avalos ","tipo_persona":"conductor","tipo_pago":"cuotas","estado_contrato":null}
[14-Mar-2026 09:36:12 America/Lima] Fila encontrada: {"id_pago":"175","monto":"100.00","fecha_emision":"2025-07-08 00:11:43","ruta":"files\/notasPagoInscripcion\/nota_venta_392.pdf","id_asesor":"85","nombre_persona":"RAUL HERNAN CONDORI LUQUE","nro_identidad":"72570984","num_unidad":"4","nombre_asesor":"yessenia avalos ","tipo_persona":"conductor","tipo_pago":"cuotas","estado_contrato":null}
[14-Mar-2026 09:36:12 America/Lima] Fila encontrada: {"id_pago":"174","monto":"100.00","fecha_emision":"2025-07-07 18:50:59","ruta":"files\/notasPagoInscripcion\/nota_venta_391.pdf","id_asesor":"97","nombre_persona":"JOSEPH AUGUSTO CUSI QUI\u00d1O","nro_identidad":"75410342","num_unidad":"303","nombre_asesor":"AqpgoBox ","tipo_persona":"conductor","tipo_pago":"cuotas","estado_contrato":null}
[14-Mar-2026 09:36:12 America/Lima] Fila encontrada: {"id_pago":"173","monto":"250.00","fecha_emision":"2025-07-07 16:36:41","ruta":"files\/notasPagoInscripcion\/nota_venta_390.pdf","id_asesor":"105","nombre_persona":"RICARDO DELGADO CENTTY","nro_identidad":"70603636","num_unidad":"302","nombre_asesor":"Sebastian ","tipo_persona":"conductor","tipo_pago":"contado","estado_contrato":null}
[14-Mar-2026 09:36:12 America/Lima] Fila encontrada: {"id_pago":"172","monto":"150.00","fecha_emision":"2025-07-07 11:55:36","ruta":"files\/notasPagoInscripcion\/nota_venta_389.pdf","id_asesor":"83","nombre_persona":"EDIMAR EDUARDO VASQUEZ SOLIS","nro_identidad":"72856944","num_unidad":"3","nombre_asesor":"Angel Mu\u00f1oz","tipo_persona":"conductor","tipo_pago":"contado","estado_contrato":null}
[14-Mar-2026 09:36:12 America/Lima] Fila encontrada: {"id_pago":"171","monto":"150.00","fecha_emision":"2025-07-04 14:39:25","ruta":"files\/notasPagoInscripcion\/nota_venta_179.pdf","id_asesor":"82","nombre_persona":"EFRAIN OMAR BALBIN RAMIREZ","nro_identidad":"41506842","num_unidad":"280","nombre_asesor":"Leslie Machaca","tipo_persona":"conductor","tipo_pago":"cuotas","estado_contrato":null}
[14-Mar-2026 09:36:12 America/Lima] Fila encontrada: {"id_pago":"170","monto":"100.00","fecha_emision":"2025-07-02 19:14:48","ruta":"files\/notasPagoInscripcion\/nota_venta_388.pdf","id_asesor":"82","nombre_persona":"PAUL EDINSON LLAYQUI CUTIPA","nro_identidad":"72907234","num_unidad":"301","nombre_asesor":"Leslie Machaca","tipo_persona":"conductor","tipo_pago":"cuotas","estado_contrato":null}
[14-Mar-2026 09:36:12 America/Lima] Fila encontrada: {"id_pago":"169","monto":"100.00","fecha_emision":"2025-07-01 19:07:45","ruta":"files\/notasPagoInscripcion\/nota_venta_387.pdf","id_asesor":"82","nombre_persona":"KATHERINE JIMENEZ VALDERRAMA","nro_identidad":"72378529","num_unidad":"300","nombre_asesor":"Leslie Machaca","tipo_persona":"conductor","tipo_pago":"cuotas","estado_contrato":null}
[14-Mar-2026 09:36:12 America/Lima] Fila encontrada: {"id_pago":"168","monto":"50.00","fecha_emision":"2025-07-01 13:44:01","ruta":"files\/notasPagoInscripcion\/nota_venta_176.pdf","id_asesor":"80","nombre_persona":"JUAN MANUEL FOLLANO GRANADA","nro_identidad":"45930482","num_unidad":"294","nombre_asesor":null,"tipo_persona":"conductor","tipo_pago":"cuotas","estado_contrato":null}
[14-Mar-2026 09:36:12 America/Lima] Fila encontrada: {"id_pago":"167","monto":"50.00","fecha_emision":"2025-07-01 12:07:10","ruta":"files\/notasPagoInscripcion\/nota_venta_175.pdf","id_asesor":"80","nombre_persona":"PETER TOTO ORTEGA TICONA","nro_identidad":"77821864","num_unidad":"297","nombre_asesor":null,"tipo_persona":"conductor","tipo_pago":"cuotas","estado_contrato":null}
[14-Mar-2026 09:36:12 America/Lima] Fila encontrada: {"id_pago":"166","monto":"150.00","fecha_emision":"2025-07-01 12:02:16","ruta":"files\/notasPagoInscripcion\/nota_venta_174.pdf","id_asesor":"80","nombre_persona":"ROLANDO DAVID VILCA MAMANI","nro_identidad":"43242132","num_unidad":"291","nombre_asesor":null,"tipo_persona":"conductor","tipo_pago":"cuotas","estado_contrato":null}
[14-Mar-2026 09:36:12 America/Lima] Fila encontrada: {"id_pago":"165","monto":"200.00","fecha_emision":"2025-07-01 11:43:03","ruta":"files\/notasPagoInscripcion\/nota_venta_386.pdf","id_asesor":"97","nombre_persona":"GUSTAVO ALONSO BANDA RIVERA","nro_identidad":"70360289","num_unidad":"299","nombre_asesor":"AqpgoBox ","tipo_persona":"conductor","tipo_pago":"contado","estado_contrato":null}
[14-Mar-2026 09:36:12 America/Lima] Fila encontrada: {"id_pago":"164","monto":"150.00","fecha_emision":"2025-06-27 17:31:37","ruta":"files\/notasPagoInscripcion\/nota_venta_385.pdf","id_asesor":"83","nombre_persona":"AGSEL GUILLERMO GONZALES ARCE","nro_identidad":"75594783","num_unidad":"1","nombre_asesor":"Angel Mu\u00f1oz","tipo_persona":"conductor","tipo_pago":"contado","estado_contrato":null}
[14-Mar-2026 09:36:12 America/Lima] Fila encontrada: {"id_pago":"163","monto":"250.00","fecha_emision":"2025-06-24 20:28:11","ruta":"files\/notasPagoInscripcion\/nota_venta_384.pdf","id_asesor":"82","nombre_persona":"DANIEL EDUARDO MOLLEPAZA CHURAPA","nro_identidad":"47259596","num_unidad":"298","nombre_asesor":"Leslie Machaca","tipo_persona":"conductor","tipo_pago":"contado","estado_contrato":null}
[14-Mar-2026 09:36:12 America/Lima] Fila encontrada: {"id_pago":"162","monto":"50.00","fecha_emision":"2025-06-23 17:02:22","ruta":"files\/notasPagoInscripcion\/nota_venta_170.pdf","id_asesor":"80","nombre_persona":"JUAN MANUEL FOLLANO GRANADA","nro_identidad":"45930482","num_unidad":"294","nombre_asesor":null,"tipo_persona":"conductor","tipo_pago":"cuotas","estado_contrato":null}
[14-Mar-2026 09:36:12 America/Lima] Fila encontrada: {"id_pago":"161","monto":"250.00","fecha_emision":"2025-06-20 11:41:55","ruta":"files\/notasPagoInscripcion\/nota_venta_383.pdf","id_asesor":"80","nombre_persona":"ARNOLD RAMIRO NARVAEZ INFA","nro_identidad":"45686567","num_unidad":"295","nombre_asesor":null,"tipo_persona":"conductor","tipo_pago":"contado","estado_contrato":null}
[14-Mar-2026 09:36:12 America/Lima] Fila encontrada: {"id_pago":"160","monto":"100.00","fecha_emision":"2025-06-20 11:16:24","ruta":"files\/notasPagoInscripcion\/nota_venta_382.pdf","id_asesor":"82","nombre_persona":"PETER TOTO ORTEGA TICONA","nro_identidad":"77821864","num_unidad":"297","nombre_asesor":"Leslie Machaca","tipo_persona":"conductor","tipo_pago":"cuotas","estado_contrato":null}
[14-Mar-2026 09:36:12 America/Lima] Fila encontrada: {"id_pago":"159","monto":"250.00","fecha_emision":"2025-06-19 11:32:47","ruta":"files\/notasPagoInscripcion\/nota_venta_381.pdf","id_asesor":"82","nombre_persona":"JUAN CARLOS MAMANI HUAYNAPATA","nro_identidad":"80614085","num_unidad":"296","nombre_asesor":"Leslie Machaca","tipo_persona":"conductor","tipo_pago":"contado","estado_contrato":null}
[14-Mar-2026 09:36:12 America/Lima] Fila encontrada: {"id_pago":"158","monto":"150.00","fecha_emision":"2025-06-17 19:07:22","ruta":"files\/notasPagoInscripcion\/nota_venta_380.pdf","id_asesor":"90","nombre_persona":"ARNOLD RAMIRO NARVAEZ INFA","nro_identidad":"45686567","num_unidad":"295","nombre_asesor":null,"tipo_persona":"conductor","tipo_pago":"cuotas","estado_contrato":null}
[14-Mar-2026 09:36:12 America/Lima] Fila encontrada: {"id_pago":"157","monto":"100.00","fecha_emision":"2025-06-14 13:50:31","ruta":"files\/notasPagoInscripcion\/nota_venta_379.pdf","id_asesor":"85","nombre_persona":"JUAN MANUEL FOLLANO GRANADA","nro_identidad":"45930482","num_unidad":"294","nombre_asesor":"yessenia avalos ","tipo_persona":"conductor","tipo_pago":"cuotas","estado_contrato":null}
[14-Mar-2026 09:36:12 America/Lima] Fila encontrada: {"id_pago":"156","monto":"100.00","fecha_emision":"2025-06-10 17:09:29","ruta":"files\/notasPagoInscripcion\/nota_venta_378.pdf","id_asesor":"83","nombre_persona":"KAREN CCOA CACERES","nro_identidad":"48363685","num_unidad":"293","nombre_asesor":"Angel Mu\u00f1oz","tipo_persona":"conductor","tipo_pago":"cuotas","estado_contrato":null}
[14-Mar-2026 09:36:12 America/Lima] Fila encontrada: {"id_pago":"155","monto":"150.00","fecha_emision":"2025-06-09 14:45:20","ruta":"files\/notasPagoInscripcion\/nota_venta_377.pdf","id_asesor":"90","nombre_persona":"Jose Alejandro Rodriguez Velasquez","nro_identidad":"007309912","num_unidad":"2","nombre_asesor":null,"tipo_persona":"conductor","tipo_pago":"contado","estado_contrato":null}
[14-Mar-2026 09:36:12 America/Lima] Fila encontrada: {"id_pago":"154","monto":"50.00","fecha_emision":"2025-06-02 11:00:25","ruta":"files\/notasPagoInscripcion\/nota_venta_162.pdf","id_asesor":"80","nombre_persona":"IVAN ELIAZAR CRUZ NINA","nro_identidad":"47301907","num_unidad":"289","nombre_asesor":null,"tipo_persona":"conductor","tipo_pago":"cuotas","estado_contrato":null}
[14-Mar-2026 09:36:12 America/Lima] Fila encontrada: {"id_pago":"153","monto":"50.00","fecha_emision":"2025-05-29 09:49:03","ruta":"files\/notasPagoInscripcion\/nota_venta_161.pdf","id_asesor":"80","nombre_persona":"CESAR AUGUSTO MORAN DIAZ","nro_identidad":"29703708","num_unidad":"288","nombre_asesor":null,"tipo_persona":"conductor","tipo_pago":"cuotas","estado_contrato":null}
[14-Mar-2026 09:36:12 America/Lima] Fila encontrada: {"id_pago":"152","monto":"50.00","fecha_emision":"2025-05-29 09:30:32","ruta":"files\/notasPagoInscripcion\/nota_venta_160.pdf","id_asesor":"80","nombre_persona":"EDUARDO OMAR AGOSTINELLI SAMANEZ","nro_identidad":"40198061","num_unidad":"287","nombre_asesor":null,"tipo_persona":"conductor","tipo_pago":"cuotas","estado_contrato":null}
[14-Mar-2026 09:36:12 America/Lima] Fila encontrada: {"id_pago":"151","monto":"250.00","fecha_emision":"2025-05-28 18:39:44","ruta":"files\/notasPagoInscripcion\/nota_venta_376.pdf","id_asesor":"83","nombre_persona":"JONATHAN ALFREDO CLAVERIAS ROMAN","nro_identidad":"76384781","num_unidad":"292","nombre_asesor":"Angel Mu\u00f1oz","tipo_persona":"conductor","tipo_pago":"contado","estado_contrato":null}
[14-Mar-2026 09:36:12 America/Lima] Fila encontrada: {"id_pago":"150","monto":"50.00","fecha_emision":"2025-05-26 13:29:16","ruta":"files\/notasPagoInscripcion\/nota_venta_158.pdf","id_asesor":"82","nombre_persona":"WILDER AMERICO TIPULA GUTIERREZ","nro_identidad":"74325995","num_unidad":"286","nombre_asesor":"Leslie Machaca","tipo_persona":"conductor","tipo_pago":"cuotas","estado_contrato":null}
[14-Mar-2026 09:36:12 America/Lima] Fila encontrada: {"id_pago":"149","monto":"50.00","fecha_emision":"2025-05-26 12:06:59","ruta":"files\/notasPagoInscripcion\/nota_venta_157.pdf","id_asesor":"82","nombre_persona":"IVAN ELIAZAR CRUZ NINA","nro_identidad":"47301907","num_unidad":"289","nombre_asesor":"Leslie Machaca","tipo_persona":"conductor","tipo_pago":"cuotas","estado_contrato":null}
[14-Mar-2026 09:36:12 America/Lima] Fila encontrada: {"id_pago":"148","monto":"50.00","fecha_emision":"2025-05-26 10:20:32","ruta":"files\/notasPagoInscripcion\/nota_venta_156.pdf","id_asesor":"80","nombre_persona":"CESAR AUGUSTO MORAN DIAZ","nro_identidad":"29703708","num_unidad":"288","nombre_asesor":null,"tipo_persona":"conductor","tipo_pago":"cuotas","estado_contrato":null}
[14-Mar-2026 09:36:12 America/Lima] Fila encontrada: {"id_pago":"147","monto":"100.00","fecha_emision":"2025-05-21 16:11:59","ruta":"files\/notasPagoInscripcion\/nota_venta_375.pdf","id_asesor":"80","nombre_persona":"ROLANDO DAVID VILCA MAMANI","nro_identidad":"43242132","num_unidad":"291","nombre_asesor":null,"tipo_persona":"conductor","tipo_pago":"cuotas","estado_contrato":null}
[14-Mar-2026 09:36:12 America/Lima] Fila encontrada: {"id_pago":"146","monto":"100.00","fecha_emision":"2025-05-21 15:49:49","ruta":"files\/notasPagoInscripcion\/nota_venta_374.pdf","id_asesor":"82","nombre_persona":"ROLANDO DAVID VILCA MAMANI","nro_identidad":"43242132","num_unidad":"291","nombre_asesor":"Leslie Machaca","tipo_persona":"conductor","tipo_pago":"cuotas","estado_contrato":null}
[14-Mar-2026 09:36:12 America/Lima] Fila encontrada: {"id_pago":"145","monto":"50.00","fecha_emision":"2025-05-21 11:58:37","ruta":"files\/notasPagoInscripcion\/nota_venta_153.pdf","id_asesor":"82","nombre_persona":"EDUARDO OMAR AGOSTINELLI SAMANEZ","nro_identidad":"40198061","num_unidad":"287","nombre_asesor":"Leslie Machaca","tipo_persona":"conductor","tipo_pago":"cuotas","estado_contrato":null}
[14-Mar-2026 09:36:12 America/Lima] Fila encontrada: {"id_pago":"144","monto":"50.00","fecha_emision":"2025-05-21 09:50:00","ruta":"files\/notasPagoInscripcion\/nota_venta_152.pdf","id_asesor":"82","nombre_persona":"JOHNNY ABEL YEPEZ CHURA","nro_identidad":"46617912","num_unidad":"244","nombre_asesor":"Leslie Machaca","tipo_persona":"conductor","tipo_pago":"cuotas","estado_contrato":null}
[14-Mar-2026 09:36:12 America/Lima] Fila encontrada: {"id_pago":"142","monto":"50.00","fecha_emision":"2025-05-20 10:59:11","ruta":"files\/notasPagoInscripcion\/nota_venta_150.pdf","id_asesor":"80","nombre_persona":"WILDER AMERICO TIPULA GUTIERREZ","nro_identidad":"74325995","num_unidad":"286","nombre_asesor":null,"tipo_persona":"conductor","tipo_pago":"cuotas","estado_contrato":null}
[14-Mar-2026 09:36:12 America/Lima] Fila encontrada: {"id_pago":"141","monto":"50.00","fecha_emision":"2025-05-20 10:54:02","ruta":"files\/notasPagoInscripcion\/nota_venta_149.pdf","id_asesor":"80","nombre_persona":"IVAN ELIAZAR CRUZ NINA","nro_identidad":"47301907","num_unidad":"289","nombre_asesor":null,"tipo_persona":"conductor","tipo_pago":"cuotas","estado_contrato":null}
[14-Mar-2026 09:36:12 America/Lima] Fila encontrada: {"id_pago":"140","monto":"50.00","fecha_emision":"2025-05-20 10:52:06","ruta":"files\/notasPagoInscripcion\/nota_venta_148.pdf","id_asesor":"80","nombre_persona":"MIGUEL ANGEL PINO LUNA","nro_identidad":"23980346","num_unidad":"283","nombre_asesor":null,"tipo_persona":"conductor","tipo_pago":"cuotas","estado_contrato":null}
[14-Mar-2026 09:36:12 America/Lima] Fila encontrada: {"id_pago":"139","monto":"50.00","fecha_emision":"2025-05-19 11:11:58","ruta":"files\/notasPagoInscripcion\/nota_venta_147.pdf","id_asesor":"82","nombre_persona":"MANUEL ENRIQUE CHAFLOQUE AQUIJE","nro_identidad":"40535394","num_unidad":"282","nombre_asesor":"Leslie Machaca","tipo_persona":"conductor","tipo_pago":"cuotas","estado_contrato":null}
[14-Mar-2026 09:36:12 America/Lima] Fila encontrada: {"id_pago":"138","monto":"50.00","fecha_emision":"2025-05-16 10:02:01","ruta":"files\/notasPagoInscripcion\/nota_venta_146.pdf","id_asesor":"80","nombre_persona":"MIGUEL ANGEL PINO LUNA","nro_identidad":"23980346","num_unidad":"283","nombre_asesor":null,"tipo_persona":"conductor","tipo_pago":"cuotas","estado_contrato":null}
[14-Mar-2026 09:36:12 America/Lima] Fila encontrada: {"id_pago":"137","monto":"50.00","fecha_emision":"2025-05-15 13:55:30","ruta":"files\/notasPagoInscripcion\/nota_venta_145.pdf","id_asesor":"82","nombre_persona":"CESAR AUGUSTO MORAN DIAZ","nro_identidad":"29703708","num_unidad":"288","nombre_asesor":"Leslie Machaca","tipo_persona":"conductor","tipo_pago":"cuotas","estado_contrato":null}
[14-Mar-2026 09:36:12 America/Lima] Fila encontrada: {"id_pago":"136","monto":"250.00","fecha_emision":"2025-05-15 12:43:52","ruta":"files\/notasPagoInscripcion\/nota_venta_372.pdf","id_asesor":"82","nombre_persona":"JAVIER ALONSO SALAS SIERRA","nro_identidad":"29721214","num_unidad":"290","nombre_asesor":"Leslie Machaca","tipo_persona":"conductor","tipo_pago":"contado","estado_contrato":null}
[14-Mar-2026 09:36:12 America/Lima] Fila encontrada: {"id_pago":"135","monto":"50.00","fecha_emision":"2025-05-14 10:41:25","ruta":"files\/notasPagoInscripcion\/nota_venta_143.pdf","id_asesor":"82","nombre_persona":"EDUARDO OMAR AGOSTINELLI SAMANEZ","nro_identidad":"40198061","num_unidad":"287","nombre_asesor":"Leslie Machaca","tipo_persona":"conductor","tipo_pago":"cuotas","estado_contrato":null}
[14-Mar-2026 09:36:12 America/Lima] Fila encontrada: {"id_pago":"134","monto":"50.00","fecha_emision":"2025-05-12 12:56:27","ruta":"files\/notasPagoInscripcion\/nota_venta_142.pdf","id_asesor":"82","nombre_persona":"WILDER AMERICO TIPULA GUTIERREZ","nro_identidad":"74325995","num_unidad":"286","nombre_asesor":"Leslie Machaca","tipo_persona":"conductor","tipo_pago":"cuotas","estado_contrato":null}
[14-Mar-2026 09:36:12 America/Lima] Fila encontrada: {"id_pago":"133","monto":"100.00","fecha_emision":"2025-05-12 12:12:21","ruta":"files\/notasPagoInscripcion\/nota_venta_371.pdf","id_asesor":"82","nombre_persona":"IVAN ELIAZAR CRUZ NINA","nro_identidad":"47301907","num_unidad":"289","nombre_asesor":"Leslie Machaca","tipo_persona":"conductor","tipo_pago":"cuotas","estado_contrato":null}
[14-Mar-2026 09:36:12 America/Lima] Fila encontrada: {"id_pago":"132","monto":"100.00","fecha_emision":"2025-05-10 12:00:26","ruta":"files\/notasPagoInscripcion\/nota_venta_140.pdf","id_asesor":"82","nombre_persona":"MANUEL ENRIQUE CHAFLOQUE AQUIJE","nro_identidad":"40535394","num_unidad":"282","nombre_asesor":"Leslie Machaca","tipo_persona":"conductor","tipo_pago":"cuotas","estado_contrato":null}
[14-Mar-2026 09:36:12 America/Lima] Fila encontrada: {"id_pago":"131","monto":"100.00","fecha_emision":"2025-05-08 11:19:51","ruta":"files\/notasPagoInscripcion\/nota_venta_370.pdf","id_asesor":"80","nombre_persona":"CESAR AUGUSTO MORAN DIAZ","nro_identidad":"29703708","num_unidad":"288","nombre_asesor":null,"tipo_persona":"conductor","tipo_pago":"cuotas","estado_contrato":null}
[14-Mar-2026 09:36:12 America/Lima] Fila encontrada: {"id_pago":"130","monto":"50.00","fecha_emision":"2025-05-08 09:38:59","ruta":"files\/notasPagoInscripcion\/nota_venta_138.pdf","id_asesor":"80","nombre_persona":"SMIT MARIO ROQUE ITO","nro_identidad":"47020552","num_unidad":"281","nombre_asesor":null,"tipo_persona":"conductor","tipo_pago":"cuotas","estado_contrato":null}
[14-Mar-2026 09:36:12 America/Lima] Fila encontrada: {"id_pago":"129","monto":"50.00","fecha_emision":"2025-05-07 11:43:11","ruta":"files\/notasPagoInscripcion\/nota_venta_137.pdf","id_asesor":"80","nombre_persona":"JESUS JORDAN SALAS VALENCIA","nro_identidad":"45573648","num_unidad":"276","nombre_asesor":null,"tipo_persona":"conductor","tipo_pago":"cuotas","estado_contrato":null}
[14-Mar-2026 09:36:12 America/Lima] Fila encontrada: {"id_pago":"128","monto":"100.00","fecha_emision":"2025-05-07 10:30:59","ruta":"files\/notasPagoInscripcion\/nota_venta_369.pdf","id_asesor":"80","nombre_persona":"EDUARDO OMAR AGOSTINELLI SAMANEZ","nro_identidad":"40198061","num_unidad":"287","nombre_asesor":null,"tipo_persona":"conductor","tipo_pago":"cuotas","estado_contrato":null}
[14-Mar-2026 09:36:12 America/Lima] Fila encontrada: {"id_pago":"127","monto":"100.00","fecha_emision":"2025-05-05 15:44:59","ruta":"files\/notasPagoInscripcion\/nota_venta_368.pdf","id_asesor":"82","nombre_persona":"WILDER AMERICO TIPULA GUTIERREZ","nro_identidad":"74325995","num_unidad":"286","nombre_asesor":"Leslie Machaca","tipo_persona":"conductor","tipo_pago":"cuotas","estado_contrato":null}
[14-Mar-2026 09:36:12 America/Lima] Fila encontrada: {"id_pago":"126","monto":"50.00","fecha_emision":"2025-05-05 12:46:09","ruta":"files\/notasPagoInscripcion\/nota_venta_134.pdf","id_asesor":"80","nombre_persona":"NESTOR EDUARDO ARANCIBIA PINEDA","nro_identidad":"76644271","num_unidad":"277","nombre_asesor":null,"tipo_persona":"conductor","tipo_pago":"cuotas","estado_contrato":null}
[14-Mar-2026 09:36:12 America/Lima] Fila encontrada: {"id_pago":"125","monto":"50.00","fecha_emision":"2025-05-05 11:55:17","ruta":"files\/notasPagoInscripcion\/nota_venta_133.pdf","id_asesor":"80","nombre_persona":"MIGUEL ANGEL PINO LUNA","nro_identidad":"23980346","num_unidad":"283","nombre_asesor":null,"tipo_persona":"conductor","tipo_pago":"cuotas","estado_contrato":null}
[14-Mar-2026 09:36:12 America/Lima] Fila encontrada: {"id_pago":"124","monto":"50.00","fecha_emision":"2025-05-01 10:07:32","ruta":"files\/notasPagoInscripcion\/nota_venta_132.pdf","id_asesor":"80","nombre_persona":"SMIT MARIO ROQUE ITO","nro_identidad":"47020552","num_unidad":"281","nombre_asesor":null,"tipo_persona":"conductor","tipo_pago":"cuotas","estado_contrato":null}
[14-Mar-2026 09:36:12 America/Lima] Fila encontrada: {"id_pago":"123","monto":"50.00","fecha_emision":"2025-05-01 10:07:11","ruta":"files\/notasPagoInscripcion\/nota_venta_131.pdf","id_asesor":"80","nombre_persona":"SMIT MARIO ROQUE ITO","nro_identidad":"47020552","num_unidad":"281","nombre_asesor":null,"tipo_persona":"conductor","tipo_pago":"cuotas","estado_contrato":null}
[14-Mar-2026 09:36:12 America/Lima] Fila encontrada: {"id_pago":"122","monto":"50.00","fecha_emision":"2025-04-30 11:57:07","ruta":"files\/notasPagoInscripcion\/nota_venta_130.pdf","id_asesor":"80","nombre_persona":"MARCO ANTONIO RIOS SANTOS","nro_identidad":"22100610","num_unidad":"274","nombre_asesor":null,"tipo_persona":"conductor","tipo_pago":"cuotas","estado_contrato":null}
[14-Mar-2026 09:36:12 America/Lima] Fila encontrada: {"id_pago":"121","monto":"50.00","fecha_emision":"2025-04-29 10:50:40","ruta":"files\/notasPagoInscripcion\/nota_venta_129.pdf","id_asesor":"82","nombre_persona":"CARLOS MARTIN  RIVA CASTILLO","nro_identidad":"005622617","num_unidad":"273","nombre_asesor":"Leslie Machaca","tipo_persona":"conductor","tipo_pago":"cuotas","estado_contrato":null}
[14-Mar-2026 09:36:12 America/Lima] Fila encontrada: {"id_pago":"120","monto":"150.00","fecha_emision":"2025-04-28 14:21:38","ruta":"files\/notasPagoInscripcion\/nota_venta_367.pdf","id_asesor":"82","nombre_persona":"EDGAR JUAN HUANCACHOQUE CHIJCHEAPAZA","nro_identidad":"42575441","num_unidad":"285","nombre_asesor":"Leslie Machaca","tipo_persona":"conductor","tipo_pago":"cuotas","estado_contrato":null}
[14-Mar-2026 09:36:12 America/Lima] Fila encontrada: {"id_pago":"119","monto":"100.00","fecha_emision":"2025-04-28 13:51:13","ruta":"files\/notasPagoInscripcion\/nota_venta_366.pdf","id_asesor":"80","nombre_persona":"FRANCO RYAN MONTES DAVID","nro_identidad":"73861769","num_unidad":"284","nombre_asesor":null,"tipo_persona":"conductor","tipo_pago":"cuotas","estado_contrato":null}
[14-Mar-2026 09:36:12 America/Lima] Fila encontrada: {"id_pago":"118","monto":"100.00","fecha_emision":"2025-04-28 11:49:46","ruta":"files\/notasPagoInscripcion\/nota_venta_365.pdf","id_asesor":"82","nombre_persona":"MIGUEL ANGEL PINO LUNA","nro_identidad":"23980346","num_unidad":"283","nombre_asesor":"Leslie Machaca","tipo_persona":"conductor","tipo_pago":"cuotas","estado_contrato":null}
[14-Mar-2026 09:36:12 America/Lima] Fila encontrada: {"id_pago":"117","monto":"50.00","fecha_emision":"2025-04-28 09:42:52","ruta":"files\/notasPagoInscripcion\/nota_venta_125.pdf","id_asesor":"80","nombre_persona":"NESTOR EDUARDO ARANCIBIA PINEDA","nro_identidad":"76644271","num_unidad":"277","nombre_asesor":null,"tipo_persona":"conductor","tipo_pago":"cuotas","estado_contrato":null}
[14-Mar-2026 09:36:12 America/Lima] Fila encontrada: {"id_pago":"116","monto":"100.00","fecha_emision":"2025-04-26 10:40:36","ruta":"files\/notasPagoInscripcion\/nota_venta_364.pdf","id_asesor":"80","nombre_persona":"MANUEL ENRIQUE CHAFLOQUE AQUIJE","nro_identidad":"40535394","num_unidad":"282","nombre_asesor":null,"tipo_persona":"conductor","tipo_pago":"cuotas","estado_contrato":null}
[14-Mar-2026 09:36:12 America/Lima] Fila encontrada: {"id_pago":"115","monto":"50.00","fecha_emision":"2025-04-24 14:13:14","ruta":"files\/notasPagoInscripcion\/nota_venta_123.pdf","id_asesor":"82","nombre_persona":"JESUS JORDAN SALAS VALENCIA","nro_identidad":"45573648","num_unidad":"276","nombre_asesor":"Leslie Machaca","tipo_persona":"conductor","tipo_pago":"cuotas","estado_contrato":null}
[14-Mar-2026 09:36:12 America/Lima] Fila encontrada: {"id_pago":"114","monto":"50.00","fecha_emision":"2025-04-24 09:16:36","ruta":"files\/notasPagoInscripcion\/nota_venta_122.pdf","id_asesor":"80","nombre_persona":"MIGUEL ANGEL CONDORI SALAS","nro_identidad":"75185244","num_unidad":"271","nombre_asesor":null,"tipo_persona":"conductor","tipo_pago":"cuotas","estado_contrato":null}
[14-Mar-2026 09:36:12 America/Lima] Fila encontrada: {"id_pago":"112","monto":"50.00","fecha_emision":"2025-04-23 12:01:41","ruta":"files\/notasPagoInscripcion\/nota_venta_120.pdf","id_asesor":"80","nombre_persona":"MARCO ANTONIO RIOS SANTOS","nro_identidad":"22100610","num_unidad":"274","nombre_asesor":null,"tipo_persona":"conductor","tipo_pago":"cuotas","estado_contrato":null}
[14-Mar-2026 09:36:12 America/Lima] Fila encontrada: {"id_pago":"111","monto":"100.00","fecha_emision":"2025-04-23 11:21:25","ruta":"files\/notasPagoInscripcion\/nota_venta_362.pdf","id_asesor":"80","nombre_persona":"SMIT MARIO ROQUE ITO","nro_identidad":"47020552","num_unidad":"281","nombre_asesor":null,"tipo_persona":"conductor","tipo_pago":"cuotas","estado_contrato":null}
[14-Mar-2026 09:36:12 America/Lima] Fila encontrada: {"id_pago":"110","monto":"100.00","fecha_emision":"2025-04-22 13:00:24","ruta":"files\/notasPagoInscripcion\/nota_venta_118.pdf","id_asesor":"80","nombre_persona":"HUBERT JESUS ALVAREZ MAMANI","nro_identidad":"40198998","num_unidad":"248","nombre_asesor":null,"tipo_persona":"conductor","tipo_pago":"cuotas","estado_contrato":null}
[14-Mar-2026 09:36:12 America/Lima] Fila encontrada: {"id_pago":"109","monto":"50.00","fecha_emision":"2025-04-22 12:05:38","ruta":"files\/notasPagoInscripcion\/nota_venta_117.pdf","id_asesor":"80","nombre_persona":"CARLOS MARTIN  RIVA CASTILLO","nro_identidad":"005622617","num_unidad":"273","nombre_asesor":null,"tipo_persona":"conductor","tipo_pago":"cuotas","estado_contrato":null}
[14-Mar-2026 09:36:12 America/Lima] Fila encontrada: {"id_pago":"108","monto":"50.00","fecha_emision":"2025-04-22 10:07:49","ruta":"files\/notasPagoInscripcion\/nota_venta_116.pdf","id_asesor":"80","nombre_persona":"CARLOS ALBERTO LLUTARI HERRERA","nro_identidad":"46735447","num_unidad":"272","nombre_asesor":null,"tipo_persona":"conductor","tipo_pago":"cuotas","estado_contrato":null}
[14-Mar-2026 09:36:12 America/Lima] Fila encontrada: {"id_pago":"107","monto":"100.00","fecha_emision":"2025-04-22 09:39:04","ruta":"files\/notasPagoInscripcion\/nota_venta_361.pdf","id_asesor":"80","nombre_persona":"EFRAIN OMAR BALBIN RAMIREZ","nro_identidad":"41506842","num_unidad":"280","nombre_asesor":null,"tipo_persona":"conductor","tipo_pago":"cuotas","estado_contrato":null}
[14-Mar-2026 09:36:12 America/Lima] Fila encontrada: {"id_pago":"106","monto":"100.00","fecha_emision":"2025-04-21 16:43:40","ruta":"files\/notasPagoInscripcion\/nota_venta_360.pdf","id_asesor":"82","nombre_persona":"EFRAIN OMAR BALBIN RAMIREZ","nro_identidad":"41506842","num_unidad":"280","nombre_asesor":"Leslie Machaca","tipo_persona":"conductor","tipo_pago":"cuotas","estado_contrato":null}
[14-Mar-2026 09:36:12 America/Lima] Fila encontrada: {"id_pago":"105","monto":"50.00","fecha_emision":"2025-04-21 09:59:36","ruta":"files\/notasPagoInscripcion\/nota_venta_113.pdf","id_asesor":"80","nombre_persona":"JESUS JORDAN SALAS VALENCIA","nro_identidad":"45573648","num_unidad":"276","nombre_asesor":null,"tipo_persona":"conductor","tipo_pago":"cuotas","estado_contrato":null}
[14-Mar-2026 09:36:12 America/Lima] Fila encontrada: {"id_pago":"104","monto":"50.00","fecha_emision":"2025-04-21 09:41:32","ruta":"files\/notasPagoInscripcion\/nota_venta_112.pdf","id_asesor":"80","nombre_persona":"NESTOR EDUARDO ARANCIBIA PINEDA","nro_identidad":"76644271","num_unidad":"277","nombre_asesor":null,"tipo_persona":"conductor","tipo_pago":"cuotas","estado_contrato":null}
[14-Mar-2026 09:36:12 America/Lima] Fila encontrada: {"id_pago":"103","monto":"50.00","fecha_emision":"2025-04-17 09:46:18","ruta":"files\/notasPagoInscripcion\/nota_venta_111.pdf","id_asesor":"80","nombre_persona":"MARCO ANTONIO RIOS SANTOS","nro_identidad":"22100610","num_unidad":"274","nombre_asesor":null,"tipo_persona":"conductor","tipo_pago":"cuotas","estado_contrato":null}
[14-Mar-2026 09:36:12 America/Lima] Fila encontrada: {"id_pago":"102","monto":"250.00","fecha_emision":"2025-04-15 16:50:30","ruta":"files\/notasPagoInscripcion\/nota_venta_359.pdf","id_asesor":"83","nombre_persona":"JHON FREDY MALDONADO CJURO","nro_identidad":"74837672","num_unidad":"279","nombre_asesor":"Angel Mu\u00f1oz","tipo_persona":"conductor","tipo_pago":"contado","estado_contrato":null}
[14-Mar-2026 09:36:12 America/Lima] Fila encontrada: {"id_pago":"101","monto":"50.00","fecha_emision":"2025-04-15 11:03:55","ruta":"files\/notasPagoInscripcion\/nota_venta_109.pdf","id_asesor":"80","nombre_persona":"CARLOS MARTIN  RIVA CASTILLO","nro_identidad":"005622617","num_unidad":"273","nombre_asesor":null,"tipo_persona":"conductor","tipo_pago":"cuotas","estado_contrato":null}
[14-Mar-2026 09:36:12 America/Lima] Fila encontrada: {"id_pago":"100","monto":"250.00","fecha_emision":"2025-04-15 10:12:39","ruta":"files\/notasPagoInscripcion\/nota_venta_358.pdf","id_asesor":"80","nombre_persona":"EDWIN ALCANTARA CHURATA SULCA","nro_identidad":"44781781","num_unidad":"278","nombre_asesor":null,"tipo_persona":"conductor","tipo_pago":"contado","estado_contrato":null}
[14-Mar-2026 09:36:12 America/Lima] Fila encontrada: {"id_pago":"99","monto":"100.00","fecha_emision":"2025-04-14 17:47:03","ruta":"files\/notasPagoInscripcion\/nota_venta_357.pdf","id_asesor":"81","nombre_persona":"NESTOR EDUARDO ARANCIBIA PINEDA","nro_identidad":"76644271","num_unidad":"277","nombre_asesor":null,"tipo_persona":"conductor","tipo_pago":"cuotas","estado_contrato":null}
[14-Mar-2026 09:36:12 America/Lima] Fila encontrada: {"id_pago":"98","monto":"50.00","fecha_emision":"2025-04-14 13:05:50","ruta":"files\/notasPagoInscripcion\/nota_venta_106.pdf","id_asesor":"80","nombre_persona":"CARLOS ALBERTO LLUTARI HERRERA","nro_identidad":"46735447","num_unidad":"272","nombre_asesor":null,"tipo_persona":"conductor","tipo_pago":"cuotas","estado_contrato":null}
[14-Mar-2026 09:36:12 America/Lima] Fila encontrada: {"id_pago":"97","monto":"100.00","fecha_emision":"2025-04-11 10:29:26","ruta":"files\/notasPagoInscripcion\/nota_venta_356.pdf","id_asesor":"80","nombre_persona":"JESUS JORDAN SALAS VALENCIA","nro_identidad":"45573648","num_unidad":"276","nombre_asesor":null,"tipo_persona":"conductor","tipo_pago":"cuotas","estado_contrato":null}
[14-Mar-2026 09:36:12 America/Lima] Fila encontrada: {"id_pago":"96","monto":"250.00","fecha_emision":"2025-04-10 12:47:25","ruta":"files\/notasPagoInscripcion\/nota_venta_355.pdf","id_asesor":"82","nombre_persona":"JORGE LUIS ENRIQUEZ GUTIERREZ","nro_identidad":"76583585","num_unidad":"275","nombre_asesor":"Leslie Machaca","tipo_persona":"conductor","tipo_pago":"contado","estado_contrato":null}
[14-Mar-2026 09:36:12 America/Lima] Fila encontrada: {"id_pago":"95","monto":"100.00","fecha_emision":"2025-04-09 16:20:34","ruta":"files\/notasPagoInscripcion\/nota_venta_354.pdf","id_asesor":"81","nombre_persona":"MARCO ANTONIO RIOS SANTOS","nro_identidad":"22100610","num_unidad":"274","nombre_asesor":null,"tipo_persona":"conductor","tipo_pago":"cuotas","estado_contrato":null}
[14-Mar-2026 09:36:12 America/Lima] Fila encontrada: {"id_pago":"94","monto":"50.00","fecha_emision":"2025-04-09 11:11:30","ruta":"files\/notasPagoInscripcion\/nota_venta_102.pdf","id_asesor":"80","nombre_persona":"MIGUEL ANGEL CONDORI SALAS","nro_identidad":"75185244","num_unidad":"271","nombre_asesor":null,"tipo_persona":"conductor","tipo_pago":"cuotas","estado_contrato":null}
[14-Mar-2026 09:36:12 America/Lima] Fila encontrada: {"id_pago":"93","monto":"50.00","fecha_emision":"2025-04-08 17:19:15","ruta":"files\/notasPagoInscripcion\/nota_venta_101.pdf","id_asesor":"80","nombre_persona":"MIGUEL ANGEL CONDORI SALAS","nro_identidad":"75185244","num_unidad":"271","nombre_asesor":null,"tipo_persona":"conductor","tipo_pago":"cuotas","estado_contrato":null}
[14-Mar-2026 09:36:12 America/Lima] Fila encontrada: {"id_pago":"92","monto":"100.00","fecha_emision":"2025-04-08 11:36:37","ruta":"files\/notasPagoInscripcion\/nota_venta_353.pdf","id_asesor":"82","nombre_persona":"CARLOS MARTIN  RIVA CASTILLO","nro_identidad":"005622617","num_unidad":"273","nombre_asesor":"Leslie Machaca","tipo_persona":"conductor","tipo_pago":"cuotas","estado_contrato":null}
[14-Mar-2026 09:36:12 America/Lima] Fila encontrada: {"id_pago":"91","monto":"50.00","fecha_emision":"2025-04-08 10:53:44","ruta":"files\/notasPagoInscripcion\/nota_venta_99.pdf","id_asesor":"80","nombre_persona":"CARLOS ALBERTO LLUTARI HERRERA","nro_identidad":"46735447","num_unidad":"272","nombre_asesor":null,"tipo_persona":"conductor","tipo_pago":"cuotas","estado_contrato":null}
[14-Mar-2026 09:36:12 America/Lima] Fila encontrada: {"id_pago":"86","monto":"50.00","fecha_emision":"2025-04-04 17:54:30","ruta":"files\/notasPagoInscripcion\/nota_venta_94.pdf","id_asesor":"81","nombre_persona":"ADOLFO RODRIGO LARICO MAMANI","nro_identidad":"44285524","num_unidad":"268","nombre_asesor":null,"tipo_persona":"conductor","tipo_pago":"cuotas","estado_contrato":null}
[14-Mar-2026 09:36:12 America/Lima] Fila encontrada: {"id_pago":"85","monto":"50.00","fecha_emision":"2025-04-04 10:26:53","ruta":"files\/notasPagoInscripcion\/nota_venta_93.pdf","id_asesor":"80","nombre_persona":"OBERTO SEGUNDO ROMERO  GARCES","nro_identidad":"003280193","num_unidad":"269","nombre_asesor":null,"tipo_persona":"conductor","tipo_pago":"cuotas","estado_contrato":null}
[14-Mar-2026 09:36:12 America/Lima] Fila encontrada: {"id_pago":"84","monto":"200.00","fecha_emision":"2025-04-03 09:44:25","ruta":"files\/notasPagoInscripcion\/nota_venta_92.pdf","id_asesor":"80","nombre_persona":"EDGAR MAURO CANAZA YUCRA","nro_identidad":"76822310","num_unidad":"249","nombre_asesor":null,"tipo_persona":"conductor","tipo_pago":"cuotas","estado_contrato":null}
[14-Mar-2026 09:36:12 America/Lima] Fila encontrada: {"id_pago":"83","monto":"50.00","fecha_emision":"2025-04-02 12:12:37","ruta":"files\/notasPagoInscripcion\/nota_venta_91.pdf","id_asesor":"80","nombre_persona":"MIRKO MOISES FLORES CASTILLO","nro_identidad":"46113743","num_unidad":"267","nombre_asesor":null,"tipo_persona":"conductor","tipo_pago":"cuotas","estado_contrato":null}
[14-Mar-2026 09:36:12 America/Lima] Fila encontrada: {"id_pago":"82","monto":"50.00","fecha_emision":"2025-04-02 11:09:24","ruta":"files\/notasPagoInscripcion\/nota_venta_90.pdf","id_asesor":"80","nombre_persona":"ADOLFO RODRIGO LARICO MAMANI","nro_identidad":"44285524","num_unidad":"268","nombre_asesor":null,"tipo_persona":"conductor","tipo_pago":"cuotas","estado_contrato":null}
[14-Mar-2026 09:36:12 America/Lima] Fila encontrada: {"id_pago":"81","monto":"50.00","fecha_emision":"2025-04-02 10:21:12","ruta":"files\/notasPagoInscripcion\/nota_venta_89.pdf","id_asesor":"80","nombre_persona":"ITALO LUCIANO CCAMA JUAREZ","nro_identidad":"76055912","num_unidad":"266","nombre_asesor":null,"tipo_persona":"conductor","tipo_pago":"cuotas","estado_contrato":null}
[14-Mar-2026 09:36:12 America/Lima] Fila encontrada: {"id_pago":"80","monto":"100.00","fecha_emision":"2025-03-31 14:48:58","ruta":"files\/notasPagoInscripcion\/nota_venta_349.pdf","id_asesor":"83","nombre_persona":"CARLOS ALBERTO LLUTARI HERRERA","nro_identidad":"46735447","num_unidad":"272","nombre_asesor":"Angel Mu\u00f1oz","tipo_persona":"conductor","tipo_pago":"cuotas","estado_contrato":null}
[14-Mar-2026 09:36:12 America/Lima] Fila encontrada: {"id_pago":"79","monto":"50.00","fecha_emision":"2025-03-28 09:42:00","ruta":"files\/notasPagoInscripcion\/nota_venta_87.pdf","id_asesor":"80","nombre_persona":"OBERTO SEGUNDO ROMERO  GARCES","nro_identidad":"003280193","num_unidad":"269","nombre_asesor":null,"tipo_persona":"conductor","tipo_pago":"cuotas","estado_contrato":null}
[14-Mar-2026 09:36:12 America/Lima] Fila encontrada: {"id_pago":"77","monto":"50.00","fecha_emision":"2025-03-28 09:36:39","ruta":"files\/notasPagoInscripcion\/nota_venta_85.pdf","id_asesor":"80","nombre_persona":"LUIS DANIEL HURTADO BLANCO","nro_identidad":"03165444","num_unidad":"262","nombre_asesor":null,"tipo_persona":"conductor","tipo_pago":"cuotas","estado_contrato":null}
[14-Mar-2026 09:36:12 America/Lima] Fila encontrada: {"id_pago":"78","monto":"50.00","fecha_emision":"2025-03-28 09:36:39","ruta":"files\/notasPagoInscripcion\/nota_venta_86.pdf","id_asesor":"80","nombre_persona":"LUIS DANIEL HURTADO BLANCO","nro_identidad":"03165444","num_unidad":"262","nombre_asesor":null,"tipo_persona":"conductor","tipo_pago":"cuotas","estado_contrato":null}
[14-Mar-2026 09:36:12 America/Lima] Fila encontrada: {"id_pago":"76","monto":"50.00","fecha_emision":"2025-03-27 19:40:45","ruta":"files\/notasPagoInscripcion\/nota_venta_84.pdf","id_asesor":"83","nombre_persona":"RENE ALFONSO PUMA HUANCARA","nro_identidad":"44935157","num_unidad":"265","nombre_asesor":"Angel Mu\u00f1oz","tipo_persona":"conductor","tipo_pago":"cuotas","estado_contrato":null}
[14-Mar-2026 09:36:12 America/Lima] Fila encontrada: {"id_pago":"75","monto":"50.00","fecha_emision":"2025-03-26 15:44:18","ruta":"files\/notasPagoInscripcion\/nota_venta_83.pdf","id_asesor":"83","nombre_persona":"ANDREI ENRIQUE RINCON MONTIEL","nro_identidad":"17737101","num_unidad":"263","nombre_asesor":"Angel Mu\u00f1oz","tipo_persona":"conductor","tipo_pago":"cuotas","estado_contrato":null}
[14-Mar-2026 09:36:12 America/Lima] Fila encontrada: {"id_pago":"74","monto":"50.00","fecha_emision":"2025-03-26 15:41:53","ruta":"files\/notasPagoInscripcion\/nota_venta_82.pdf","id_asesor":"83","nombre_persona":"OSCAR ENRIQUE NU\u00d1EZ BUTRON","nro_identidad":"43741218","num_unidad":"261","nombre_asesor":"Angel Mu\u00f1oz","tipo_persona":"conductor","tipo_pago":"cuotas","estado_contrato":null}
[14-Mar-2026 09:36:12 America/Lima] Fila encontrada: {"id_pago":"73","monto":"50.00","fecha_emision":"2025-03-26 12:55:16","ruta":"files\/notasPagoInscripcion\/nota_venta_81.pdf","id_asesor":"80","nombre_persona":"ADOLFO RODRIGO LARICO MAMANI","nro_identidad":"44285524","num_unidad":"268","nombre_asesor":null,"tipo_persona":"conductor","tipo_pago":"cuotas","estado_contrato":null}
[14-Mar-2026 09:36:12 America/Lima] Fila encontrada: {"id_pago":"72","monto":"50.00","fecha_emision":"2025-03-26 12:54:00","ruta":"files\/notasPagoInscripcion\/nota_venta_80.pdf","id_asesor":"80","nombre_persona":"RENE ALFONSO PUMA HUANCARA","nro_identidad":"44935157","num_unidad":"265","nombre_asesor":null,"tipo_persona":"conductor","tipo_pago":"cuotas","estado_contrato":null}
[14-Mar-2026 09:36:12 America/Lima] Fila encontrada: {"id_pago":"71","monto":"150.00","fecha_emision":"2025-03-26 12:51:20","ruta":"files\/notasPagoInscripcion\/nota_venta_79.pdf","id_asesor":"80","nombre_persona":"MIGUEL ANGEL ZAVALA BARRA","nro_identidad":"42918607","num_unidad":"259","nombre_asesor":null,"tipo_persona":"conductor","tipo_pago":"cuotas","estado_contrato":null}
[14-Mar-2026 09:36:12 America/Lima] Fila encontrada: {"id_pago":"70","monto":"250.00","fecha_emision":"2025-03-26 12:50:30","ruta":"files\/notasPagoInscripcion\/nota_venta_78.pdf","id_asesor":"80","nombre_persona":"FRANK GABRIEL CANO MULLIZACA","nro_identidad":"41461862","num_unidad":"258","nombre_asesor":null,"tipo_persona":"conductor","tipo_pago":"cuotas","estado_contrato":null}
[14-Mar-2026 09:36:12 America/Lima] Fila encontrada: {"id_pago":"69","monto":"250.00","fecha_emision":"2025-03-26 12:48:46","ruta":"files\/notasPagoInscripcion\/nota_venta_77.pdf","id_asesor":"80","nombre_persona":"ELVIS GODOFREDO ALVAREZ SALAZAR","nro_identidad":"43616046","num_unidad":"257","nombre_asesor":null,"tipo_persona":"conductor","tipo_pago":"cuotas","estado_contrato":null}
[14-Mar-2026 09:36:12 America/Lima] Fila encontrada: {"id_pago":"68","monto":"250.00","fecha_emision":"2025-03-26 12:47:54","ruta":"files\/notasPagoInscripcion\/nota_venta_76.pdf","id_asesor":"80","nombre_persona":"CARLOS ELMER VILCA ASQUI","nro_identidad":"42161827","num_unidad":"255","nombre_asesor":null,"tipo_persona":"conductor","tipo_pago":"cuotas","estado_contrato":null}
[14-Mar-2026 09:36:12 America/Lima] Fila encontrada: {"id_pago":"67","monto":"250.00","fecha_emision":"2025-03-26 12:47:14","ruta":"files\/notasPagoInscripcion\/nota_venta_75.pdf","id_asesor":"80","nombre_persona":"DAVID POCOHUANCA ALEJO","nro_identidad":"72481612","num_unidad":"254","nombre_asesor":null,"tipo_persona":"conductor","tipo_pago":"cuotas","estado_contrato":null}
[14-Mar-2026 09:36:12 America/Lima] Fila encontrada: {"id_pago":"66","monto":"250.00","fecha_emision":"2025-03-26 12:43:50","ruta":"files\/notasPagoInscripcion\/nota_venta_74.pdf","id_asesor":"80","nombre_persona":"GIANMARCO EDSON NIETO LINARES","nro_identidad":"47844273","num_unidad":"253","nombre_asesor":null,"tipo_persona":"conductor","tipo_pago":"cuotas","estado_contrato":null}
[14-Mar-2026 09:36:12 America/Lima] Fila encontrada: {"id_pago":"65","monto":"250.00","fecha_emision":"2025-03-26 12:42:22","ruta":"files\/notasPagoInscripcion\/nota_venta_73.pdf","id_asesor":"80","nombre_persona":"ARTURO PEDRO LLACHO QUISPE","nro_identidad":"47391287","num_unidad":"252","nombre_asesor":null,"tipo_persona":"conductor","tipo_pago":"cuotas","estado_contrato":null}
[14-Mar-2026 09:36:12 America/Lima] Fila encontrada: {"id_pago":"64","monto":"250.00","fecha_emision":"2025-03-26 12:40:28","ruta":"files\/notasPagoInscripcion\/nota_venta_72.pdf","id_asesor":"80","nombre_persona":"JAIME GREGORIO ARENAS SANDOVAL","nro_identidad":"29566254","num_unidad":"251","nombre_asesor":null,"tipo_persona":"conductor","tipo_pago":"cuotas","estado_contrato":null}
[14-Mar-2026 09:36:12 America/Lima] Fila encontrada: {"id_pago":"63","monto":"150.00","fecha_emision":"2025-03-26 12:33:03","ruta":"files\/notasPagoInscripcion\/nota_venta_71.pdf","id_asesor":"80","nombre_persona":"HUBERT JESUS ALVAREZ MAMANI","nro_identidad":"40198998","num_unidad":"248","nombre_asesor":null,"tipo_persona":"conductor","tipo_pago":"cuotas","estado_contrato":null}
[14-Mar-2026 09:36:12 America/Lima] Fila encontrada: {"id_pago":"62","monto":"200.00","fecha_emision":"2025-03-26 12:28:51","ruta":"files\/notasPagoInscripcion\/nota_venta_70.pdf","id_asesor":"80","nombre_persona":"ALEJANDRO MESIAS OSORIO","nro_identidad":"001494887","num_unidad":"246","nombre_asesor":null,"tipo_persona":"conductor","tipo_pago":"cuotas","estado_contrato":null}
[14-Mar-2026 09:36:12 America/Lima] Fila encontrada: {"id_pago":"61","monto":"150.00","fecha_emision":"2025-03-26 12:26:22","ruta":"files\/notasPagoInscripcion\/nota_venta_69.pdf","id_asesor":"80","nombre_persona":"JOHNNY ABEL YEPEZ CHURA","nro_identidad":"46617912","num_unidad":"244","nombre_asesor":null,"tipo_persona":"conductor","tipo_pago":"cuotas","estado_contrato":null}
[14-Mar-2026 09:36:12 America/Lima] Fila encontrada: {"id_pago":"60","monto":"250.00","fecha_emision":"2025-03-26 12:19:28","ruta":"files\/notasPagoInscripcion\/nota_venta_348.pdf","id_asesor":"80","nombre_persona":"ERICK MANUEL CONDORI TANTALEAN","nro_identidad":"46670465","num_unidad":"242","nombre_asesor":null,"tipo_persona":"conductor","tipo_pago":"contado","estado_contrato":null}
[14-Mar-2026 09:36:12 America/Lima] Fila encontrada: {"id_pago":"59","monto":"200.00","fecha_emision":"2025-03-26 12:11:46","ruta":"files\/notasPagoInscripcion\/nota_venta_347.pdf","id_asesor":"80","nombre_persona":"JHONATHAN ALEJANDRO MARQUEZ BURGOS","nro_identidad":"007571986","num_unidad":"237","nombre_asesor":null,"tipo_persona":"conductor","tipo_pago":"contado","estado_contrato":null}
[14-Mar-2026 09:36:12 America/Lima] Fila encontrada: {"id_pago":"58","monto":"100.00","fecha_emision":"2025-03-24 16:51:20","ruta":"files\/notasPagoInscripcion\/nota_venta_346.pdf","id_asesor":"81","nombre_persona":"MIGUEL ANGEL CONDORI SALAS","nro_identidad":"75185244","num_unidad":"271","nombre_asesor":null,"tipo_persona":"conductor","tipo_pago":"cuotas","estado_contrato":null}
[14-Mar-2026 09:36:12 America/Lima] Fila encontrada: {"id_pago":"57","monto":"50.00","fecha_emision":"2025-03-24 14:05:40","ruta":"files\/notasPagoInscripcion\/nota_venta_65.pdf","id_asesor":"80","nombre_persona":"ERICK MANUEL CONDORI TANTALEAN","nro_identidad":"46670465","num_unidad":"242","nombre_asesor":null,"tipo_persona":"conductor","tipo_pago":"cuotas","estado_contrato":null}
[14-Mar-2026 09:36:12 America/Lima] Fila encontrada: {"id_pago":"56","monto":"100.00","fecha_emision":"2025-03-22 12:33:39","ruta":"files\/notasPagoInscripcion\/nota_venta_345.pdf","id_asesor":"83","nombre_persona":"GABRIEL ANTONIO MONTA\u00d1O RUIZ","nro_identidad":"006512363","num_unidad":"270","nombre_asesor":"Angel Mu\u00f1oz","tipo_persona":"conductor","tipo_pago":"cuotas","estado_contrato":null}
[14-Mar-2026 09:36:12 America/Lima] Fila encontrada: {"id_pago":"55","monto":"250.00","fecha_emision":"2025-03-22 11:53:45","ruta":"files\/notasPagoInscripcion\/nota_venta_63.pdf","id_asesor":"83","nombre_persona":"SERGIO ANDRE CALCINA MANCHEGO","nro_identidad":"76408958","num_unidad":"250","nombre_asesor":"Angel Mu\u00f1oz","tipo_persona":"conductor","tipo_pago":"cuotas","estado_contrato":null}
[14-Mar-2026 09:36:12 America/Lima] Fila encontrada: {"id_pago":"54","monto":"50.00","fecha_emision":"2025-03-22 11:39:05","ruta":"files\/notasPagoInscripcion\/nota_venta_62.pdf","id_asesor":"83","nombre_persona":"MIRKO MOISES FLORES CASTILLO","nro_identidad":"46113743","num_unidad":"267","nombre_asesor":"Angel Mu\u00f1oz","tipo_persona":"conductor","tipo_pago":"cuotas","estado_contrato":null}
[14-Mar-2026 09:36:12 America/Lima] Fila encontrada: {"id_pago":"53","monto":"50.00","fecha_emision":"2025-03-21 20:37:18","ruta":"files\/notasPagoInscripcion\/nota_venta_61.pdf","id_asesor":"82","nombre_persona":"DIEGO MIGUEL ARRIARAN HERRERA","nro_identidad":"73061472","num_unidad":"256","nombre_asesor":"Leslie Machaca","tipo_persona":"conductor","tipo_pago":"cuotas","estado_contrato":null}
[14-Mar-2026 09:36:12 America/Lima] Fila encontrada: {"id_pago":"52","monto":"50.00","fecha_emision":"2025-03-21 20:34:36","ruta":"files\/notasPagoInscripcion\/nota_venta_60.pdf","id_asesor":"82","nombre_persona":"DIEGO MIGUEL ARRIARAN HERRERA","nro_identidad":"73061472","num_unidad":"256","nombre_asesor":"Leslie Machaca","tipo_persona":"conductor","tipo_pago":"cuotas","estado_contrato":null}
[14-Mar-2026 09:36:12 America/Lima] Fila encontrada: {"id_pago":"51","monto":"50.00","fecha_emision":"2025-03-21 20:24:11","ruta":"files\/notasPagoInscripcion\/nota_venta_59.pdf","id_asesor":"82","nombre_persona":"LUIS DANIEL HURTADO BLANCO","nro_identidad":"03165444","num_unidad":"262","nombre_asesor":"Leslie Machaca","tipo_persona":"conductor","tipo_pago":"cuotas","estado_contrato":null}
[14-Mar-2026 09:36:12 America/Lima] Fila encontrada: {"id_pago":"50","monto":"100.00","fecha_emision":"2025-03-20 12:50:55","ruta":"files\/notasPagoInscripcion\/nota_venta_344.pdf","id_asesor":"80","nombre_persona":"OBERTO SEGUNDO ROMERO  GARCES","nro_identidad":"003280193","num_unidad":"269","nombre_asesor":null,"tipo_persona":"conductor","tipo_pago":"cuotas","estado_contrato":null}
[14-Mar-2026 09:36:12 America/Lima] Fila encontrada: {"id_pago":"49","monto":"100.00","fecha_emision":"2025-03-20 12:47:12","ruta":"files\/notasPagoInscripcion\/nota_venta_343.pdf","id_asesor":"83","nombre_persona":"OBERTO SEGUNDO ROMERO  GARCES","nro_identidad":"003280193","num_unidad":"269","nombre_asesor":"Angel Mu\u00f1oz","tipo_persona":"conductor","tipo_pago":"cuotas","estado_contrato":null}
[14-Mar-2026 09:36:12 America/Lima] Fila encontrada: {"id_pago":"48","monto":"50.00","fecha_emision":"2025-03-20 12:17:18","ruta":"files\/notasPagoInscripcion\/nota_venta_56.pdf","id_asesor":"80","nombre_persona":"EDGAR MAURO CANAZA YUCRA","nro_identidad":"76822310","num_unidad":"249","nombre_asesor":null,"tipo_persona":"conductor","tipo_pago":"cuotas","estado_contrato":null}
[14-Mar-2026 09:36:12 America/Lima] Fila encontrada: {"id_pago":"47","monto":"250.00","fecha_emision":"2025-03-20 10:20:43","ruta":"files\/notasPagoInscripcion\/nota_venta_55.pdf","id_asesor":"80","nombre_persona":"ULISES AVELINO CHAMBI VALDIVIA","nro_identidad":"47385683","num_unidad":"260","nombre_asesor":null,"tipo_persona":"conductor","tipo_pago":"cuotas","estado_contrato":null}
[14-Mar-2026 09:36:12 America/Lima] Fila encontrada: {"id_pago":"46","monto":"200.00","fecha_emision":"2025-03-20 10:09:30","ruta":"files\/notasPagoInscripcion\/nota_venta_54.pdf","id_asesor":"80","nombre_persona":"JOSUE RANDU CABANA PALOMINO","nro_identidad":"76585536","num_unidad":"247","nombre_asesor":null,"tipo_persona":"conductor","tipo_pago":"cuotas","estado_contrato":null}
[14-Mar-2026 09:36:12 America/Lima] Fila encontrada: {"id_pago":"45","monto":"50.00","fecha_emision":"2025-03-20 10:08:35","ruta":"files\/notasPagoInscripcion\/nota_venta_342.pdf","id_asesor":"80","nombre_persona":"JOSUE RANDU CABANA PALOMINO","nro_identidad":"76585536","num_unidad":"247","nombre_asesor":null,"tipo_persona":"conductor","tipo_pago":"cuotas","estado_contrato":null}
[14-Mar-2026 09:36:12 America/Lima] Fila encontrada: {"id_pago":"44","monto":"250.00","fecha_emision":"2025-03-20 10:03:48","ruta":"files\/notasPagoInscripcion\/nota_venta_52.pdf","id_asesor":"80","nombre_persona":"JUAN CARLOS RIVERA SUCLLA","nro_identidad":"43480906","num_unidad":"142","nombre_asesor":null,"tipo_persona":"conductor","tipo_pago":"cuotas","estado_contrato":null}
[14-Mar-2026 09:36:12 America/Lima] Fila encontrada: {"id_pago":"43","monto":"200.00","fecha_emision":"2025-03-19 19:49:40","ruta":"files\/notasPagoInscripcion\/nota_venta_51.pdf","id_asesor":"82","nombre_persona":"OSCAR ENRIQUE NU\u00d1EZ BUTRON","nro_identidad":"43741218","num_unidad":"261","nombre_asesor":"Leslie Machaca","tipo_persona":"conductor","tipo_pago":"cuotas","estado_contrato":null}
[14-Mar-2026 09:36:12 America/Lima] Fila encontrada: {"id_pago":"42","monto":"250.00","fecha_emision":"2025-03-19 19:09:13","ruta":"files\/notasPagoInscripcion\/nota_venta_50.pdf","id_asesor":"82","nombre_persona":"DANIEL ALBERTO VILA DIAZ","nro_identidad":"70194858","num_unidad":"245","nombre_asesor":"Leslie Machaca","tipo_persona":"conductor","tipo_pago":"cuotas","estado_contrato":null}
[14-Mar-2026 09:36:12 America/Lima] Fila encontrada: {"id_pago":"41","monto":"100.00","fecha_emision":"2025-03-19 16:09:48","ruta":"files\/notasPagoInscripcion\/nota_venta_49.pdf","id_asesor":"83","nombre_persona":"ANDREI ENRIQUE RINCON MONTIEL","nro_identidad":"17737101","num_unidad":"263","nombre_asesor":"Angel Mu\u00f1oz","tipo_persona":"conductor","tipo_pago":"cuotas","estado_contrato":null}
[14-Mar-2026 09:36:12 America/Lima] Fila encontrada: {"id_pago":"40","monto":"100.00","fecha_emision":"2025-03-19 14:32:33","ruta":"files\/notasPagoInscripcion\/nota_venta_341.pdf","id_asesor":"80","nombre_persona":"ADOLFO RODRIGO LARICO MAMANI","nro_identidad":"44285524","num_unidad":"268","nombre_asesor":null,"tipo_persona":"conductor","tipo_pago":"cuotas","estado_contrato":null}
[14-Mar-2026 09:36:12 America/Lima] Fila encontrada: {"id_pago":"39","monto":"100.00","fecha_emision":"2025-03-19 14:24:00","ruta":"files\/notasPagoInscripcion\/nota_venta_47.pdf","id_asesor":"80","nombre_persona":"LUIS DANIEL HURTADO BLANCO","nro_identidad":"03165444","num_unidad":"262","nombre_asesor":null,"tipo_persona":"conductor","tipo_pago":"cuotas","estado_contrato":null}
[14-Mar-2026 09:36:12 America/Lima] Fila encontrada: {"id_pago":"38","monto":"50.00","fecha_emision":"2025-03-19 14:23:39","ruta":"files\/notasPagoInscripcion\/nota_venta_340.pdf","id_asesor":"80","nombre_persona":"LUIS DANIEL HURTADO BLANCO","nro_identidad":"03165444","num_unidad":"262","nombre_asesor":null,"tipo_persona":"conductor","tipo_pago":"cuotas","estado_contrato":null}
[14-Mar-2026 09:36:12 America/Lima] Fila encontrada: {"id_pago":"37","monto":"50.00","fecha_emision":"2025-03-17 19:05:21","ruta":"files\/notasPagoInscripcion\/nota_venta_45.pdf","id_asesor":"81","nombre_persona":"RENE ALFONSO PUMA HUANCARA","nro_identidad":"44935157","num_unidad":"265","nombre_asesor":null,"tipo_persona":"conductor","tipo_pago":"cuotas","estado_contrato":null}
[14-Mar-2026 09:36:12 America/Lima] Fila encontrada: {"id_pago":"34","monto":"150.00","fecha_emision":"2025-03-17 10:36:39","ruta":"files\/notasPagoInscripcion\/nota_venta_42.pdf","id_asesor":"82","nombre_persona":"DIEGO MIGUEL ARRIARAN HERRERA","nro_identidad":"73061472","num_unidad":"256","nombre_asesor":"Leslie Machaca","tipo_persona":"conductor","tipo_pago":"cuotas","estado_contrato":null}
[14-Mar-2026 09:36:12 America/Lima] Fila encontrada: {"id_pago":"32","monto":"50.00","fecha_emision":"2025-03-17 09:23:03","ruta":"files\/notasPagoInscripcion\/nota_venta_40.pdf","id_asesor":"78","nombre_persona":"MIRKO MOISES FLORES CASTILLO","nro_identidad":"46113743","num_unidad":"267","nombre_asesor":"GianJesus Ramos","tipo_persona":"conductor","tipo_pago":"cuotas","estado_contrato":null}
[14-Mar-2026 09:36:12 America/Lima] Fila encontrada: {"id_pago":"31","monto":"100.00","fecha_emision":"2025-03-17 09:17:18","ruta":"files\/notasPagoInscripcion\/nota_venta_338.pdf","id_asesor":"80","nombre_persona":"MIRKO MOISES FLORES CASTILLO","nro_identidad":"46113743","num_unidad":"267","nombre_asesor":null,"tipo_persona":"conductor","tipo_pago":"cuotas","estado_contrato":null}
[14-Mar-2026 09:36:12 America/Lima] Fila encontrada: {"id_pago":"30","monto":"100.00","fecha_emision":"2025-03-17 09:13:11","ruta":"files\/notasPagoInscripcion\/nota_venta_337.pdf","id_asesor":"78","nombre_persona":"MIRKO MOISES FLORES CASTILLO","nro_identidad":"46113743","num_unidad":"267","nombre_asesor":"GianJesus Ramos","tipo_persona":"conductor","tipo_pago":"cuotas","estado_contrato":null}
[14-Mar-2026 09:36:12 America/Lima] Fila encontrada: {"id_pago":"25","monto":"150.00","fecha_emision":"2025-03-12 14:19:47","ruta":"files\/notasPagoInscripcion\/nota_venta_33.pdf","id_asesor":"80","nombre_persona":"ERICK MANUEL CONDORI TANTALEAN","nro_identidad":"46670465","num_unidad":"242","nombre_asesor":null,"tipo_persona":"conductor","tipo_pago":"cuotas","estado_contrato":null}
[14-Mar-2026 09:36:12 America/Lima] Fila encontrada: {"id_pago":"315","monto":"200.00","fecha_emision":"2025-03-12 00:00:00","ruta":null,"id_asesor":null,"nombre_persona":"LEYSON FRANCKLIN MONTOYA ANCO","nro_identidad":"46549235","num_unidad":"214","nombre_asesor":null,"tipo_persona":"conductor","tipo_pago":"contado","estado_contrato":null}
[14-Mar-2026 09:36:12 America/Lima] Fila encontrada: {"id_pago":"316","monto":"200.00","fecha_emision":"2025-03-12 00:00:00","ruta":null,"id_asesor":null,"nombre_persona":"GIANCARLO MARAZO  COSY","nro_identidad":"45354419","num_unidad":"215","nombre_asesor":null,"tipo_persona":"conductor","tipo_pago":"contado","estado_contrato":null}
[14-Mar-2026 09:36:12 America/Lima] Fila encontrada: {"id_pago":"317","monto":"200.00","fecha_emision":"2025-03-12 00:00:00","ruta":null,"id_asesor":null,"nombre_persona":"GLEN CARLO ALVAREZ NU\u00d1EZ","nro_identidad":"42187225","num_unidad":"217","nombre_asesor":null,"tipo_persona":"conductor","tipo_pago":"contado","estado_contrato":null}
[14-Mar-2026 09:36:12 America/Lima] Fila encontrada: {"id_pago":"318","monto":"200.00","fecha_emision":"2025-03-12 00:00:00","ruta":null,"id_asesor":null,"nombre_persona":"ILDER INUMA ARCE","nro_identidad":"47141222","num_unidad":"219","nombre_asesor":null,"tipo_persona":"conductor","tipo_pago":"contado","estado_contrato":null}
[14-Mar-2026 09:36:12 America/Lima] Fila encontrada: {"id_pago":"319","monto":"200.00","fecha_emision":"2025-03-12 00:00:00","ruta":null,"id_asesor":null,"nombre_persona":"JUAN CARLOS  HANCCO YUCRA","nro_identidad":"41656784","num_unidad":"224","nombre_asesor":null,"tipo_persona":"conductor","tipo_pago":"contado","estado_contrato":null}
[14-Mar-2026 09:36:12 America/Lima] Fila encontrada: {"id_pago":"320","monto":"200.00","fecha_emision":"2025-03-12 00:00:00","ruta":null,"id_asesor":null,"nombre_persona":"MANUEL ENRIQUE  LAZO VILLANUEVA","nro_identidad":"60865426","num_unidad":"225","nombre_asesor":null,"tipo_persona":"conductor","tipo_pago":"contado","estado_contrato":null}
[14-Mar-2026 09:36:12 America/Lima] Fila encontrada: {"id_pago":"321","monto":"200.00","fecha_emision":"2025-03-12 00:00:00","ruta":null,"id_asesor":null,"nombre_persona":"JOBELL JAIR EDU BENAVENTE ARIZAGA","nro_identidad":"44614705","num_unidad":"227","nombre_asesor":null,"tipo_persona":"conductor","tipo_pago":"contado","estado_contrato":null}
[14-Mar-2026 09:36:12 America/Lima] Fila encontrada: {"id_pago":"322","monto":"200.00","fecha_emision":"2025-03-12 00:00:00","ruta":null,"id_asesor":null,"nombre_persona":"RONALD LUIS ZAPANA COQUE\u00d1A","nro_identidad":"73240449","num_unidad":"228","nombre_asesor":null,"tipo_persona":"conductor","tipo_pago":"contado","estado_contrato":null}
[14-Mar-2026 09:36:12 America/Lima] Fila encontrada: {"id_pago":"324","monto":"200.00","fecha_emision":"2025-03-12 00:00:00","ruta":null,"id_asesor":null,"nombre_persona":"LUIS FERNANDO HERRERA HUAMAN","nro_identidad":"73144601","num_unidad":"230","nombre_asesor":null,"tipo_persona":"conductor","tipo_pago":"contado","estado_contrato":null}
[14-Mar-2026 09:36:12 America/Lima] Fila encontrada: {"id_pago":"326","monto":"200.00","fecha_emision":"2025-03-12 00:00:00","ruta":null,"id_asesor":null,"nombre_persona":"JEAN CARLO FERNANDO CHIRINOS GARCIA","nro_identidad":"75150703","num_unidad":"234","nombre_asesor":null,"tipo_persona":"conductor","tipo_pago":"contado","estado_contrato":null}
[14-Mar-2026 09:36:12 America/Lima] Fila encontrada: {"id_pago":"327","monto":"200.00","fecha_emision":"2025-03-12 00:00:00","ruta":null,"id_asesor":null,"nombre_persona":"CARLOS ANTONIO MANZANARES MOLINA","nro_identidad":"62593589","num_unidad":"235","nombre_asesor":null,"tipo_persona":"conductor","tipo_pago":"contado","estado_contrato":null}
[14-Mar-2026 09:36:12 America/Lima] Fila encontrada: {"id_pago":"329","monto":"250.00","fecha_emision":"2025-03-12 00:00:00","ruta":null,"id_asesor":null,"nombre_persona":"JORGE EDUARDO CISNEROS PAREDES","nro_identidad":"73341621","num_unidad":"240","nombre_asesor":null,"tipo_persona":"conductor","tipo_pago":"contado","estado_contrato":null}
[14-Mar-2026 09:36:12 America/Lima] Fila encontrada: {"id_pago":"292","monto":"100.00","fecha_emision":"2025-02-27 00:00:00","ruta":null,"id_asesor":null,"nombre_persona":"WILBERT UCHASARA GONZALES","nro_identidad":"61839879","num_unidad":"11","nombre_asesor":null,"tipo_persona":"conductor","tipo_pago":"contado","estado_contrato":null}
[14-Mar-2026 09:36:12 America/Lima] Fila encontrada: {"id_pago":"293","monto":"100.00","fecha_emision":"2025-02-27 00:00:00","ruta":null,"id_asesor":null,"nombre_persona":"DEIVIS AURELIO IBARRA MACEDO","nro_identidad":"41201628","num_unidad":"121","nombre_asesor":null,"tipo_persona":"conductor","tipo_pago":"contado","estado_contrato":null}
[14-Mar-2026 09:36:12 America/Lima] Fila encontrada: {"id_pago":"247","monto":"100.00","fecha_emision":"2025-02-17 00:00:00","ruta":null,"id_asesor":null,"nombre_persona":"CHRISTIAN NIELS NAVARRETE PEREZ","nro_identidad":"70040425","num_unidad":"180","nombre_asesor":null,"tipo_persona":"conductor","tipo_pago":"contado","estado_contrato":null}
[14-Mar-2026 09:36:12 America/Lima] Fila encontrada: {"id_pago":"248","monto":"100.00","fecha_emision":"2025-02-17 00:00:00","ruta":null,"id_asesor":null,"nombre_persona":"EDWIN VIZCARRA APAZA","nro_identidad":"46667039","num_unidad":"181","nombre_asesor":null,"tipo_persona":"conductor","tipo_pago":"contado","estado_contrato":null}
[14-Mar-2026 09:36:12 America/Lima] Fila encontrada: {"id_pago":"249","monto":"150.00","fecha_emision":"2025-02-17 00:00:00","ruta":null,"id_asesor":null,"nombre_persona":"DAVID LLAMOCA GASPAR","nro_identidad":"42961107","num_unidad":"182","nombre_asesor":null,"tipo_persona":"conductor","tipo_pago":"contado","estado_contrato":null}
[14-Mar-2026 09:36:12 America/Lima] Fila encontrada: {"id_pago":"250","monto":"150.00","fecha_emision":"2025-02-17 00:00:00","ruta":null,"id_asesor":null,"nombre_persona":"GONZALO ALONSO TOLEDO VALENCIA","nro_identidad":"47409600","num_unidad":"203","nombre_asesor":null,"tipo_persona":"conductor","tipo_pago":"contado","estado_contrato":null}
[14-Mar-2026 09:36:12 America/Lima] Fila encontrada: {"id_pago":"251","monto":"150.00","fecha_emision":"2025-02-17 00:00:00","ruta":null,"id_asesor":null,"nombre_persona":"WILLINGTON DIONI MARTINEZ HUAMAN","nro_identidad":"43405475","num_unidad":"202","nombre_asesor":null,"tipo_persona":"conductor","tipo_pago":"contado","estado_contrato":null}
[14-Mar-2026 09:36:12 America/Lima] Fila encontrada: {"id_pago":"252","monto":"150.00","fecha_emision":"2025-02-17 00:00:00","ruta":null,"id_asesor":null,"nombre_persona":"JOHN MANUEL TORRES MAMANI","nro_identidad":"71318267","num_unidad":"201","nombre_asesor":null,"tipo_persona":"conductor","tipo_pago":"contado","estado_contrato":null}
[14-Mar-2026 09:36:12 America/Lima] Fila encontrada: {"id_pago":"253","monto":"150.00","fecha_emision":"2025-02-17 00:00:00","ruta":null,"id_asesor":null,"nombre_persona":"EDER HUANCAPAZA MAMANI","nro_identidad":"45653526","num_unidad":"200","nombre_asesor":null,"tipo_persona":"conductor","tipo_pago":"contado","estado_contrato":null}
[14-Mar-2026 09:36:12 America/Lima] Fila encontrada: {"id_pago":"254","monto":"100.00","fecha_emision":"2025-02-17 00:00:00","ruta":null,"id_asesor":null,"nombre_persona":"BERNARDINO PAREDES RAMIREZ","nro_identidad":"06038537","num_unidad":"171","nombre_asesor":null,"tipo_persona":"conductor","tipo_pago":"contado","estado_contrato":null}
[14-Mar-2026 09:36:12 America/Lima] Fila encontrada: {"id_pago":"256","monto":"100.00","fecha_emision":"2025-02-17 00:00:00","ruta":null,"id_asesor":null,"nombre_persona":"KEVIN ABEL APAZA APAZA","nro_identidad":"76967248","num_unidad":"172","nombre_asesor":null,"tipo_persona":"conductor","tipo_pago":"contado","estado_contrato":null}
[14-Mar-2026 09:36:12 America/Lima] Fila encontrada: {"id_pago":"257","monto":"100.00","fecha_emision":"2025-02-17 00:00:00","ruta":null,"id_asesor":null,"nombre_persona":"JIMMY MICHAEL ZU\u00d1IGA COLLADO","nro_identidad":"41930342","num_unidad":"173","nombre_asesor":null,"tipo_persona":"conductor","tipo_pago":"contado","estado_contrato":null}
[14-Mar-2026 09:36:12 America/Lima] Fila encontrada: {"id_pago":"258","monto":"100.00","fecha_emision":"2025-02-17 00:00:00","ruta":null,"id_asesor":null,"nombre_persona":"CARLOS ALONSO APAZA PALLI","nro_identidad":"74917700","num_unidad":"174","nombre_asesor":null,"tipo_persona":"conductor","tipo_pago":"contado","estado_contrato":null}
[14-Mar-2026 09:36:12 America/Lima] Fila encontrada: {"id_pago":"259","monto":"100.00","fecha_emision":"2025-02-17 00:00:00","ruta":null,"id_asesor":null,"nombre_persona":"RONALD JUNIOR APAZA SUCAPUCA","nro_identidad":"74943392","num_unidad":"175","nombre_asesor":null,"tipo_persona":"conductor","tipo_pago":"contado","estado_contrato":null}
[14-Mar-2026 09:36:12 America/Lima] Fila encontrada: {"id_pago":"260","monto":"100.00","fecha_emision":"2025-02-17 00:00:00","ruta":null,"id_asesor":null,"nombre_persona":"JEAN PIERRE PUMA PILLCO","nro_identidad":"47750093","num_unidad":"179","nombre_asesor":null,"tipo_persona":"conductor","tipo_pago":"contado","estado_contrato":null}
[14-Mar-2026 09:36:12 America/Lima] Fila encontrada: {"id_pago":"261","monto":"100.00","fecha_emision":"2025-02-17 00:00:00","ruta":null,"id_asesor":null,"nombre_persona":"JOEL JOSHUA PUMA PILLCO","nro_identidad":"77144330","num_unidad":"178","nombre_asesor":null,"tipo_persona":"conductor","tipo_pago":"contado","estado_contrato":null}
[14-Mar-2026 09:36:12 America/Lima] Fila encontrada: {"id_pago":"262","monto":"100.00","fecha_emision":"2025-02-17 00:00:00","ruta":null,"id_asesor":null,"nombre_persona":"JUAN CARLOS QUISPE CCALLO","nro_identidad":"46180474","num_unidad":"177","nombre_asesor":null,"tipo_persona":"conductor","tipo_pago":"contado","estado_contrato":null}
[14-Mar-2026 09:36:12 America/Lima] Fila encontrada: {"id_pago":"263","monto":"100.00","fecha_emision":"2025-02-17 00:00:00","ruta":null,"id_asesor":null,"nombre_persona":"ALVARO GREGORIO ALVAREZ QUISPE","nro_identidad":"44872788","num_unidad":"176","nombre_asesor":null,"tipo_persona":"conductor","tipo_pago":"contado","estado_contrato":null}
[14-Mar-2026 09:36:12 America/Lima] Fila encontrada: {"id_pago":"264","monto":"100.00","fecha_emision":"2025-02-17 00:00:00","ruta":null,"id_asesor":null,"nombre_persona":"WILSON ALEX COPARA QUISPE","nro_identidad":"44240229","num_unidad":"99","nombre_asesor":null,"tipo_persona":"conductor","tipo_pago":"contado","estado_contrato":null}
[14-Mar-2026 09:36:12 America/Lima] Fila encontrada: {"id_pago":"265","monto":"100.00","fecha_emision":"2025-02-17 00:00:00","ruta":null,"id_asesor":null,"nombre_persona":"LUIS REY QUISPE MAMANI","nro_identidad":"44224652","num_unidad":"100","nombre_asesor":null,"tipo_persona":"conductor","tipo_pago":"contado","estado_contrato":null}
[14-Mar-2026 09:36:12 America/Lima] Fila encontrada: {"id_pago":"271","monto":"100.00","fecha_emision":"2025-02-17 00:00:00","ruta":null,"id_asesor":null,"nombre_persona":"ENDERSON ANTONIO GARCIA  ORELLANA","nro_identidad":"002569034","num_unidad":"101","nombre_asesor":null,"tipo_persona":"conductor","tipo_pago":"contado","estado_contrato":null}
[14-Mar-2026 09:36:12 America/Lima] Fila encontrada: {"id_pago":"222","monto":"150.00","fecha_emision":"2025-02-14 00:00:00","ruta":null,"id_asesor":null,"nombre_persona":"JOSE CARLOS CHAVEZ ORBEGOSO","nro_identidad":"29614322","num_unidad":"198","nombre_asesor":null,"tipo_persona":"conductor","tipo_pago":"contado","estado_contrato":null}
[14-Mar-2026 09:36:12 America/Lima] Fila encontrada: {"id_pago":"223","monto":"150.00","fecha_emision":"2025-02-14 00:00:00","ruta":null,"id_asesor":null,"nombre_persona":"LEONARDO ALEXANDER NAVARRO ROSAL","nro_identidad":"05777111","num_unidad":"209","nombre_asesor":null,"tipo_persona":"conductor","tipo_pago":"contado","estado_contrato":null}
[14-Mar-2026 09:36:12 America/Lima] Fila encontrada: {"id_pago":"224","monto":"150.00","fecha_emision":"2025-02-14 00:00:00","ruta":null,"id_asesor":null,"nombre_persona":"MARCO POLO APAZA","nro_identidad":"75213781","num_unidad":"197","nombre_asesor":null,"tipo_persona":"conductor","tipo_pago":"contado","estado_contrato":null}
[14-Mar-2026 09:36:12 America/Lima] Fila encontrada: {"id_pago":"226","monto":"200.00","fecha_emision":"2025-02-14 00:00:00","ruta":null,"id_asesor":null,"nombre_persona":"MIGUEL ANGEL ITO ARIZAPANA","nro_identidad":"48194897","num_unidad":"211","nombre_asesor":null,"tipo_persona":"conductor","tipo_pago":"contado","estado_contrato":null}
[14-Mar-2026 09:36:12 America/Lima] Fila encontrada: {"id_pago":"227","monto":"150.00","fecha_emision":"2025-02-14 00:00:00","ruta":null,"id_asesor":null,"nombre_persona":"ELVIS BERLY PILARES ABERANGA","nro_identidad":"43892716","num_unidad":"196","nombre_asesor":null,"tipo_persona":"conductor","tipo_pago":"contado","estado_contrato":null}
[14-Mar-2026 09:36:12 America/Lima] Fila encontrada: {"id_pago":"228","monto":"150.00","fecha_emision":"2025-02-14 00:00:00","ruta":null,"id_asesor":null,"nombre_persona":"ALEXZANDERT WILBER MACHACA HUAYTA","nro_identidad":"74029795","num_unidad":"195","nombre_asesor":null,"tipo_persona":"conductor","tipo_pago":"contado","estado_contrato":null}
[14-Mar-2026 09:36:12 America/Lima] Fila encontrada: {"id_pago":"229","monto":"150.00","fecha_emision":"2025-02-14 00:00:00","ruta":null,"id_asesor":null,"nombre_persona":"JONATHAN ENRIQUE CHOQUEHUANCA HUANCA","nro_identidad":"47301919","num_unidad":"188","nombre_asesor":null,"tipo_persona":"conductor","tipo_pago":"contado","estado_contrato":null}
[14-Mar-2026 09:36:12 America/Lima] Fila encontrada: {"id_pago":"230","monto":"150.00","fecha_emision":"2025-02-14 00:00:00","ruta":null,"id_asesor":null,"nombre_persona":"ERIC JOHAN GARATE VELAZCO","nro_identidad":"45926234","num_unidad":"194","nombre_asesor":null,"tipo_persona":"conductor","tipo_pago":"contado","estado_contrato":null}
[14-Mar-2026 09:36:12 America/Lima] Fila encontrada: {"id_pago":"231","monto":"150.00","fecha_emision":"2025-02-14 00:00:00","ruta":null,"id_asesor":null,"nombre_persona":"YOHON CJURO MENDOZA","nro_identidad":"47674105","num_unidad":"187","nombre_asesor":null,"tipo_persona":"conductor","tipo_pago":"contado","estado_contrato":null}
[14-Mar-2026 09:36:12 America/Lima] Fila encontrada: {"id_pago":"232","monto":"150.00","fecha_emision":"2025-02-14 00:00:00","ruta":null,"id_asesor":null,"nombre_persona":"JOAU ANTONIO LLACHO MERCADO","nro_identidad":"73349296","num_unidad":"193","nombre_asesor":null,"tipo_persona":"conductor","tipo_pago":"contado","estado_contrato":null}
[14-Mar-2026 09:36:12 America/Lima] Fila encontrada: {"id_pago":"233","monto":"150.00","fecha_emision":"2025-02-14 00:00:00","ruta":null,"id_asesor":null,"nombre_persona":"JHIULENY JEIDY CCALLA MACHACA","nro_identidad":"46731458","num_unidad":"186","nombre_asesor":null,"tipo_persona":"conductor","tipo_pago":"contado","estado_contrato":null}
[14-Mar-2026 09:36:12 America/Lima] Fila encontrada: {"id_pago":"234","monto":"150.00","fecha_emision":"2025-02-14 00:00:00","ruta":null,"id_asesor":null,"nombre_persona":"JUAN CORNEJO LEON","nro_identidad":"29727449","num_unidad":"192","nombre_asesor":null,"tipo_persona":"conductor","tipo_pago":"contado","estado_contrato":null}
[14-Mar-2026 09:36:12 America/Lima] Fila encontrada: {"id_pago":"235","monto":"150.00","fecha_emision":"2025-02-14 00:00:00","ruta":null,"id_asesor":null,"nombre_persona":"MIGUEL ANGEL LLERENA AYBAR","nro_identidad":"41737584","num_unidad":"185","nombre_asesor":null,"tipo_persona":"conductor","tipo_pago":"contado","estado_contrato":null}
[14-Mar-2026 09:36:12 America/Lima] Fila encontrada: {"id_pago":"236","monto":"150.00","fecha_emision":"2025-02-14 00:00:00","ruta":null,"id_asesor":null,"nombre_persona":"HENRY TOLA FLORES","nro_identidad":"40660902","num_unidad":"191","nombre_asesor":null,"tipo_persona":"conductor","tipo_pago":"contado","estado_contrato":null}
[14-Mar-2026 09:36:12 America/Lima] Fila encontrada: {"id_pago":"237","monto":"150.00","fecha_emision":"2025-02-14 00:00:00","ruta":null,"id_asesor":null,"nombre_persona":"PEDRO ANTONIO SUYO ANCONEYRA","nro_identidad":"43272829","num_unidad":"208","nombre_asesor":null,"tipo_persona":"conductor","tipo_pago":"contado","estado_contrato":null}
[14-Mar-2026 09:36:12 America/Lima] Fila encontrada: {"id_pago":"238","monto":"150.00","fecha_emision":"2025-02-14 00:00:00","ruta":null,"id_asesor":null,"nombre_persona":"JULIO CESAR BELLIDO BEJARANO","nro_identidad":"45855681","num_unidad":"190","nombre_asesor":null,"tipo_persona":"conductor","tipo_pago":"contado","estado_contrato":null}
[14-Mar-2026 09:36:12 America/Lima] Fila encontrada: {"id_pago":"239","monto":"150.00","fecha_emision":"2025-02-14 00:00:00","ruta":null,"id_asesor":null,"nombre_persona":"GUSTAVO LEONARDO PUCHO CONDORI","nro_identidad":"45895513","num_unidad":"207","nombre_asesor":null,"tipo_persona":"conductor","tipo_pago":"contado","estado_contrato":null}
[14-Mar-2026 09:36:12 America/Lima] Fila encontrada: {"id_pago":"240","monto":"150.00","fecha_emision":"2025-02-14 00:00:00","ruta":null,"id_asesor":null,"nombre_persona":"RICHARD EDILBERTO VARA SENCCA","nro_identidad":"76368409","num_unidad":"206","nombre_asesor":null,"tipo_persona":"conductor","tipo_pago":"contado","estado_contrato":null}
[14-Mar-2026 09:36:12 America/Lima] Fila encontrada: {"id_pago":"241","monto":"150.00","fecha_emision":"2025-02-14 00:00:00","ruta":null,"id_asesor":null,"nombre_persona":"RICARDO JUNIOR CHAMPI PARI","nro_identidad":"72524100","num_unidad":"189","nombre_asesor":null,"tipo_persona":"conductor","tipo_pago":"contado","estado_contrato":null}
[14-Mar-2026 09:36:12 America/Lima] Fila encontrada: {"id_pago":"242","monto":"150.00","fecha_emision":"2025-02-14 00:00:00","ruta":null,"id_asesor":null,"nombre_persona":"EDILBERTO CANAZA CARI","nro_identidad":"46208542","num_unidad":"205","nombre_asesor":null,"tipo_persona":"conductor","tipo_pago":"contado","estado_contrato":null}
[14-Mar-2026 09:36:12 America/Lima] Fila encontrada: {"id_pago":"243","monto":"150.00","fecha_emision":"2025-02-14 00:00:00","ruta":null,"id_asesor":null,"nombre_persona":"JORGE LUIS MAMANI CHAVEZ","nro_identidad":"74026319","num_unidad":"183","nombre_asesor":null,"tipo_persona":"conductor","tipo_pago":"contado","estado_contrato":null}
[14-Mar-2026 09:36:12 America/Lima] Fila encontrada: {"id_pago":"244","monto":"150.00","fecha_emision":"2025-02-14 00:00:00","ruta":null,"id_asesor":null,"nombre_persona":"KEVIN JEFFERSON ZAPANA CAPIRA","nro_identidad":"71486516","num_unidad":"204","nombre_asesor":null,"tipo_persona":"conductor","tipo_pago":"contado","estado_contrato":null}
[14-Mar-2026 09:36:12 America/Lima] Fila encontrada: {"id_pago":"245","monto":"150.00","fecha_emision":"2025-02-14 00:00:00","ruta":null,"id_asesor":null,"nombre_persona":"JORGE EDUARDO MACHACA ARAPA","nro_identidad":"71501135","num_unidad":"199","nombre_asesor":null,"tipo_persona":"conductor","tipo_pago":"contado","estado_contrato":null}
[14-Mar-2026 09:36:12 America/Lima] Fila encontrada: {"id_pago":"246","monto":"150.00","fecha_emision":"2025-02-14 00:00:00","ruta":null,"id_asesor":null,"nombre_persona":"ISMAEL HUARACHA MAMANI","nro_identidad":"76252187","num_unidad":"184","nombre_asesor":null,"tipo_persona":"conductor","tipo_pago":"contado","estado_contrato":null}
[14-Mar-2026 09:36:12 America/Lima] Fila encontrada: {"id_pago":"306","monto":"200.00","fecha_emision":"2025-02-13 00:00:00","ruta":"files\/notasPagoInscripcion\/nota_venta_contado_194.pdf","id_asesor":null,"nombre_persona":"RUSSELL MARCELL PALOMINO CACERES","nro_identidad":"46497741","num_unidad":"222","nombre_asesor":null,"tipo_persona":"conductor","tipo_pago":"cuotas","estado_contrato":null}
[14-Mar-2026 09:36:12 America/Lima] Fila encontrada: {"id_pago":"186","monto":"100.00","fecha_emision":"2025-02-13 00:00:00","ruta":null,"id_asesor":null,"nombre_persona":"MANUEL ALEJANDRO MACEDO CASAPIA","nro_identidad":"29709340","num_unidad":"96","nombre_asesor":null,"tipo_persona":"conductor","tipo_pago":"contado","estado_contrato":null}
[14-Mar-2026 09:36:12 America/Lima] Fila encontrada: {"id_pago":"187","monto":"250.00","fecha_emision":"2025-02-13 00:00:00","ruta":null,"id_asesor":null,"nombre_persona":"JEAN PIERRE JAIME MANCHEGO VALVERDE","nro_identidad":"70441684","num_unidad":"239","nombre_asesor":null,"tipo_persona":"conductor","tipo_pago":"contado","estado_contrato":null}
[14-Mar-2026 09:36:12 America/Lima] Fila encontrada: {"id_pago":"189","monto":"100.00","fecha_emision":"2025-02-13 00:00:00","ruta":null,"id_asesor":null,"nombre_persona":"ENRIQUE GERMAIN CALDERON GASPAR","nro_identidad":"005535234","num_unidad":"88","nombre_asesor":null,"tipo_persona":"conductor","tipo_pago":"contado","estado_contrato":null}
[14-Mar-2026 09:36:12 America/Lima] Fila encontrada: {"id_pago":"190","monto":"200.00","fecha_emision":"2025-02-13 00:00:00","ruta":null,"id_asesor":null,"nombre_persona":"REYMUNDO EULOGIO TICONA CHOQUE","nro_identidad":"72246624","num_unidad":"232","nombre_asesor":null,"tipo_persona":"conductor","tipo_pago":"contado","estado_contrato":null}
[14-Mar-2026 09:36:12 America/Lima] Fila encontrada: {"id_pago":"191","monto":"200.00","fecha_emision":"2025-02-13 00:00:00","ruta":null,"id_asesor":null,"nombre_persona":"RAFAEL ABRAHAN PE\u00d1A ROADES","nro_identidad":"004664336","num_unidad":"231","nombre_asesor":null,"tipo_persona":"conductor","tipo_pago":"contado","estado_contrato":null}
[14-Mar-2026 09:36:12 America/Lima] Fila encontrada: {"id_pago":"192","monto":"100.00","fecha_emision":"2025-02-13 00:00:00","ruta":null,"id_asesor":null,"nombre_persona":"CLAUDIO SEBASTIAN PAREDES ZEBALLOS","nro_identidad":"70430494","num_unidad":"86","nombre_asesor":null,"tipo_persona":"conductor","tipo_pago":"contado","estado_contrato":null}
[14-Mar-2026 09:36:12 America/Lima] Fila encontrada: {"id_pago":"194","monto":"200.00","fecha_emision":"2025-02-13 00:00:00","ruta":null,"id_asesor":null,"nombre_persona":"RUSSELL MARCELL PALOMINO CACERES","nro_identidad":"46497741","num_unidad":"222","nombre_asesor":null,"tipo_persona":"conductor","tipo_pago":"contado","estado_contrato":null}
[14-Mar-2026 09:36:12 America/Lima] Fila encontrada: {"id_pago":"195","monto":"100.00","fecha_emision":"2025-02-13 00:00:00","ruta":null,"id_asesor":null,"nombre_persona":"OSCAR LUIS ALDAMA QUI\u00d1ONEZ","nro_identidad":"42757336","num_unidad":"85","nombre_asesor":null,"tipo_persona":"conductor","tipo_pago":"contado","estado_contrato":null}
[14-Mar-2026 09:36:12 America/Lima] Fila encontrada: {"id_pago":"198","monto":"100.00","fecha_emision":"2025-02-13 00:00:00","ruta":null,"id_asesor":null,"nombre_persona":"CARLOS ALBERTO CATARI CALLOAPAZA","nro_identidad":"29721920","num_unidad":"84","nombre_asesor":null,"tipo_persona":"conductor","tipo_pago":"contado","estado_contrato":null}
[14-Mar-2026 09:36:12 America/Lima] Fila encontrada: {"id_pago":"199","monto":"100.00","fecha_emision":"2025-02-13 00:00:00","ruta":null,"id_asesor":null,"nombre_persona":"SILVIA ROSARIO CALLA CHAMBI","nro_identidad":"45051137","num_unidad":"83","nombre_asesor":null,"tipo_persona":"conductor","tipo_pago":"contado","estado_contrato":null}
[14-Mar-2026 09:36:12 America/Lima] Fila encontrada: {"id_pago":"200","monto":"200.00","fecha_emision":"2025-02-13 00:00:00","ruta":null,"id_asesor":null,"nombre_persona":"PRISCILA IVONNE GONZALEZ VICENTE","nro_identidad":"76171578","num_unidad":"229","nombre_asesor":null,"tipo_persona":"conductor","tipo_pago":"contado","estado_contrato":null}
[14-Mar-2026 09:36:12 America/Lima] Fila encontrada: {"id_pago":"203","monto":"200.00","fecha_emision":"2025-02-13 00:00:00","ruta":null,"id_asesor":null,"nombre_persona":"JOSE MIGUEL ROSAS PONCE","nro_identidad":"45769798","num_unidad":"236","nombre_asesor":null,"tipo_persona":"conductor","tipo_pago":"contado","estado_contrato":null}
[14-Mar-2026 09:36:12 America/Lima] Fila encontrada: {"id_pago":"204","monto":"200.00","fecha_emision":"2025-02-13 00:00:00","ruta":null,"id_asesor":null,"nombre_persona":"FERNANDO JUNIOR HERNANI PINEDO ","nro_identidad":"74211340","num_unidad":"221","nombre_asesor":null,"tipo_persona":"conductor","tipo_pago":"contado","estado_contrato":null}
[14-Mar-2026 09:36:12 America/Lima] Fila encontrada: {"id_pago":"206","monto":"200.00","fecha_emision":"2025-02-13 00:00:00","ruta":null,"id_asesor":null,"nombre_persona":"NEIL BORJN BRAVO PARCO","nro_identidad":"48843372","num_unidad":"220","nombre_asesor":null,"tipo_persona":"conductor","tipo_pago":"contado","estado_contrato":null}
[14-Mar-2026 09:36:12 America/Lima] Fila encontrada: {"id_pago":"208","monto":"200.00","fecha_emision":"2025-02-13 00:00:00","ruta":null,"id_asesor":null,"nombre_persona":"JHONY VIDAL MAMANI MAMANI","nro_identidad":"75483244","num_unidad":"226","nombre_asesor":null,"tipo_persona":"conductor","tipo_pago":"contado","estado_contrato":null}
[14-Mar-2026 09:36:12 America/Lima] Fila encontrada: {"id_pago":"209","monto":"200.00","fecha_emision":"2025-02-13 00:00:00","ruta":null,"id_asesor":null,"nombre_persona":"MIGUEL ANGEL CHIRE FLORES","nro_identidad":"42191963","num_unidad":"218","nombre_asesor":null,"tipo_persona":"conductor","tipo_pago":"contado","estado_contrato":null}
[14-Mar-2026 09:36:12 America/Lima] Fila encontrada: {"id_pago":"214","monto":"200.00","fecha_emision":"2025-02-13 00:00:00","ruta":null,"id_asesor":null,"nombre_persona":"DIETHER OBED BELTRAN APAZA","nro_identidad":"45646502","num_unidad":"223","nombre_asesor":null,"tipo_persona":"conductor","tipo_pago":"contado","estado_contrato":null}
[14-Mar-2026 09:36:12 America/Lima] Fila encontrada: {"id_pago":"215","monto":"200.00","fecha_emision":"2025-02-13 00:00:00","ruta":null,"id_asesor":null,"nombre_persona":"ANGELICA MILAGROS MONTOYA ESCOBAR","nro_identidad":"29551093","num_unidad":"216","nombre_asesor":null,"tipo_persona":"conductor","tipo_pago":"contado","estado_contrato":null}
[14-Mar-2026 09:36:12 America/Lima] Fila encontrada: {"id_pago":"216","monto":"150.00","fecha_emision":"2025-02-13 00:00:00","ruta":null,"id_asesor":null,"nombre_persona":"DANIEL RICHARD CHAY\u00d1A ILLANES","nro_identidad":"73501053","num_unidad":"213","nombre_asesor":null,"tipo_persona":"conductor","tipo_pago":"contado","estado_contrato":null}
[14-Mar-2026 09:36:12 America/Lima] Fila encontrada: {"id_pago":"218","monto":"150.00","fecha_emision":"2025-02-13 00:00:00","ruta":null,"id_asesor":null,"nombre_persona":"LINO ENRIQUE CENTENO HUARILLOCLLA","nro_identidad":"42464578","num_unidad":"212","nombre_asesor":null,"tipo_persona":"conductor","tipo_pago":"contado","estado_contrato":null}
[14-Mar-2026 09:36:12 America/Lima] Fila encontrada: {"id_pago":"220","monto":"150.00","fecha_emision":"2025-02-13 00:00:00","ruta":null,"id_asesor":null,"nombre_persona":"JHON MARTIN AQUINO YAPO","nro_identidad":"75459225","num_unidad":"210","nombre_asesor":null,"tipo_persona":"conductor","tipo_pago":"contado","estado_contrato":null}
[14-Mar-2026 09:36:12 America/Lima] Fila encontrada: {"id_pago":"178","monto":"100.00","fecha_emision":"2025-02-12 00:00:00","ruta":null,"id_asesor":null,"nombre_persona":"VICTOR HUGO ALFARO GUILLEN","nro_identidad":"43312761","num_unidad":"94","nombre_asesor":null,"tipo_persona":"conductor","tipo_pago":"contado","estado_contrato":null}
[14-Mar-2026 09:36:12 America/Lima] Fila encontrada: {"id_pago":"179","monto":"100.00","fecha_emision":"2025-02-12 00:00:00","ruta":null,"id_asesor":null,"nombre_persona":"GIAN MARCO MAMANI MAMANI","nro_identidad":"75423774","num_unidad":"93","nombre_asesor":null,"tipo_persona":"conductor","tipo_pago":"contado","estado_contrato":null}
[14-Mar-2026 09:36:12 America/Lima] Fila encontrada: {"id_pago":"180","monto":"100.00","fecha_emision":"2025-02-12 00:00:00","ruta":null,"id_asesor":null,"nombre_persona":"MILLER FREDY SURCO LLAMOCA","nro_identidad":"42753811","num_unidad":"92","nombre_asesor":null,"tipo_persona":"conductor","tipo_pago":"contado","estado_contrato":null}
[14-Mar-2026 09:36:12 America/Lima] Fila encontrada: {"id_pago":"181","monto":"100.00","fecha_emision":"2025-02-12 00:00:00","ruta":null,"id_asesor":null,"nombre_persona":"LUIS DIEGO CALLA SOTO","nro_identidad":"72521661","num_unidad":"91","nombre_asesor":null,"tipo_persona":"conductor","tipo_pago":"contado","estado_contrato":null}
[14-Mar-2026 09:36:12 America/Lima] Fila encontrada: {"id_pago":"182","monto":"100.00","fecha_emision":"2025-02-12 00:00:00","ruta":null,"id_asesor":null,"nombre_persona":"MOISES HANCCO YUCRA","nro_identidad":"45938425","num_unidad":"82","nombre_asesor":null,"tipo_persona":"conductor","tipo_pago":"contado","estado_contrato":null}
[14-Mar-2026 09:36:12 America/Lima] Fila encontrada: {"id_pago":"183","monto":"100.00","fecha_emision":"2025-02-12 00:00:00","ruta":null,"id_asesor":null,"nombre_persona":"YEFERSON DIAZ VASQUEZ","nro_identidad":"47927440","num_unidad":"81","nombre_asesor":null,"tipo_persona":"conductor","tipo_pago":"contado","estado_contrato":null}
[14-Mar-2026 09:36:12 America/Lima] Fila encontrada: {"id_pago":"176","monto":"100.00","fecha_emision":"2025-02-11 00:00:00","ruta":null,"id_asesor":null,"nombre_persona":"LUIS ELIEZER  CARMONA HERNANDEZ","nro_identidad":"006346332","num_unidad":"98","nombre_asesor":null,"tipo_persona":"conductor","tipo_pago":"contado","estado_contrato":null}
[14-Mar-2026 09:36:12 America/Lima] Fila encontrada: {"id_pago":"171","monto":"100.00","fecha_emision":"2025-02-06 00:00:00","ruta":null,"id_asesor":null,"nombre_persona":"NOEL CHILO CONDORI","nro_identidad":"70363459","num_unidad":"106","nombre_asesor":null,"tipo_persona":"conductor","tipo_pago":"contado","estado_contrato":null}
[14-Mar-2026 09:36:12 America/Lima] Fila encontrada: {"id_pago":"172","monto":"100.00","fecha_emision":"2025-02-06 00:00:00","ruta":null,"id_asesor":null,"nombre_persona":"LEONARDO DAVID ARIAS ALVARO","nro_identidad":"72194930","num_unidad":"104","nombre_asesor":null,"tipo_persona":"conductor","tipo_pago":"contado","estado_contrato":null}
[14-Mar-2026 09:36:12 America/Lima] Fila encontrada: {"id_pago":"173","monto":"100.00","fecha_emision":"2025-02-06 00:00:00","ruta":null,"id_asesor":null,"nombre_persona":"JUAN CARLOS AROQUIPA PACHO","nro_identidad":"43122857","num_unidad":"103","nombre_asesor":null,"tipo_persona":"conductor","tipo_pago":"contado","estado_contrato":null}
[14-Mar-2026 09:36:12 America/Lima] Fila encontrada: {"id_pago":"174","monto":"100.00","fecha_emision":"2025-02-06 00:00:00","ruta":null,"id_asesor":null,"nombre_persona":"PAUL STEVENS RODRIGUEZ ORDINOLA","nro_identidad":"001745007","num_unidad":"102","nombre_asesor":null,"tipo_persona":"conductor","tipo_pago":"contado","estado_contrato":null}
[14-Mar-2026 09:36:12 America/Lima] Fila encontrada: {"id_pago":"159","monto":"100.00","fecha_emision":"2025-02-05 00:00:00","ruta":null,"id_asesor":null,"nombre_persona":"MOISES MAMANI YUCA","nro_identidad":"45227638","num_unidad":"116","nombre_asesor":null,"tipo_persona":"conductor","tipo_pago":"contado","estado_contrato":null}
[14-Mar-2026 09:36:12 America/Lima] Fila encontrada: {"id_pago":"160","monto":"100.00","fecha_emision":"2025-02-05 00:00:00","ruta":null,"id_asesor":null,"nombre_persona":"FELIPE MANUEL VALDIVIA CARPIO","nro_identidad":"74200300","num_unidad":"123","nombre_asesor":null,"tipo_persona":"conductor","tipo_pago":"contado","estado_contrato":null}
[14-Mar-2026 09:36:12 America/Lima] Fila encontrada: {"id_pago":"161","monto":"100.00","fecha_emision":"2025-02-05 00:00:00","ruta":null,"id_asesor":null,"nombre_persona":"HECTOR ROCCA MEZA","nro_identidad":"44356681","num_unidad":"119","nombre_asesor":null,"tipo_persona":"conductor","tipo_pago":"contado","estado_contrato":null}
[14-Mar-2026 09:36:12 America/Lima] Fila encontrada: {"id_pago":"162","monto":"100.00","fecha_emision":"2025-02-05 00:00:00","ruta":null,"id_asesor":null,"nombre_persona":"BRUNO EDSON CHOQUEHUAYTA TITO","nro_identidad":"70269044","num_unidad":"118","nombre_asesor":null,"tipo_persona":"conductor","tipo_pago":"contado","estado_contrato":null}
[14-Mar-2026 09:36:12 America/Lima] Fila encontrada: {"id_pago":"163","monto":"100.00","fecha_emision":"2025-02-05 00:00:00","ruta":null,"id_asesor":null,"nombre_persona":"ALEJO FUSTINO PACHECO TEJADA","nro_identidad":"29646500","num_unidad":"114","nombre_asesor":null,"tipo_persona":"conductor","tipo_pago":"contado","estado_contrato":null}
[14-Mar-2026 09:36:12 America/Lima] Fila encontrada: {"id_pago":"164","monto":"100.00","fecha_emision":"2025-02-05 00:00:00","ruta":null,"id_asesor":null,"nombre_persona":"KEVIN ERNESTO HALANOCA FLORES","nro_identidad":"47020796","num_unidad":"113","nombre_asesor":null,"tipo_persona":"conductor","tipo_pago":"contado","estado_contrato":null}
[14-Mar-2026 09:36:12 America/Lima] Fila encontrada: {"id_pago":"165","monto":"100.00","fecha_emision":"2025-02-05 00:00:00","ruta":null,"id_asesor":null,"nombre_persona":"JHON GABRIEL VEGA VARGAS","nro_identidad":"77329579","num_unidad":"112","nombre_asesor":null,"tipo_persona":"conductor","tipo_pago":"contado","estado_contrato":null}
[14-Mar-2026 09:36:12 America/Lima] Fila encontrada: {"id_pago":"166","monto":"100.00","fecha_emision":"2025-02-05 00:00:00","ruta":null,"id_asesor":null,"nombre_persona":"MARCO ANTONIO MEDINA HUACOTO","nro_identidad":"29659199","num_unidad":"111","nombre_asesor":null,"tipo_persona":"conductor","tipo_pago":"contado","estado_contrato":null}
[14-Mar-2026 09:36:12 America/Lima] Fila encontrada: {"id_pago":"167","monto":"100.00","fecha_emision":"2025-02-05 00:00:00","ruta":null,"id_asesor":null,"nombre_persona":"JULIO CESAR ORTIZ CHOQUE","nro_identidad":"41328419","num_unidad":"110","nombre_asesor":null,"tipo_persona":"conductor","tipo_pago":"contado","estado_contrato":null}
[14-Mar-2026 09:36:12 America/Lima] Fila encontrada: {"id_pago":"168","monto":"100.00","fecha_emision":"2025-02-05 00:00:00","ruta":null,"id_asesor":null,"nombre_persona":"LUIS MIGUEL GOMEZ ALVAREZ","nro_identidad":"46568313","num_unidad":"109","nombre_asesor":null,"tipo_persona":"conductor","tipo_pago":"contado","estado_contrato":null}
[14-Mar-2026 09:36:12 America/Lima] Fila encontrada: {"id_pago":"169","monto":"100.00","fecha_emision":"2025-02-05 00:00:00","ruta":null,"id_asesor":null,"nombre_persona":"DARIEN ALEXANDER CUTIPA APAZA","nro_identidad":"75079581","num_unidad":"108","nombre_asesor":null,"tipo_persona":"conductor","tipo_pago":"contado","estado_contrato":null}
[14-Mar-2026 09:36:12 America/Lima] Fila encontrada: {"id_pago":"170","monto":"100.00","fecha_emision":"2025-02-05 00:00:00","ruta":null,"id_asesor":null,"nombre_persona":"MELVIN ROOSEVELT MANRIQUE OVIEDO","nro_identidad":"43205700","num_unidad":"107","nombre_asesor":null,"tipo_persona":"conductor","tipo_pago":"contado","estado_contrato":null}
[14-Mar-2026 09:36:12 America/Lima] Fila encontrada: {"id_pago":"140","monto":"100.00","fecha_emision":"2025-02-04 00:00:00","ruta":null,"id_asesor":null,"nombre_persona":"HENRY OMAR LAURA MOROCCO","nro_identidad":"72152666","num_unidad":"145","nombre_asesor":null,"tipo_persona":"conductor","tipo_pago":"contado","estado_contrato":null}
[14-Mar-2026 09:36:12 America/Lima] Fila encontrada: {"id_pago":"141","monto":"100.00","fecha_emision":"2025-02-04 00:00:00","ruta":null,"id_asesor":null,"nombre_persona":"YUVAIN ENRIQUE NATERA HERRADE","nro_identidad":"006389521","num_unidad":"146","nombre_asesor":null,"tipo_persona":"conductor","tipo_pago":"contado","estado_contrato":null}
[14-Mar-2026 09:36:12 America/Lima] Fila encontrada: {"id_pago":"142","monto":"100.00","fecha_emision":"2025-02-04 00:00:00","ruta":null,"id_asesor":null,"nombre_persona":"NELSON CESAR AUGUSTO USCCA RAMOS","nro_identidad":"73060440","num_unidad":"144","nombre_asesor":null,"tipo_persona":"conductor","tipo_pago":"contado","estado_contrato":null}
[14-Mar-2026 09:36:12 America/Lima] Fila encontrada: {"id_pago":"143","monto":"100.00","fecha_emision":"2025-02-04 00:00:00","ruta":null,"id_asesor":null,"nombre_persona":"ANDRY JOSE BOSCAN NAVARRO","nro_identidad":"006800714","num_unidad":"143","nombre_asesor":null,"tipo_persona":"conductor","tipo_pago":"contado","estado_contrato":null}
[14-Mar-2026 09:36:12 America/Lima] Fila encontrada: {"id_pago":"144","monto":"100.00","fecha_emision":"2025-02-04 00:00:00","ruta":null,"id_asesor":null,"nombre_persona":"EDILBERTO OBDULIO GUTIERREZ GONZALES","nro_identidad":"29631159","num_unidad":"141","nombre_asesor":null,"tipo_persona":"conductor","tipo_pago":"contado","estado_contrato":null}
[14-Mar-2026 09:36:12 America/Lima] Fila encontrada: {"id_pago":"145","monto":"100.00","fecha_emision":"2025-02-04 00:00:00","ruta":null,"id_asesor":null,"nombre_persona":"ELISBAN VILCA CUSICUNA","nro_identidad":"74227494","num_unidad":"140","nombre_asesor":null,"tipo_persona":"conductor","tipo_pago":"contado","estado_contrato":null}
[14-Mar-2026 09:36:12 America/Lima] Fila encontrada: {"id_pago":"146","monto":"100.00","fecha_emision":"2025-02-04 00:00:00","ruta":null,"id_asesor":null,"nombre_persona":"SIXTO ALEXANDER PLATERO CONDORI","nro_identidad":"73247581","num_unidad":"139","nombre_asesor":null,"tipo_persona":"conductor","tipo_pago":"contado","estado_contrato":null}
[14-Mar-2026 09:36:12 America/Lima] Fila encontrada: {"id_pago":"147","monto":"100.00","fecha_emision":"2025-02-04 00:00:00","ruta":null,"id_asesor":null,"nombre_persona":"JHON WILLIAM ROSAS PILCO","nro_identidad":"47497306","num_unidad":"138","nombre_asesor":null,"tipo_persona":"conductor","tipo_pago":"contado","estado_contrato":null}
[14-Mar-2026 09:36:12 America/Lima] Fila encontrada: {"id_pago":"148","monto":"100.00","fecha_emision":"2025-02-04 00:00:00","ruta":null,"id_asesor":null,"nombre_persona":"CESAR RAUL CORAHUA YANA","nro_identidad":"45687490","num_unidad":"137","nombre_asesor":null,"tipo_persona":"conductor","tipo_pago":"contado","estado_contrato":null}
[14-Mar-2026 09:36:12 America/Lima] Fila encontrada: {"id_pago":"149","monto":"100.00","fecha_emision":"2025-02-04 00:00:00","ruta":null,"id_asesor":null,"nombre_persona":"ALVARO YBRIN ROJAS HUARCA","nro_identidad":"44988194","num_unidad":"135","nombre_asesor":null,"tipo_persona":"conductor","tipo_pago":"contado","estado_contrato":null}
[14-Mar-2026 09:36:12 America/Lima] Fila encontrada: {"id_pago":"150","monto":"100.00","fecha_emision":"2025-02-04 00:00:00","ruta":null,"id_asesor":null,"nombre_persona":"RODRIGO JOSE ROSAS PILCO","nro_identidad":"78011745","num_unidad":"134","nombre_asesor":null,"tipo_persona":"conductor","tipo_pago":"contado","estado_contrato":null}
[14-Mar-2026 09:36:12 America/Lima] Fila encontrada: {"id_pago":"151","monto":"100.00","fecha_emision":"2025-02-04 00:00:00","ruta":null,"id_asesor":null,"nombre_persona":"RICARDO ORLANDINI ALTAMIRANO QUISPE","nro_identidad":"42465062","num_unidad":"133","nombre_asesor":null,"tipo_persona":"conductor","tipo_pago":"contado","estado_contrato":null}
[14-Mar-2026 09:36:12 America/Lima] Fila encontrada: {"id_pago":"152","monto":"100.00","fecha_emision":"2025-02-04 00:00:00","ruta":null,"id_asesor":null,"nombre_persona":"YUHLINIO VILLANUEVA DELGADO","nro_identidad":"71860171","num_unidad":"132","nombre_asesor":null,"tipo_persona":"conductor","tipo_pago":"contado","estado_contrato":null}
[14-Mar-2026 09:36:12 America/Lima] Fila encontrada: {"id_pago":"153","monto":"100.00","fecha_emision":"2025-02-04 00:00:00","ruta":null,"id_asesor":null,"nombre_persona":"ALGER REYNADO GOMEZ VELASQUEZ","nro_identidad":"80317139","num_unidad":"131","nombre_asesor":null,"tipo_persona":"conductor","tipo_pago":"contado","estado_contrato":null}
[14-Mar-2026 09:36:12 America/Lima] Fila encontrada: {"id_pago":"154","monto":"100.00","fecha_emision":"2025-02-04 00:00:00","ruta":null,"id_asesor":null,"nombre_persona":"HENRY CHOQUE CALSIN","nro_identidad":"47899624","num_unidad":"130","nombre_asesor":null,"tipo_persona":"conductor","tipo_pago":"contado","estado_contrato":null}
[14-Mar-2026 09:36:12 America/Lima] Fila encontrada: {"id_pago":"155","monto":"100.00","fecha_emision":"2025-02-04 00:00:00","ruta":null,"id_asesor":null,"nombre_persona":"LUIS ANGEL HALANOCCA HANCCO","nro_identidad":"46566533","num_unidad":"128","nombre_asesor":null,"tipo_persona":"conductor","tipo_pago":"contado","estado_contrato":null}
[14-Mar-2026 09:36:12 America/Lima] Fila encontrada: {"id_pago":"156","monto":"100.00","fecha_emision":"2025-02-04 00:00:00","ruta":null,"id_asesor":null,"nombre_persona":"BRAYAN FABRICIO BECERRA IDME","nro_identidad":"71478954","num_unidad":"125","nombre_asesor":null,"tipo_persona":"conductor","tipo_pago":"contado","estado_contrato":null}
[14-Mar-2026 09:36:12 America/Lima] Fila encontrada: {"id_pago":"157","monto":"100.00","fecha_emision":"2025-02-04 00:00:00","ruta":null,"id_asesor":null,"nombre_persona":"VICTOR ALFONSO FLORES MAMANI","nro_identidad":"47414743","num_unidad":"124","nombre_asesor":null,"tipo_persona":"conductor","tipo_pago":"contado","estado_contrato":null}
[14-Mar-2026 09:36:12 America/Lima] Fila encontrada: {"id_pago":"28","monto":"100.00","fecha_emision":"2025-02-03 00:00:00","ruta":null,"id_asesor":null,"nombre_persona":"VICTOR EVARISTO CAJO MAMANI","nro_identidad":"40499792","num_unidad":"75","nombre_asesor":null,"tipo_persona":"conductor","tipo_pago":"contado","estado_contrato":null}
[14-Mar-2026 09:36:12 America/Lima] Fila encontrada: {"id_pago":"29","monto":"100.00","fecha_emision":"2025-02-03 00:00:00","ruta":null,"id_asesor":null,"nombre_persona":"MISAEL GABRIEL LOPEZ CLAVIJO","nro_identidad":"46959043","num_unidad":"169","nombre_asesor":null,"tipo_persona":"conductor","tipo_pago":"contado","estado_contrato":null}
[14-Mar-2026 09:36:12 America/Lima] Fila encontrada: {"id_pago":"30","monto":"100.00","fecha_emision":"2025-02-03 00:00:00","ruta":null,"id_asesor":null,"nombre_persona":"RUDY WILBER HUANCA FLORES","nro_identidad":"73521909","num_unidad":"63","nombre_asesor":null,"tipo_persona":"conductor","tipo_pago":"contado","estado_contrato":null}
[14-Mar-2026 09:36:12 America/Lima] Fila encontrada: {"id_pago":"31","monto":"100.00","fecha_emision":"2025-02-03 00:00:00","ruta":null,"id_asesor":null,"nombre_persona":"RAUL MAMANI MENDOZA","nro_identidad":"43352946","num_unidad":"15","nombre_asesor":null,"tipo_persona":"conductor","tipo_pago":"contado","estado_contrato":null}
[14-Mar-2026 09:36:12 America/Lima] Fila encontrada: {"id_pago":"33","monto":"100.00","fecha_emision":"2025-02-03 00:00:00","ruta":null,"id_asesor":null,"nombre_persona":"CHRISTIAN RODRIGO SOSA SOTO","nro_identidad":"71248649","num_unidad":"74","nombre_asesor":null,"tipo_persona":"conductor","tipo_pago":"contado","estado_contrato":null}
[14-Mar-2026 09:36:12 America/Lima] Fila encontrada: {"id_pago":"34","monto":"100.00","fecha_emision":"2025-02-03 00:00:00","ruta":null,"id_asesor":null,"nombre_persona":"MAYKI LOPEZ CLAVIJO","nro_identidad":"73355297","num_unidad":"168","nombre_asesor":null,"tipo_persona":"conductor","tipo_pago":"contado","estado_contrato":null}
[14-Mar-2026 09:36:12 America/Lima] Fila encontrada: {"id_pago":"51","monto":"100.00","fecha_emision":"2025-02-03 00:00:00","ruta":null,"id_asesor":null,"nombre_persona":"MIGUEL EDUARDO PEREZ GONZALEZ","nro_identidad":"005247955","num_unidad":"170","nombre_asesor":null,"tipo_persona":"conductor","tipo_pago":"contado","estado_contrato":null}
[14-Mar-2026 09:36:12 America/Lima] Fila encontrada: {"id_pago":"52","monto":"100.00","fecha_emision":"2025-02-03 00:00:00","ruta":null,"id_asesor":null,"nombre_persona":"ENGELBERT THOMAS VILLAFUERTE MEDINA","nro_identidad":"30586086","num_unidad":"127","nombre_asesor":null,"tipo_persona":"conductor","tipo_pago":"contado","estado_contrato":null}
[14-Mar-2026 09:36:12 America/Lima] Fila encontrada: {"id_pago":"54","monto":"100.00","fecha_emision":"2025-02-03 00:00:00","ruta":null,"id_asesor":null,"nombre_persona":"ANGEL ANDRE MU\u00d1OZ MOTTA","nro_identidad":"74125292","num_unidad":"56","nombre_asesor":null,"tipo_persona":"conductor","tipo_pago":"contado","estado_contrato":null}
[14-Mar-2026 09:36:12 America/Lima] Fila encontrada: {"id_pago":"55","monto":"100.00","fecha_emision":"2025-02-03 00:00:00","ruta":null,"id_asesor":null,"nombre_persona":"GONZALO RAFAEL ZABALA VILLARROEL","nro_identidad":"04172952","num_unidad":"8","nombre_asesor":null,"tipo_persona":"conductor","tipo_pago":"contado","estado_contrato":null}
[14-Mar-2026 09:36:12 America/Lima] Fila encontrada: {"id_pago":"56","monto":"100.00","fecha_emision":"2025-02-03 00:00:00","ruta":null,"id_asesor":null,"nombre_persona":"BRYAM JEAN PIER MOSCOSO FLORES","nro_identidad":"71074337","num_unidad":"164","nombre_asesor":null,"tipo_persona":"conductor","tipo_pago":"contado","estado_contrato":null}
[14-Mar-2026 09:36:12 America/Lima] Fila encontrada: {"id_pago":"57","monto":"100.00","fecha_emision":"2025-02-03 00:00:00","ruta":null,"id_asesor":null,"nombre_persona":"JULIAN ENRIQUE CHOQUE TACO","nro_identidad":"77427007","num_unidad":"68","nombre_asesor":null,"tipo_persona":"conductor","tipo_pago":"contado","estado_contrato":null}
[14-Mar-2026 09:36:12 America/Lima] Fila encontrada: {"id_pago":"58","monto":"100.00","fecha_emision":"2025-02-03 00:00:00","ruta":null,"id_asesor":null,"nombre_persona":"GUSTAVO JAVIER CUBA HUAMAN","nro_identidad":"47134155","num_unidad":"126","nombre_asesor":null,"tipo_persona":"conductor","tipo_pago":"contado","estado_contrato":null}
[14-Mar-2026 09:36:12 America/Lima] Fila encontrada: {"id_pago":"59","monto":"100.00","fecha_emision":"2025-02-03 00:00:00","ruta":null,"id_asesor":null,"nombre_persona":"LUIS EDUARDO BELTRAN OLAYUNCA","nro_identidad":"75570794","num_unidad":"163","nombre_asesor":null,"tipo_persona":"conductor","tipo_pago":"contado","estado_contrato":null}
[14-Mar-2026 09:36:12 America/Lima] Fila encontrada: {"id_pago":"60","monto":"100.00","fecha_emision":"2025-02-03 00:00:00","ruta":null,"id_asesor":null,"nombre_persona":"MANUEL IVAN SALAS YAULI","nro_identidad":"72704453","num_unidad":"55","nombre_asesor":null,"tipo_persona":"conductor","tipo_pago":"contado","estado_contrato":null}
[14-Mar-2026 09:36:12 America/Lima] Fila encontrada: {"id_pago":"61","monto":"100.00","fecha_emision":"2025-02-03 00:00:00","ruta":null,"id_asesor":null,"nombre_persona":"YONNY MANUEL  CASTILLA AREVALO","nro_identidad":"002228032","num_unidad":"72","nombre_asesor":null,"tipo_persona":"conductor","tipo_pago":"contado","estado_contrato":null}
[14-Mar-2026 09:36:12 America/Lima] Fila encontrada: {"id_pago":"62","monto":"100.00","fecha_emision":"2025-02-03 00:00:00","ruta":null,"id_asesor":null,"nombre_persona":"DEMBER COAGUILA ROMERO","nro_identidad":"80624395","num_unidad":"122","nombre_asesor":null,"tipo_persona":"conductor","tipo_pago":"contado","estado_contrato":null}
[14-Mar-2026 09:36:12 America/Lima] Fila encontrada: {"id_pago":"63","monto":"100.00","fecha_emision":"2025-02-03 00:00:00","ruta":null,"id_asesor":null,"nombre_persona":"FREDY ANTONIO SALAS ZEGARRA","nro_identidad":"29369389","num_unidad":"52","nombre_asesor":null,"tipo_persona":"conductor","tipo_pago":"contado","estado_contrato":null}
[14-Mar-2026 09:36:12 America/Lima] Fila encontrada: {"id_pago":"64","monto":"100.00","fecha_emision":"2025-02-03 00:00:00","ruta":null,"id_asesor":null,"nombre_persona":"FRANKLIN MIGUEL CONDORI PACCO","nro_identidad":"43505216","num_unidad":"162","nombre_asesor":null,"tipo_persona":"conductor","tipo_pago":"contado","estado_contrato":null}
[14-Mar-2026 09:36:12 America/Lima] Fila encontrada: {"id_pago":"65","monto":"100.00","fecha_emision":"2025-02-03 00:00:00","ruta":null,"id_asesor":null,"nombre_persona":"GIOMAR ANTONIO VARGAS HUACHANI","nro_identidad":"47059023","num_unidad":"120","nombre_asesor":null,"tipo_persona":"conductor","tipo_pago":"contado","estado_contrato":null}
[14-Mar-2026 09:36:12 America/Lima] Fila encontrada: {"id_pago":"66","monto":"100.00","fecha_emision":"2025-02-03 00:00:00","ruta":null,"id_asesor":null,"nombre_persona":"LUIS ADISON SUCA VALERIANO","nro_identidad":"45537123","num_unidad":"67","nombre_asesor":null,"tipo_persona":"conductor","tipo_pago":"contado","estado_contrato":null}
[14-Mar-2026 09:36:12 America/Lima] Fila encontrada: {"id_pago":"72","monto":"100.00","fecha_emision":"2025-02-03 00:00:00","ruta":null,"id_asesor":null,"nombre_persona":"LUIS ALBERTHO LOAYZA SERRUDO","nro_identidad":"42706440","num_unidad":"66","nombre_asesor":null,"tipo_persona":"conductor","tipo_pago":"contado","estado_contrato":null}
[14-Mar-2026 09:36:12 America/Lima] Fila encontrada: {"id_pago":"75","monto":"100.00","fecha_emision":"2025-02-03 00:00:00","ruta":null,"id_asesor":null,"nombre_persona":"LUDVING DANIEL HUACCOTO GOIZUETA","nro_identidad":"47430740","num_unidad":"64","nombre_asesor":null,"tipo_persona":"conductor","tipo_pago":"contado","estado_contrato":null}
[14-Mar-2026 09:36:12 America/Lima] Fila encontrada: {"id_pago":"84","monto":"100.00","fecha_emision":"2025-02-03 00:00:00","ruta":null,"id_asesor":null,"nombre_persona":"CARLOS VICTOR PALOMINO MU\u00d1IZ","nro_identidad":"41226025","num_unidad":"44","nombre_asesor":null,"tipo_persona":"conductor","tipo_pago":"contado","estado_contrato":null}
[14-Mar-2026 09:36:12 America/Lima] Fila encontrada: {"id_pago":"85","monto":"100.00","fecha_emision":"2025-02-03 00:00:00","ruta":null,"id_asesor":null,"nombre_persona":"DIEGO ABEL CASTRO FLORES","nro_identidad":"76787498","num_unidad":"157","nombre_asesor":null,"tipo_persona":"conductor","tipo_pago":"contado","estado_contrato":null}
[14-Mar-2026 09:36:12 America/Lima] Fila encontrada: {"id_pago":"86","monto":"100.00","fecha_emision":"2025-02-03 00:00:00","ruta":null,"id_asesor":null,"nombre_persona":"JUSTO ANTONIO CONCHA QUISPE","nro_identidad":"43174792","num_unidad":"17","nombre_asesor":null,"tipo_persona":"conductor","tipo_pago":"contado","estado_contrato":null}
[14-Mar-2026 09:36:12 America/Lima] Fila encontrada: {"id_pago":"24","monto":"100.00","fecha_emision":"2025-02-02 00:00:00","ruta":null,"id_asesor":null,"nombre_persona":"JULIO CESAR CAHUATA HUARANGA","nro_identidad":"46627540","num_unidad":"79","nombre_asesor":null,"tipo_persona":"conductor","tipo_pago":"contado","estado_contrato":null}
[14-Mar-2026 09:36:12 America/Lima] Fila encontrada: {"id_pago":"25","monto":"100.00","fecha_emision":"2025-02-02 00:00:00","ruta":null,"id_asesor":null,"nombre_persona":"VICTOR FROILAN AYALA PARI","nro_identidad":"74526461","num_unidad":"78","nombre_asesor":null,"tipo_persona":"conductor","tipo_pago":"contado","estado_contrato":null}
[14-Mar-2026 09:36:12 America/Lima] Fila encontrada: {"id_pago":"26","monto":"100.00","fecha_emision":"2025-02-02 00:00:00","ruta":null,"id_asesor":null,"nombre_persona":"VICTOR MIGUEL BERNAL LLAMOCA","nro_identidad":"30962992","num_unidad":"77","nombre_asesor":null,"tipo_persona":"conductor","tipo_pago":"contado","estado_contrato":null}
[14-Mar-2026 09:36:12 America/Lima] Fila encontrada: {"id_pago":"27","monto":"100.00","fecha_emision":"2025-02-02 00:00:00","ruta":null,"id_asesor":null,"nombre_persona":"JOHN RENATO ARROE CORNEJO","nro_identidad":"29658364","num_unidad":"76","nombre_asesor":null,"tipo_persona":"conductor","tipo_pago":"contado","estado_contrato":null}
[14-Mar-2026 09:36:12 America/Lima] Fila encontrada: {"id_pago":"1","monto":"100.00","fecha_emision":"2025-02-01 00:00:00","ruta":null,"id_asesor":null,"nombre_persona":"ESTRELLA MARIA DEL CARMEN LOPEZ TURPO","nro_identidad":"72314107","num_unidad":"36","nombre_asesor":null,"tipo_persona":"conductor","tipo_pago":"contado","estado_contrato":null}
[14-Mar-2026 09:36:12 America/Lima] Fila encontrada: {"id_pago":"2","monto":"100.00","fecha_emision":"2025-02-01 00:00:00","ruta":null,"id_asesor":null,"nombre_persona":"MAURO CARRILLO LAYME","nro_identidad":"29704977","num_unidad":"87","nombre_asesor":null,"tipo_persona":"conductor","tipo_pago":"contado","estado_contrato":null}
[14-Mar-2026 09:36:12 America/Lima] Fila encontrada: {"id_pago":"3","monto":"100.00","fecha_emision":"2025-02-01 00:00:00","ruta":null,"id_asesor":null,"nombre_persona":"JONATHAN DENNIS HERESI GONZALES","nro_identidad":"46188666","num_unidad":"89","nombre_asesor":null,"tipo_persona":"conductor","tipo_pago":"contado","estado_contrato":null}
[14-Mar-2026 09:36:12 America/Lima] Fila encontrada: {"id_pago":"4","monto":"100.00","fecha_emision":"2025-02-01 00:00:00","ruta":null,"id_asesor":null,"nombre_persona":"LEONARDO ELVIS ENRIQUEZ VILCA","nro_identidad":"47006116","num_unidad":"35","nombre_asesor":null,"tipo_persona":"conductor","tipo_pago":"contado","estado_contrato":null}
[14-Mar-2026 09:36:12 America/Lima] Fila encontrada: {"id_pago":"5","monto":"100.00","fecha_emision":"2025-02-01 00:00:00","ruta":null,"id_asesor":null,"nombre_persona":"MIGUEL ANGEL COAGUILA QUISPE","nro_identidad":"40946936","num_unidad":"10","nombre_asesor":null,"tipo_persona":"conductor","tipo_pago":"contado","estado_contrato":null}
[14-Mar-2026 09:36:12 America/Lima] Fila encontrada: {"id_pago":"6","monto":"100.00","fecha_emision":"2025-02-01 00:00:00","ruta":null,"id_asesor":null,"nombre_persona":"DIEGO ALONSO CARDE\u00d1A CUELLAR","nro_identidad":"70405740","num_unidad":"90","nombre_asesor":null,"tipo_persona":"conductor","tipo_pago":"contado","estado_contrato":null}
[14-Mar-2026 09:36:12 America/Lima] Fila encontrada: {"id_pago":"7","monto":"100.00","fecha_emision":"2025-02-01 00:00:00","ruta":null,"id_asesor":null,"nombre_persona":"JENSON JHONATAN CONDORI MAMANI","nro_identidad":"73482260","num_unidad":"70","nombre_asesor":null,"tipo_persona":"conductor","tipo_pago":"contado","estado_contrato":null}
[14-Mar-2026 09:36:12 America/Lima] Fila encontrada: {"id_pago":"8","monto":"100.00","fecha_emision":"2025-02-01 00:00:00","ruta":null,"id_asesor":null,"nombre_persona":"YORK JOSE VERA OVIEDO","nro_identidad":"44111807","num_unidad":"32","nombre_asesor":null,"tipo_persona":"conductor","tipo_pago":"contado","estado_contrato":null}
[14-Mar-2026 09:36:12 America/Lima] Fila encontrada: {"id_pago":"9","monto":"100.00","fecha_emision":"2025-02-01 00:00:00","ruta":null,"id_asesor":null,"nombre_persona":"JAVIER LISANDRO CHAHUAYO DUE\u00d1AS","nro_identidad":"45125182","num_unidad":"65","nombre_asesor":null,"tipo_persona":"conductor","tipo_pago":"contado","estado_contrato":null}
[14-Mar-2026 09:36:12 America/Lima] Fila encontrada: {"id_pago":"10","monto":"100.00","fecha_emision":"2025-02-01 00:00:00","ruta":null,"id_asesor":null,"nombre_persona":"ELVIS RAMOS SAYA","nro_identidad":"45481150","num_unidad":"31","nombre_asesor":null,"tipo_persona":"conductor","tipo_pago":"contado","estado_contrato":null}
[14-Mar-2026 09:36:12 America/Lima] Fila encontrada: {"id_pago":"11","monto":"100.00","fecha_emision":"2025-02-01 00:00:00","ruta":null,"id_asesor":null,"nombre_persona":"NESTOR SEGUNDO RAMOS CARRASCO","nro_identidad":"48223104","num_unidad":"95","nombre_asesor":null,"tipo_persona":"conductor","tipo_pago":"contado","estado_contrato":null}
[14-Mar-2026 09:36:12 America/Lima] Fila encontrada: {"id_pago":"12","monto":"100.00","fecha_emision":"2025-02-01 00:00:00","ruta":null,"id_asesor":null,"nombre_persona":"VICTOR EMILIO LUDGARDO FUENTES CENTTY","nro_identidad":"72000838","num_unidad":"26","nombre_asesor":null,"tipo_persona":"conductor","tipo_pago":"contado","estado_contrato":null}
[14-Mar-2026 09:36:12 America/Lima] Fila encontrada: {"id_pago":"13","monto":"100.00","fecha_emision":"2025-02-01 00:00:00","ruta":null,"id_asesor":null,"nombre_persona":"JUAN CARLOS LOPEZ -","nro_identidad":"42847681","num_unidad":"54","nombre_asesor":null,"tipo_persona":"conductor","tipo_pago":"contado","estado_contrato":null}
[14-Mar-2026 09:36:12 America/Lima] Fila encontrada: {"id_pago":"14","monto":"100.00","fecha_emision":"2025-02-01 00:00:00","ruta":null,"id_asesor":null,"nombre_persona":"VICTOR HUGO PACCO MAYHUA","nro_identidad":"44892041","num_unidad":"5","nombre_asesor":null,"tipo_persona":"conductor","tipo_pago":"contado","estado_contrato":null}
[14-Mar-2026 09:36:12 America/Lima] Fila encontrada: {"id_pago":"15","monto":"100.00","fecha_emision":"2025-02-01 00:00:00","ruta":null,"id_asesor":null,"nombre_persona":"IVAN BAUTISTA MONROY","nro_identidad":"46710456","num_unidad":"24","nombre_asesor":null,"tipo_persona":"conductor","tipo_pago":"contado","estado_contrato":null}
[14-Mar-2026 09:36:12 America/Lima] Fila encontrada: {"id_pago":"16","monto":"100.00","fecha_emision":"2025-02-01 00:00:00","ruta":null,"id_asesor":null,"nombre_persona":"HENRY SANCHEZ TAPIA","nro_identidad":"48736062","num_unidad":"97","nombre_asesor":null,"tipo_persona":"conductor","tipo_pago":"contado","estado_contrato":null}
[14-Mar-2026 09:36:12 America/Lima] Fila encontrada: {"id_pago":"17","monto":"100.00","fecha_emision":"2025-02-01 00:00:00","ruta":null,"id_asesor":null,"nombre_persona":"MARTIN JOSE RAMOS PACCO","nro_identidad":"29709761","num_unidad":"53","nombre_asesor":null,"tipo_persona":"conductor","tipo_pago":"contado","estado_contrato":null}
[14-Mar-2026 09:36:12 America/Lima] Fila encontrada: {"id_pago":"18","monto":"100.00","fecha_emision":"2025-02-01 00:00:00","ruta":null,"id_asesor":null,"nombre_persona":"WILBUR JAVIER RAMOS LLANOS","nro_identidad":"42861306","num_unidad":"2","nombre_asesor":null,"tipo_persona":"conductor","tipo_pago":"contado","estado_contrato":null}
[14-Mar-2026 09:36:12 America/Lima] Fila encontrada: {"id_pago":"19","monto":"100.00","fecha_emision":"2025-02-01 00:00:00","ruta":null,"id_asesor":null,"nombre_persona":"JOSE PANDIA PANDIA","nro_identidad":"40405973","num_unidad":"43","nombre_asesor":null,"tipo_persona":"conductor","tipo_pago":"contado","estado_contrato":null}
[14-Mar-2026 09:36:12 America/Lima] Fila encontrada: {"id_pago":"20","monto":"100.00","fecha_emision":"2025-02-01 00:00:00","ruta":null,"id_asesor":null,"nombre_persona":"MIGUEL GUSTAVO TURPO TURPO","nro_identidad":"44499839","num_unidad":"20","nombre_asesor":null,"tipo_persona":"conductor","tipo_pago":"contado","estado_contrato":null}
[14-Mar-2026 09:36:12 America/Lima] Fila encontrada: {"id_pago":"21","monto":"100.00","fecha_emision":"2025-02-01 00:00:00","ruta":null,"id_asesor":null,"nombre_persona":"RONAL IVAN LAURA CCAMA","nro_identidad":"44612278","num_unidad":"42","nombre_asesor":null,"tipo_persona":"conductor","tipo_pago":"contado","estado_contrato":null}
[14-Mar-2026 09:36:12 America/Lima] Fila encontrada: {"id_pago":"22","monto":"100.00","fecha_emision":"2025-02-01 00:00:00","ruta":null,"id_asesor":null,"nombre_persona":"CESAR BAYARDO SUCAPUCA CAYO","nro_identidad":"29275996","num_unidad":"1","nombre_asesor":null,"tipo_persona":"conductor","tipo_pago":"contado","estado_contrato":null}
[14-Mar-2026 09:36:12 America/Lima] Fila encontrada: {"id_pago":"23","monto":"100.00","fecha_emision":"2025-02-01 00:00:00","ruta":null,"id_asesor":null,"nombre_persona":"JOSE WILFREDO VIZCARRA CALSIN","nro_identidad":"80503761","num_unidad":"16","nombre_asesor":null,"tipo_persona":"conductor","tipo_pago":"contado","estado_contrato":null}
[14-Mar-2026 10:11:23 America/Lima] Exception: Unknown column 'nv.facturado' in 'field list'
[14-Mar-2026 10:11:39 America/Lima] Exception: Unknown column 'nv.facturado' in 'field list'
[14-Mar-2026 10:13:41 America/Lima] Fila encontrada: {"id_pago":"88","monto":"100.00","fecha_emision":"2026-02-28 08:35:04","ruta":"","id_asesor":"132","nombre_persona":"WILDER AGUILAR CUTIPA","nro_identidad":"43519174","num_unidad":null,"nombre_asesor":"JEFERSON MONTES (LIBRE) ","tipo_persona":"cliente","tipo_pago":"contado","estado_contrato":null,"facturado":"0","fecha_facturacion":null}
[14-Mar-2026 10:13:41 America/Lima] Fila encontrada: {"id_pago":"87","monto":"100.00","fecha_emision":"2026-02-26 13:16:51","ruta":"","id_asesor":"105","nombre_persona":"JAVIER MAMANI CARBAJAL","nro_identidad":"44861372","num_unidad":null,"nombre_asesor":"Sebastian ","tipo_persona":"cliente","tipo_pago":"contado","estado_contrato":null,"facturado":"0","fecha_facturacion":null}
[14-Mar-2026 10:13:41 America/Lima] Fila encontrada: {"id_pago":"86","monto":"100.00","fecha_emision":"2026-02-25 20:47:18","ruta":"","id_asesor":"110","nombre_persona":"FRANKSWA RONALD BELTRAN CORNEJO","nro_identidad":"44036137","num_unidad":null,"nombre_asesor":"ArequipaGo ","tipo_persona":"cliente","tipo_pago":"contado","estado_contrato":null,"facturado":"0","fecha_facturacion":null}
[14-Mar-2026 10:13:41 America/Lima] Fila encontrada: {"id_pago":"85","monto":"100.00","fecha_emision":"2026-02-25 12:54:57","ruta":"","id_asesor":"110","nombre_persona":"JOHAN ALEXANDER MEDINA BEGAZO","nro_identidad":"42711886","num_unidad":null,"nombre_asesor":"ArequipaGo ","tipo_persona":"cliente","tipo_pago":"contado","estado_contrato":null,"facturado":"0","fecha_facturacion":null}
[14-Mar-2026 10:13:41 America/Lima] Fila encontrada: {"id_pago":"84","monto":"100.00","fecha_emision":"2026-02-24 17:22:33","ruta":"","id_asesor":"82","nombre_persona":"RONAL MARCOS QUISPE ARIZACA","nro_identidad":"75076206","num_unidad":null,"nombre_asesor":"Leslie Machaca","tipo_persona":"cliente","tipo_pago":"contado","estado_contrato":null,"facturado":"0","fecha_facturacion":null}
[14-Mar-2026 10:13:41 America/Lima] Fila encontrada: {"id_pago":"83","monto":"100.00","fecha_emision":"2026-02-24 17:22:28","ruta":"","id_asesor":"111","nombre_persona":"YONNY MANUEL CASTILLA RAFFO","nro_identidad":"006235471","num_unidad":null,"nombre_asesor":"YONNY ","tipo_persona":"cliente","tipo_pago":"contado","estado_contrato":null,"facturado":"0","fecha_facturacion":null}
[14-Mar-2026 10:13:41 America/Lima] Fila encontrada: {"id_pago":"82","monto":"100.00","fecha_emision":"2026-02-23 19:40:53","ruta":"","id_asesor":"131","nombre_persona":"MICHAEL BACA QUISPE","nro_identidad":"71329429","num_unidad":null,"nombre_asesor":"Pierina ","tipo_persona":"cliente","tipo_pago":"contado","estado_contrato":null,"facturado":"0","fecha_facturacion":null}
[14-Mar-2026 10:13:41 America/Lima] Fila encontrada: {"id_pago":"81","monto":"100.00","fecha_emision":"2026-02-23 14:58:54","ruta":"","id_asesor":"131","nombre_persona":"JORGE LUIS IDME SUASACA","nro_identidad":"73961195","num_unidad":null,"nombre_asesor":"Pierina ","tipo_persona":"cliente","tipo_pago":"contado","estado_contrato":null,"facturado":"0","fecha_facturacion":null}
[14-Mar-2026 10:13:41 America/Lima] Fila encontrada: {"id_pago":"80","monto":"100.00","fecha_emision":"2026-02-23 14:23:13","ruta":"","id_asesor":"106","nombre_persona":"GERMAN PAUL SAAVEDRA VARGAS","nro_identidad":"44171020","num_unidad":null,"nombre_asesor":"Maria Fernanda ofic 2 ","tipo_persona":"cliente","tipo_pago":"contado","estado_contrato":null,"facturado":"0","fecha_facturacion":null}
[14-Mar-2026 10:13:41 America/Lima] Fila encontrada: {"id_pago":"315","monto":"150.00","fecha_emision":"2026-02-21 13:54:04","ruta":"files\/notasPagoInscripcion\/nota_venta_467.pdf","id_asesor":"111","nombre_persona":"CRISTOPHER ALFONSO ALIAGA CONDORI","nro_identidad":"71926856","num_unidad":"23","nombre_asesor":"YONNY ","tipo_persona":"conductor","tipo_pago":"contado","estado_contrato":null,"facturado":"0","fecha_facturacion":null}
[14-Mar-2026 10:13:41 America/Lima] Fila encontrada: {"id_pago":"79","monto":"100.00","fecha_emision":"2026-02-20 18:34:44","ruta":"","id_asesor":"106","nombre_persona":"FERNANDO MATEO ARAOZ VELA","nro_identidad":"76974199","num_unidad":null,"nombre_asesor":"Maria Fernanda ofic 2 ","tipo_persona":"cliente","tipo_pago":"contado","estado_contrato":null,"facturado":"0","fecha_facturacion":null}
[14-Mar-2026 10:13:41 America/Lima] Fila encontrada: {"id_pago":"78","monto":"100.00","fecha_emision":"2026-02-20 11:01:28","ruta":"","id_asesor":"82","nombre_persona":"RONAL CESAR MAMANI CALLASACA","nro_identidad":"48187669","num_unidad":null,"nombre_asesor":"Leslie Machaca","tipo_persona":"cliente","tipo_pago":"contado","estado_contrato":null,"facturado":"0","fecha_facturacion":null}
[14-Mar-2026 10:13:41 America/Lima] Fila encontrada: {"id_pago":"77","monto":"100.00","fecha_emision":"2026-02-20 11:01:25","ruta":"","id_asesor":"82","nombre_persona":"CLEOFE LLASA CCACYAVILCA","nro_identidad":"62045231","num_unidad":null,"nombre_asesor":"Leslie Machaca","tipo_persona":"cliente","tipo_pago":"contado","estado_contrato":null,"facturado":"0","fecha_facturacion":null}
[14-Mar-2026 10:13:41 America/Lima] Fila encontrada: {"id_pago":"76","monto":"100.00","fecha_emision":"2026-02-19 17:55:25","ruta":"","id_asesor":"131","nombre_persona":"FOLKERT EDWIN FLORES CARDENAS","nro_identidad":"76060206","num_unidad":null,"nombre_asesor":"Pierina ","tipo_persona":"cliente","tipo_pago":"contado","estado_contrato":null,"facturado":"0","fecha_facturacion":null}
[14-Mar-2026 10:13:41 America/Lima] Fila encontrada: {"id_pago":"75","monto":"100.00","fecha_emision":"2026-02-19 11:30:18","ruta":"","id_asesor":"106","nombre_persona":"PABLO FRANCISCO ESPINOZA ANCHAYHUA","nro_identidad":"48002115","num_unidad":null,"nombre_asesor":"Maria Fernanda ofic 2 ","tipo_persona":"cliente","tipo_pago":"contado","estado_contrato":null,"facturado":"0","fecha_facturacion":null}
[14-Mar-2026 10:13:41 America/Lima] Fila encontrada: {"id_pago":"74","monto":"100.00","fecha_emision":"2026-02-19 10:33:28","ruta":"","id_asesor":"82","nombre_persona":"Erika Gabriela  Ruiz Botines","nro_identidad":"004729205","num_unidad":null,"nombre_asesor":"Leslie Machaca","tipo_persona":"cliente","tipo_pago":"contado","estado_contrato":null,"facturado":"0","fecha_facturacion":null}
[14-Mar-2026 10:13:41 America/Lima] Fila encontrada: {"id_pago":"314","monto":"150.00","fecha_emision":"2026-02-18 15:36:07","ruta":"files\/notasPagoInscripcion\/nota_venta_466.pdf","id_asesor":"130","nombre_persona":"CLAUDIO ANTONIO LOPEZ VILLALVA","nro_identidad":"76908417","num_unidad":"1","nombre_asesor":"Ra\u00fal ","tipo_persona":"conductor","tipo_pago":"contado","estado_contrato":null,"facturado":"0","fecha_facturacion":null}
[14-Mar-2026 10:13:41 America/Lima] Fila encontrada: {"id_pago":"313","monto":"150.00","fecha_emision":"2026-02-17 20:14:05","ruta":"files\/notasPagoInscripcion\/nota_venta_465.pdf","id_asesor":"126","nombre_persona":"LUIS ALFREDO MACHUCA PUELLES","nro_identidad":"74834176","num_unidad":"10","nombre_asesor":"Monica  ","tipo_persona":"conductor","tipo_pago":"contado","estado_contrato":null,"facturado":"0","fecha_facturacion":null}
[14-Mar-2026 10:13:41 America/Lima] Fila encontrada: {"id_pago":"73","monto":"100.00","fecha_emision":"2026-02-17 18:35:08","ruta":"","id_asesor":"99","nombre_persona":"PERCY DANIEL SOTO MINAYA","nro_identidad":"74564587","num_unidad":null,"nombre_asesor":"Nixo S\u00e1nchez ","tipo_persona":"cliente","tipo_pago":"contado","estado_contrato":null,"facturado":"0","fecha_facturacion":null}
[14-Mar-2026 10:13:41 America/Lima] Fila encontrada: {"id_pago":"72","monto":"100.00","fecha_emision":"2026-02-13 17:16:44","ruta":"","id_asesor":"121","nombre_persona":"david jonatan sihuin sullani","nro_identidad":"76078595","num_unidad":null,"nombre_asesor":"ALEJANDRO VALDIVIA ","tipo_persona":"cliente","tipo_pago":"contado","estado_contrato":null,"facturado":"0","fecha_facturacion":null}
[14-Mar-2026 10:13:41 America/Lima] Fila encontrada: {"id_pago":"71","monto":"100.00","fecha_emision":"2026-02-12 15:48:07","ruta":"","id_asesor":"131","nombre_persona":"Josely Maribith  Rojas Villegas","nro_identidad":"006797957","num_unidad":null,"nombre_asesor":"Pierina ","tipo_persona":"cliente","tipo_pago":"contado","estado_contrato":null,"facturado":"0","fecha_facturacion":null}
[14-Mar-2026 10:13:41 America/Lima] Fila encontrada: {"id_pago":"70","monto":"100.00","fecha_emision":"2026-02-12 09:17:30","ruta":"","id_asesor":"106","nombre_persona":"GERARDO JOSE  SAAVEDRA GUEDEZ","nro_identidad":"006439695","num_unidad":null,"nombre_asesor":"Maria Fernanda ofic 2 ","tipo_persona":"cliente","tipo_pago":"contado","estado_contrato":null,"facturado":"0","fecha_facturacion":null}
[14-Mar-2026 10:13:41 America/Lima] Fila encontrada: {"id_pago":"311","monto":"150.00","fecha_emision":"2026-02-11 00:00:00","ruta":"files\/notasPagoInscripcion\/nota_venta_contado_463.pdf","id_asesor":"110","nombre_persona":"MAURIZIO DAVID LLANOS BEGAZO","nro_identidad":"73124109","num_unidad":"22","nombre_asesor":"ArequipaGo ","tipo_persona":"conductor","tipo_pago":"cuotas","estado_contrato":null,"facturado":"0","fecha_facturacion":null}
[14-Mar-2026 10:13:41 America/Lima] Fila encontrada: {"id_pago":"309","monto":"100.00","fecha_emision":"2026-02-10 21:07:43","ruta":"files\/notasPagoInscripcion\/nota_venta_462.pdf","id_asesor":"110","nombre_persona":"CARLOS MIGUEL GARRIDO GAVIDIA","nro_identidad":"43810615","num_unidad":"8","nombre_asesor":"ArequipaGo ","tipo_persona":"conductor","tipo_pago":"contado","estado_contrato":null,"facturado":"0","fecha_facturacion":null}
[14-Mar-2026 10:13:41 America/Lima] Fila encontrada: {"id_pago":"68","monto":"100.00","fecha_emision":"2026-02-10 18:39:59","ruta":"","id_asesor":"92","nombre_persona":"JEAN PAUL CHOQUEHUANCA APAZA","nro_identidad":"76007025","num_unidad":null,"nombre_asesor":"jeferson chopita ","tipo_persona":"cliente","tipo_pago":"contado","estado_contrato":null,"facturado":"0","fecha_facturacion":null}
[14-Mar-2026 10:13:41 America/Lima] Fila encontrada: {"id_pago":"67","monto":"100.00","fecha_emision":"2026-02-10 14:44:45","ruta":"","id_asesor":"79","nombre_persona":"MARIBEL IVONNE TURPO TURPO","nro_identidad":"61039529","num_unidad":null,"nombre_asesor":"Lorena Diaz","tipo_persona":"cliente","tipo_pago":"contado","estado_contrato":null,"facturado":"0","fecha_facturacion":null}
[14-Mar-2026 10:13:41 America/Lima] Fila encontrada: {"id_pago":"66","monto":"100.00","fecha_emision":"2026-02-10 14:09:32","ruta":"","id_asesor":"102","nombre_persona":"MARCO ANTONIO PACCO HUAMANSULCA","nro_identidad":"78635852","num_unidad":null,"nombre_asesor":"Ankarii ","tipo_persona":"cliente","tipo_pago":"contado","estado_contrato":null,"facturado":"0","fecha_facturacion":null}
[14-Mar-2026 10:13:41 America/Lima] Fila encontrada: {"id_pago":"308","monto":"110.00","fecha_emision":"2026-02-10 12:32:39","ruta":"files\/notasPagoInscripcion\/nota_venta_315.pdf","id_asesor":"110","nombre_persona":"JUAN CARLOS CONDORIMAY QUISPE","nro_identidad":"43095128","num_unidad":"338","nombre_asesor":"ArequipaGo ","tipo_persona":"conductor","tipo_pago":"cuotas","estado_contrato":null,"facturado":"0","fecha_facturacion":null}
[14-Mar-2026 10:13:41 America/Lima] Fila encontrada: {"id_pago":"307","monto":"50.00","fecha_emision":"2026-02-10 12:31:50","ruta":"files\/notasPagoInscripcion\/nota_venta_314.pdf","id_asesor":"110","nombre_persona":"JUAN CARLOS CONDORIMAY QUISPE","nro_identidad":"43095128","num_unidad":"338","nombre_asesor":"ArequipaGo ","tipo_persona":"conductor","tipo_pago":"cuotas","estado_contrato":null,"facturado":"0","fecha_facturacion":null}
[14-Mar-2026 10:13:41 America/Lima] Fila encontrada: {"id_pago":"65","monto":"100.00","fecha_emision":"2026-02-07 11:24:21","ruta":"","id_asesor":"92","nombre_persona":"LUIS ALBERTO GUTIERREZ CRUZ","nro_identidad":"42903005","num_unidad":null,"nombre_asesor":"jeferson chopita ","tipo_persona":"cliente","tipo_pago":"contado","estado_contrato":null,"facturado":"0","fecha_facturacion":null}
[14-Mar-2026 10:13:41 America/Lima] Fila encontrada: {"id_pago":"64","monto":"100.00","fecha_emision":"2026-02-04 16:57:06","ruta":"","id_asesor":"92","nombre_persona":"DIEGO HAIR AYALA PARI","nro_identidad":"74526463","num_unidad":null,"nombre_asesor":"jeferson chopita ","tipo_persona":"cliente","tipo_pago":"contado","estado_contrato":null,"facturado":"0","fecha_facturacion":null}
[14-Mar-2026 10:13:41 America/Lima] Fila encontrada: {"id_pago":"63","monto":"100.00","fecha_emision":"2026-02-03 21:00:34","ruta":"","id_asesor":"106","nombre_persona":"RONALD CIRO QUISPE YANA","nro_identidad":"70288452","num_unidad":null,"nombre_asesor":"Maria Fernanda ofic 2 ","tipo_persona":"cliente","tipo_pago":"contado","estado_contrato":null,"facturado":"0","fecha_facturacion":null}
[14-Mar-2026 10:13:41 America/Lima] Fila encontrada: {"id_pago":"62","monto":"100.00","fecha_emision":"2026-02-01 15:39:40","ruta":"","id_asesor":"105","nombre_persona":"SANTIAGO JOSE FLORES CRUCES","nro_identidad":"75217252","num_unidad":null,"nombre_asesor":"Sebastian ","tipo_persona":"cliente","tipo_pago":"contado","estado_contrato":null,"facturado":"0","fecha_facturacion":null}
[14-Mar-2026 10:13:41 America/Lima] Fila encontrada: {"id_pago":"61","monto":"100.00","fecha_emision":"2026-02-01 15:39:29","ruta":"","id_asesor":"99","nombre_persona":"JOSUE ZEGARRA VELASCO","nro_identidad":"47792873","num_unidad":null,"nombre_asesor":"Nixo S\u00e1nchez ","tipo_persona":"cliente","tipo_pago":"contado","estado_contrato":null,"facturado":"0","fecha_facturacion":null}
[14-Mar-2026 10:13:41 America/Lima] Fila encontrada: {"id_pago":"60","monto":"100.00","fecha_emision":"2026-01-29 14:25:22","ruta":"","id_asesor":"82","nombre_persona":"ROLY RODRIGO CUTIRE HUILLCA","nro_identidad":"75658299","num_unidad":null,"nombre_asesor":"Leslie Machaca","tipo_persona":"cliente","tipo_pago":"contado","estado_contrato":null,"facturado":"0","fecha_facturacion":null}
[14-Mar-2026 10:13:41 America/Lima] Fila encontrada: {"id_pago":"59","monto":"100.00","fecha_emision":"2026-01-27 22:27:21","ruta":"","id_asesor":"103","nombre_persona":"Jonathan Vidal  Ria\u00f1o Ereu","nro_identidad":"006254200","num_unidad":null,"nombre_asesor":"Kristopher Salgado ","tipo_persona":"cliente","tipo_pago":"contado","estado_contrato":null,"facturado":"0","fecha_facturacion":null}
[14-Mar-2026 10:13:41 America/Lima] Fila encontrada: {"id_pago":"305","monto":"150.00","fecha_emision":"2026-01-26 18:47:29","ruta":"files\/notasPagoInscripcion\/nota_venta_461.pdf","id_asesor":"110","nombre_persona":"Jose Rafael  Hernandez Mora","nro_identidad":"006254987","num_unidad":"21","nombre_asesor":"ArequipaGo ","tipo_persona":"conductor","tipo_pago":"contado","estado_contrato":null,"facturado":"0","fecha_facturacion":null}
[14-Mar-2026 10:13:41 America/Lima] Fila encontrada: {"id_pago":"58","monto":"100.00","fecha_emision":"2026-01-26 14:14:40","ruta":"","id_asesor":"121","nombre_persona":"JOEL NELSON MAMANI SUMARINI","nro_identidad":"42975533","num_unidad":null,"nombre_asesor":"ALEJANDRO VALDIVIA ","tipo_persona":"cliente","tipo_pago":"contado","estado_contrato":null,"facturado":"0","fecha_facturacion":null}
[14-Mar-2026 10:13:41 America/Lima] Fila encontrada: {"id_pago":"57","monto":"100.00","fecha_emision":"2026-01-24 13:16:02","ruta":"","id_asesor":"85","nombre_persona":"CESAR AUGUSTO HUACOTO RIVERA","nro_identidad":"61755450","num_unidad":null,"nombre_asesor":"yessenia avalos ","tipo_persona":"cliente","tipo_pago":"contado","estado_contrato":null,"facturado":"0","fecha_facturacion":null}
[14-Mar-2026 10:13:41 America/Lima] Fila encontrada: {"id_pago":"56","monto":"100.00","fecha_emision":"2026-01-23 13:56:04","ruta":"","id_asesor":"105","nombre_persona":"Andres Wilfredo Callata Yucra","nro_identidad":"29711810","num_unidad":null,"nombre_asesor":"Sebastian ","tipo_persona":"cliente","tipo_pago":"contado","estado_contrato":null,"facturado":"0","fecha_facturacion":null}
[14-Mar-2026 10:13:41 America/Lima] Fila encontrada: {"id_pago":"55","monto":"100.00","fecha_emision":"2026-01-23 11:35:03","ruta":"","id_asesor":"105","nombre_persona":"NIVER RAUL VILLA ESPINAL","nro_identidad":"44630601","num_unidad":null,"nombre_asesor":"Sebastian ","tipo_persona":"cliente","tipo_pago":"contado","estado_contrato":null,"facturado":"0","fecha_facturacion":null}
[14-Mar-2026 10:13:41 America/Lima] Fila encontrada: {"id_pago":"54","monto":"100.00","fecha_emision":"2026-01-23 11:35:00","ruta":"","id_asesor":"82","nombre_persona":"ALBERTO MARTIN FUENTES CASTILLO","nro_identidad":"47364528","num_unidad":null,"nombre_asesor":"Leslie Machaca","tipo_persona":"cliente","tipo_pago":"contado","estado_contrato":null,"facturado":"0","fecha_facturacion":null}
[14-Mar-2026 10:13:41 America/Lima] Fila encontrada: {"id_pago":"53","monto":"100.00","fecha_emision":"2026-01-23 10:52:33","ruta":"","id_asesor":"99","nombre_persona":"STHEFANY CASTILLA SARAVIA","nro_identidad":"72889281","num_unidad":null,"nombre_asesor":"Nixo S\u00e1nchez ","tipo_persona":"cliente","tipo_pago":"contado","estado_contrato":null,"facturado":"0","fecha_facturacion":null}
[14-Mar-2026 10:13:41 America/Lima] Fila encontrada: {"id_pago":"52","monto":"100.00","fecha_emision":"2026-01-16 11:53:35","ruta":"","id_asesor":"111","nombre_persona":"JHON THOP LAURA HUARCAYA","nro_identidad":"70379876","num_unidad":null,"nombre_asesor":"YONNY ","tipo_persona":"cliente","tipo_pago":"contado","estado_contrato":null,"facturado":"0","fecha_facturacion":null}
[14-Mar-2026 10:13:41 America/Lima] Fila encontrada: {"id_pago":"304","monto":"150.00","fecha_emision":"2026-01-16 11:29:05","ruta":"files\/notasPagoInscripcion\/nota_venta_460.pdf","id_asesor":"110","nombre_persona":"Nathan Antonio Valencia Antonio","nro_identidad":"02883163","num_unidad":"20","nombre_asesor":"ArequipaGo ","tipo_persona":"conductor","tipo_pago":"contado","estado_contrato":null,"facturado":"0","fecha_facturacion":null}
[14-Mar-2026 10:13:41 America/Lima] Fila encontrada: {"id_pago":"303","monto":"150.00","fecha_emision":"2026-01-12 14:38:46","ruta":"files\/notasPagoInscripcion\/nota_venta_459.pdf","id_asesor":"110","nombre_persona":"JOSE ERNESTO  CHIVICO TONITO","nro_identidad":"006795416","num_unidad":"19","nombre_asesor":"ArequipaGo ","tipo_persona":"conductor","tipo_pago":"contado","estado_contrato":null,"facturado":"0","fecha_facturacion":null}
[14-Mar-2026 10:13:41 America/Lima] Fila encontrada: {"id_pago":"302","monto":"150.00","fecha_emision":"2026-01-12 13:51:58","ruta":"files\/notasPagoInscripcion\/nota_venta_458.pdf","id_asesor":"110","nombre_persona":"EDWARD ALEJANDRO GONZALEZ -","nro_identidad":"007537933","num_unidad":"18","nombre_asesor":"ArequipaGo ","tipo_persona":"conductor","tipo_pago":"contado","estado_contrato":null,"facturado":"0","fecha_facturacion":null}
[14-Mar-2026 10:13:41 America/Lima] Fila encontrada: {"id_pago":"51","monto":"100.00","fecha_emision":"2026-01-09 10:39:08","ruta":"","id_asesor":"110","nombre_persona":"ANTONY STEVE CARLOS MAMANI","nro_identidad":"70580837","num_unidad":null,"nombre_asesor":"ArequipaGo ","tipo_persona":"cliente","tipo_pago":"contado","estado_contrato":null,"facturado":"0","fecha_facturacion":null}
[14-Mar-2026 10:13:41 America/Lima] Fila encontrada: {"id_pago":"301","monto":"100.00","fecha_emision":"2026-01-07 18:24:54","ruta":"files\/notasPagoInscripcion\/nota_venta_457.pdf","id_asesor":"110","nombre_persona":"YONATHAN LEOPOLDO ARIAS PAZOS","nro_identidad":"41094118","num_unidad":"7","nombre_asesor":"ArequipaGo ","tipo_persona":"conductor","tipo_pago":"contado","estado_contrato":null,"facturado":"0","fecha_facturacion":null}
[14-Mar-2026 10:13:41 America/Lima] Fila encontrada: {"id_pago":"300","monto":"100.00","fecha_emision":"2026-01-07 18:24:06","ruta":"files\/notasPagoInscripcion\/nota_venta_456.pdf","id_asesor":"110","nombre_persona":"DAVID MARIO PAJARES PAREDES","nro_identidad":"07765709","num_unidad":"6","nombre_asesor":"ArequipaGo ","tipo_persona":"conductor","tipo_pago":"contado","estado_contrato":null,"facturado":"0","fecha_facturacion":null}
[14-Mar-2026 10:13:41 America/Lima] Fila encontrada: {"id_pago":"299","monto":"100.00","fecha_emision":"2026-01-07 17:51:39","ruta":"files\/notasPagoInscripcion\/nota_venta_455.pdf","id_asesor":"110","nombre_persona":"LISSET CARMEN PAJARES PAREDES","nro_identidad":"40053182","num_unidad":"5","nombre_asesor":"ArequipaGo ","tipo_persona":"conductor","tipo_pago":"contado","estado_contrato":null,"facturado":"0","fecha_facturacion":null}
[14-Mar-2026 10:13:41 America/Lima] Fila encontrada: {"id_pago":"50","monto":"100.00","fecha_emision":"2026-01-07 12:09:13","ruta":"","id_asesor":"82","nombre_persona":"JUAN COPARA PADILLA","nro_identidad":"44409558","num_unidad":null,"nombre_asesor":"Leslie Machaca","tipo_persona":"cliente","tipo_pago":"contado","estado_contrato":null,"facturado":"0","fecha_facturacion":null}
[14-Mar-2026 10:13:41 America/Lima] Fila encontrada: {"id_pago":"49","monto":"100.00","fecha_emision":"2026-01-07 12:09:09","ruta":"","id_asesor":"99","nombre_persona":"HERMENEGILDO RICARDO ARESTEGUI MOTTA","nro_identidad":"74118552","num_unidad":null,"nombre_asesor":"Nixo S\u00e1nchez ","tipo_persona":"cliente","tipo_pago":"contado","estado_contrato":null,"facturado":"0","fecha_facturacion":null}
[14-Mar-2026 10:13:41 America/Lima] Fila encontrada: {"id_pago":"48","monto":"100.00","fecha_emision":"2026-01-06 08:34:36","ruta":"","id_asesor":"105","nombre_persona":"JUAN WILFREDO TOHALINO FLORES","nro_identidad":"45728315","num_unidad":null,"nombre_asesor":"Sebastian ","tipo_persona":"cliente","tipo_pago":"contado","estado_contrato":null,"facturado":"0","fecha_facturacion":null}
[14-Mar-2026 10:13:41 America/Lima] Fila encontrada: {"id_pago":"298","monto":"150.00","fecha_emision":"2025-12-31 15:09:34","ruta":"files\/notasPagoInscripcion\/nota_venta_454.pdf","id_asesor":"110","nombre_persona":"SERGIO ANDRES SANCHEZ ALCOS","nro_identidad":"72693765","num_unidad":"17","nombre_asesor":"ArequipaGo ","tipo_persona":"conductor","tipo_pago":"contado","estado_contrato":null,"facturado":"0","fecha_facturacion":null}
[14-Mar-2026 10:13:41 America/Lima] Fila encontrada: {"id_pago":"47","monto":"100.00","fecha_emision":"2025-12-31 14:12:43","ruta":"","id_asesor":"105","nombre_persona":"RUBEN WILDRAN MAMANI MAMANI","nro_identidad":"73342808","num_unidad":null,"nombre_asesor":"Sebastian ","tipo_persona":"cliente","tipo_pago":"contado","estado_contrato":null,"facturado":"0","fecha_facturacion":null}
[14-Mar-2026 10:13:41 America/Lima] Fila encontrada: {"id_pago":"46","monto":"100.00","fecha_emision":"2025-12-31 14:11:58","ruta":"","id_asesor":"82","nombre_persona":"VICTOR RAUL LLACMA VARGAS","nro_identidad":"46023550","num_unidad":null,"nombre_asesor":"Leslie Machaca","tipo_persona":"cliente","tipo_pago":"contado","estado_contrato":null,"facturado":"0","fecha_facturacion":null}
[14-Mar-2026 10:13:41 America/Lima] Fila encontrada: {"id_pago":"45","monto":"100.00","fecha_emision":"2025-12-31 14:11:34","ruta":"","id_asesor":"105","nombre_persona":"CELSO RICHARD VILCAHUAMAN CHURATA","nro_identidad":"41339192","num_unidad":null,"nombre_asesor":"Sebastian ","tipo_persona":"cliente","tipo_pago":"contado","estado_contrato":null,"facturado":"0","fecha_facturacion":null}
[14-Mar-2026 10:13:41 America/Lima] Fila encontrada: {"id_pago":"44","monto":"100.00","fecha_emision":"2025-12-31 14:10:39","ruta":"","id_asesor":"82","nombre_persona":"WILBER FELICIANO MEJIA MAMANI","nro_identidad":"46184944","num_unidad":null,"nombre_asesor":"Leslie Machaca","tipo_persona":"cliente","tipo_pago":"contado","estado_contrato":null,"facturado":"0","fecha_facturacion":null}
[14-Mar-2026 10:13:41 America/Lima] Fila encontrada: {"id_pago":"43","monto":"100.00","fecha_emision":"2025-12-30 17:28:18","ruta":"","id_asesor":"105","nombre_persona":"EDUARDO DERLY CALDERON SARMIENTO","nro_identidad":"46678652","num_unidad":null,"nombre_asesor":"Sebastian ","tipo_persona":"cliente","tipo_pago":"contado","estado_contrato":null,"facturado":"0","fecha_facturacion":null}
[14-Mar-2026 10:13:41 America/Lima] Fila encontrada: {"id_pago":"42","monto":"100.00","fecha_emision":"2025-12-18 09:26:32","ruta":"","id_asesor":"125","nombre_persona":"AIDAN ANDRE TORREBLANCA CARRASCO","nro_identidad":"72247775","num_unidad":null,"nombre_asesor":"Leones Go ","tipo_persona":"cliente","tipo_pago":"contado","estado_contrato":null,"facturado":"0","fecha_facturacion":null}
[14-Mar-2026 10:13:41 America/Lima] Fila encontrada: {"id_pago":"41","monto":"100.00","fecha_emision":"2025-12-04 12:26:09","ruta":"","id_asesor":"78","nombre_persona":"JOSE MARIA SAMOS QUIROZ","nro_identidad":"72040390","num_unidad":null,"nombre_asesor":"GianJesus Ramos","tipo_persona":"cliente","tipo_pago":"contado","estado_contrato":null,"facturado":"0","fecha_facturacion":null}
[14-Mar-2026 10:13:41 America/Lima] Fila encontrada: {"id_pago":"40","monto":"100.00","fecha_emision":"2025-12-04 12:19:05","ruta":"","id_asesor":"78","nombre_persona":"JEFERSON ANTONIO  MONTES RIVERA","nro_identidad":"46934410","num_unidad":null,"nombre_asesor":"GianJesus Ramos","tipo_persona":"cliente","tipo_pago":"contado","estado_contrato":null,"facturado":"0","fecha_facturacion":null}
[14-Mar-2026 10:13:41 America/Lima] Fila encontrada: {"id_pago":"297","monto":"150.00","fecha_emision":"2025-12-03 12:32:14","ruta":"files\/notasPagoInscripcion\/nota_venta_305.pdf","id_asesor":"78","nombre_persona":"GABRIEL ANTONIO MONTA\u00d1O RUIZ","nro_identidad":"006512363","num_unidad":"270","nombre_asesor":"GianJesus Ramos","tipo_persona":"conductor","tipo_pago":"cuotas","estado_contrato":null,"facturado":"0","fecha_facturacion":null}
[14-Mar-2026 10:13:41 America/Lima] Fila encontrada: {"id_pago":"39","monto":"100.00","fecha_emision":"2025-11-26 13:51:47","ruta":"","id_asesor":"110","nombre_persona":"NATALY MERCEDES CANAZA BELIZARIO","nro_identidad":"45589803","num_unidad":null,"nombre_asesor":"ArequipaGo ","tipo_persona":"cliente","tipo_pago":"contado","estado_contrato":null,"facturado":"0","fecha_facturacion":null}
[14-Mar-2026 10:13:41 America/Lima] Fila encontrada: {"id_pago":"38","monto":"100.00","fecha_emision":"2025-11-26 13:51:30","ruta":"","id_asesor":"110","nombre_persona":"DIANA LORENA SANCHEZ DIAZ","nro_identidad":"72693626","num_unidad":null,"nombre_asesor":"ArequipaGo ","tipo_persona":"cliente","tipo_pago":"contado","estado_contrato":null,"facturado":"0","fecha_facturacion":null}
[14-Mar-2026 10:13:41 America/Lima] Fila encontrada: {"id_pago":"37","monto":"100.00","fecha_emision":"2025-11-26 13:51:04","ruta":"","id_asesor":"110","nombre_persona":"GIANCARLOS JESUS RAMOS LEZAMA","nro_identidad":"47606585","num_unidad":null,"nombre_asesor":"ArequipaGo ","tipo_persona":"cliente","tipo_pago":"contado","estado_contrato":null,"facturado":"0","fecha_facturacion":null}
[14-Mar-2026 10:13:41 America/Lima] Fila encontrada: {"id_pago":"296","monto":"150.00","fecha_emision":"2025-11-18 22:02:50","ruta":"files\/notasPagoInscripcion\/nota_venta_453.pdf","id_asesor":"110","nombre_persona":"Jose Rodrigo Velazco Zu\u00f1iga","nro_identidad":"76610693","num_unidad":"16","nombre_asesor":"ArequipaGo ","tipo_persona":"conductor","tipo_pago":"contado","estado_contrato":null,"facturado":"0","fecha_facturacion":null}
[14-Mar-2026 10:13:41 America/Lima] Fila encontrada: {"id_pago":"35","monto":"100.00","fecha_emision":"2025-11-18 15:47:28","ruta":"","id_asesor":"103","nombre_persona":"Jesus Rodrigo  Ria\u00f1o Ereu","nro_identidad":"005411300","num_unidad":null,"nombre_asesor":"Kristopher Salgado ","tipo_persona":"cliente","tipo_pago":"contado","estado_contrato":null,"facturado":"0","fecha_facturacion":null}
[14-Mar-2026 10:13:41 America/Lima] Fila encontrada: {"id_pago":"33","monto":"100.00","fecha_emision":"2025-11-11 10:55:01","ruta":"","id_asesor":"79","nombre_persona":"MOISES FAUSTO ZAPANA CHARRES","nro_identidad":"29443124","num_unidad":null,"nombre_asesor":"Lorena Diaz","tipo_persona":"cliente","tipo_pago":"contado","estado_contrato":null,"facturado":"0","fecha_facturacion":null}
[14-Mar-2026 10:13:41 America/Lima] Fila encontrada: {"id_pago":"32","monto":"100.00","fecha_emision":"2025-11-10 14:56:24","ruta":"","id_asesor":"106","nombre_persona":"ALAN WILFREDO LANZA SUCNO","nro_identidad":"43208793","num_unidad":null,"nombre_asesor":"Maria Fernanda ofic 2 ","tipo_persona":"cliente","tipo_pago":"contado","estado_contrato":null,"facturado":"0","fecha_facturacion":null}
[14-Mar-2026 10:13:41 America/Lima] Fila encontrada: {"id_pago":"295","monto":"100.00","fecha_emision":"2025-11-10 10:34:49","ruta":"files\/notasPagoInscripcion\/nota_venta_452.pdf","id_asesor":"110","nombre_persona":"JUAN CARLOS CONDORIMAY QUISPE","nro_identidad":"43095128","num_unidad":"338","nombre_asesor":"ArequipaGo ","tipo_persona":"conductor","tipo_pago":"cuotas","estado_contrato":null,"facturado":"0","fecha_facturacion":null}
[14-Mar-2026 10:13:41 America/Lima] Fila encontrada: {"id_pago":"294","monto":"150.00","fecha_emision":"2025-11-08 14:43:20","ruta":"files\/notasPagoInscripcion\/nota_venta_448.pdf","id_asesor":"79","nombre_persona":"GEANFRANCO LEONARDO MORA TICONA","nro_identidad":"76293171","num_unidad":"15","nombre_asesor":"Lorena Diaz","tipo_persona":"conductor","tipo_pago":"contado","estado_contrato":null,"facturado":"0","fecha_facturacion":null}
[14-Mar-2026 10:13:41 America/Lima] Fila encontrada: {"id_pago":"31","monto":"100.00","fecha_emision":"2025-11-08 10:45:39","ruta":"","id_asesor":"123","nombre_persona":"jose carlos arestegui mollepaza","nro_identidad":"47490530","num_unidad":null,"nombre_asesor":"DANIA COPARA ","tipo_persona":"cliente","tipo_pago":"contado","estado_contrato":null,"facturado":"0","fecha_facturacion":null}
[14-Mar-2026 10:13:41 America/Lima] Fila encontrada: {"id_pago":"30","monto":"100.00","fecha_emision":"2025-11-06 16:16:57","ruta":"","id_asesor":"106","nombre_persona":"VICTOR FERNANDO TACO PACHECO","nro_identidad":"46860785","num_unidad":null,"nombre_asesor":"Maria Fernanda ofic 2 ","tipo_persona":"cliente","tipo_pago":"contado","estado_contrato":null,"facturado":"0","fecha_facturacion":null}
[14-Mar-2026 10:13:41 America/Lima] Fila encontrada: {"id_pago":"293","monto":"250.00","fecha_emision":"2025-11-06 15:55:26","ruta":"files\/notasPagoInscripcion\/nota_venta_447.pdf","id_asesor":"110","nombre_persona":"LEONIDAS BEJAR CALLA\u00d1AUPA","nro_identidad":"42904616","num_unidad":"305","nombre_asesor":"ArequipaGo ","tipo_persona":"conductor","tipo_pago":"contado","estado_contrato":null,"facturado":"0","fecha_facturacion":null}
[14-Mar-2026 10:13:41 America/Lima] Fila encontrada: {"id_pago":"292","monto":"50.00","fecha_emision":"2025-11-06 13:18:05","ruta":"files\/notasPagoInscripcion\/nota_venta_300.pdf","id_asesor":"104","nombre_persona":"ANIUSKA KARINA RODRIGUEZ MARQUEZ","nro_identidad":"003720136","num_unidad":"4","nombre_asesor":"Joel Ojeda ","tipo_persona":"conductor","tipo_pago":"cuotas","estado_contrato":null,"facturado":"0","fecha_facturacion":null}
[14-Mar-2026 10:13:41 America/Lima] Fila encontrada: {"id_pago":"29","monto":"100.00","fecha_emision":"2025-11-03 18:15:51","ruta":"","id_asesor":"105","nombre_persona":"GILBERTO ANTONIO - MONTA\u00d1O","nro_identidad":"006411421","num_unidad":null,"nombre_asesor":"Sebastian ","tipo_persona":"cliente","tipo_pago":"contado","estado_contrato":null,"facturado":"0","fecha_facturacion":null}
[14-Mar-2026 10:13:41 America/Lima] Fila encontrada: {"id_pago":"291","monto":"50.00","fecha_emision":"2025-10-31 10:51:51","ruta":"files\/notasPagoInscripcion\/nota_venta_299.pdf","id_asesor":"104","nombre_persona":"ANIUSKA KARINA RODRIGUEZ MARQUEZ","nro_identidad":"003720136","num_unidad":"4","nombre_asesor":"Joel Ojeda ","tipo_persona":"conductor","tipo_pago":"cuotas","estado_contrato":null,"facturado":"0","fecha_facturacion":null}
[14-Mar-2026 10:13:41 America/Lima] Fila encontrada: {"id_pago":"28","monto":"100.00","fecha_emision":"2025-10-31 09:40:15","ruta":"","id_asesor":"110","nombre_persona":"JOSE LUIS BETANCUR ACSARA","nro_identidad":"46206748","num_unidad":null,"nombre_asesor":"ArequipaGo ","tipo_persona":"cliente","tipo_pago":"contado","estado_contrato":null,"facturado":"0","fecha_facturacion":null}
[14-Mar-2026 10:13:41 America/Lima] Fila encontrada: {"id_pago":"27","monto":"100.00","fecha_emision":"2025-10-31 09:39:09","ruta":"","id_asesor":"110","nombre_persona":"SANTIAGO CCAPA LAROTA","nro_identidad":"40676766","num_unidad":null,"nombre_asesor":"ArequipaGo ","tipo_persona":"cliente","tipo_pago":"contado","estado_contrato":null,"facturado":"0","fecha_facturacion":null}
[14-Mar-2026 10:13:41 America/Lima] Fila encontrada: {"id_pago":"26","monto":"100.00","fecha_emision":"2025-10-31 09:37:22","ruta":"","id_asesor":"110","nombre_persona":"ELVIS DAVID CAYLLAHUA MAMANI","nro_identidad":"47971550","num_unidad":null,"nombre_asesor":"ArequipaGo ","tipo_persona":"cliente","tipo_pago":"contado","estado_contrato":null,"facturado":"0","fecha_facturacion":null}
[14-Mar-2026 10:13:41 America/Lima] Fila encontrada: {"id_pago":"22","monto":"100.00","fecha_emision":"2025-10-30 12:11:17","ruta":"","id_asesor":"79","nombre_persona":"LUZ MARINA TURPO TURPO","nro_identidad":"47175951","num_unidad":null,"nombre_asesor":"Lorena Diaz","tipo_persona":"cliente","tipo_pago":"contado","estado_contrato":null,"facturado":"0","fecha_facturacion":null}
[14-Mar-2026 10:13:41 America/Lima] Fila encontrada: {"id_pago":"21","monto":"100.00","fecha_emision":"2025-10-30 12:02:11","ruta":"","id_asesor":"79","nombre_persona":"MIJAEL LENNINS TURPO TURPO","nro_identidad":"75321040","num_unidad":null,"nombre_asesor":"Lorena Diaz","tipo_persona":"cliente","tipo_pago":"contado","estado_contrato":null,"facturado":"0","fecha_facturacion":null}
[14-Mar-2026 10:13:41 America/Lima] Fila encontrada: {"id_pago":"290","monto":"50.00","fecha_emision":"2025-10-16 17:18:28","ruta":"files\/notasPagoInscripcion\/nota_venta_446.pdf","id_asesor":"110","nombre_persona":"ANIUSKA KARINA RODRIGUEZ MARQUEZ","nro_identidad":"003720136","num_unidad":"4","nombre_asesor":"ArequipaGo ","tipo_persona":"conductor","tipo_pago":"cuotas","estado_contrato":null,"facturado":"0","fecha_facturacion":null}
[14-Mar-2026 10:13:41 America/Lima] Fila encontrada: {"id_pago":"18","monto":"100.00","fecha_emision":"2025-10-15 14:29:46","ruta":"","id_asesor":"78","nombre_persona":"Dania Heimy Copara Padilla","nro_identidad":"42796891","num_unidad":null,"nombre_asesor":"GianJesus Ramos","tipo_persona":"cliente","tipo_pago":"contado","estado_contrato":null,"facturado":"0","fecha_facturacion":null}
[14-Mar-2026 10:13:41 America/Lima] Fila encontrada: {"id_pago":"288","monto":"100.00","fecha_emision":"2025-10-14 16:30:03","ruta":"files\/notasPagoInscripcion\/nota_venta_296.pdf","id_asesor":"122","nombre_persona":"carlos luis segarra guerrero","nro_identidad":"006821198","num_unidad":"3","nombre_asesor":"Marcelo Vega ","tipo_persona":"conductor","tipo_pago":"cuotas","estado_contrato":null,"facturado":"0","fecha_facturacion":null}
[14-Mar-2026 10:13:41 America/Lima] Fila encontrada: {"id_pago":"287","monto":"50.00","fecha_emision":"2025-10-14 16:22:40","ruta":"files\/notasPagoInscripcion\/nota_venta_444.pdf","id_asesor":"110","nombre_persona":"carlos luis segarra guerrero","nro_identidad":"006821198","num_unidad":"3","nombre_asesor":"ArequipaGo ","tipo_persona":"conductor","tipo_pago":"cuotas","estado_contrato":null,"facturado":"0","fecha_facturacion":null}
[14-Mar-2026 10:13:41 America/Lima] Fila encontrada: {"id_pago":"286","monto":"100.00","fecha_emision":"2025-10-14 16:15:56","ruta":"files\/notasPagoInscripcion\/nota_venta_443.pdf","id_asesor":"110","nombre_persona":"CESIBEL SALAS SANCHEZ","nro_identidad":"10266553","num_unidad":"2","nombre_asesor":"ArequipaGo ","tipo_persona":"conductor","tipo_pago":"contado","estado_contrato":null,"facturado":"0","fecha_facturacion":null}
[14-Mar-2026 10:13:41 America/Lima] Fila encontrada: {"id_pago":"285","monto":"100.00","fecha_emision":"2025-10-14 13:00:26","ruta":"files\/notasPagoInscripcion\/nota_venta_442.pdf","id_asesor":"110","nombre_persona":"JOEL RICHARD OJEDA TUYA","nro_identidad":"09901322","num_unidad":"1","nombre_asesor":"ArequipaGo ","tipo_persona":"conductor","tipo_pago":"contado","estado_contrato":null,"facturado":"0","fecha_facturacion":null}
[14-Mar-2026 10:13:41 America/Lima] Fila encontrada: {"id_pago":"284","monto":"250.00","fecha_emision":"2025-10-13 18:26:22","ruta":"files\/notasPagoInscripcion\/nota_venta_441.pdf","id_asesor":"100","nombre_persona":"JAVIER AMADOR CHIRINOS SARDI","nro_identidad":"29670558","num_unidad":"337","nombre_asesor":"melvin manrique ","tipo_persona":"conductor","tipo_pago":"contado","estado_contrato":null,"facturado":"0","fecha_facturacion":null}
[14-Mar-2026 10:13:41 America/Lima] Fila encontrada: {"id_pago":"17","monto":"100.00","fecha_emision":"2025-10-10 11:17:02","ruta":"","id_asesor":"106","nombre_persona":"JAVIER EDUARDO TALAVERA MOTTA","nro_identidad":"40177337","num_unidad":null,"nombre_asesor":"Maria Fernanda ofic 2 ","tipo_persona":"cliente","tipo_pago":"contado","estado_contrato":null,"facturado":"0","fecha_facturacion":null}
[14-Mar-2026 10:13:41 America/Lima] Fila encontrada: {"id_pago":"16","monto":"100.00","fecha_emision":"2025-10-10 10:10:53","ruta":"","id_asesor":"105","nombre_persona":"MARIA FERNANDA YUCRA LOPEZ","nro_identidad":"77143373","num_unidad":null,"nombre_asesor":"Sebastian ","tipo_persona":"cliente","tipo_pago":"contado","estado_contrato":null,"facturado":"0","fecha_facturacion":null}
[14-Mar-2026 10:13:41 America/Lima] Fila encontrada: {"id_pago":"15","monto":"100.00","fecha_emision":"2025-10-10 10:00:17","ruta":"","id_asesor":"105","nombre_persona":"LESLIE ELIZABETH MACHACA FLORES","nro_identidad":"46584978","num_unidad":null,"nombre_asesor":"Sebastian ","tipo_persona":"cliente","tipo_pago":"contado","estado_contrato":null,"facturado":"0","fecha_facturacion":null}
[14-Mar-2026 10:13:41 America/Lima] Fila encontrada: {"id_pago":"13","monto":"100.00","fecha_emision":"2025-10-07 17:28:35","ruta":"","id_asesor":"105","nombre_persona":"VICTOR MONASTERIO CCOSI","nro_identidad":"42728921","num_unidad":null,"nombre_asesor":"Sebastian ","tipo_persona":"cliente","tipo_pago":"contado","estado_contrato":null,"facturado":"0","fecha_facturacion":null}
[14-Mar-2026 10:13:41 America/Lima] Fila encontrada: {"id_pago":"283","monto":"100.00","fecha_emision":"2025-10-07 09:47:11","ruta":"files\/notasPagoInscripcion\/nota_venta_291.pdf","id_asesor":"82","nombre_persona":"DARWIN FRANKS CHALCO MANSILLA","nro_identidad":"41249285","num_unidad":"333","nombre_asesor":"Leslie Machaca","tipo_persona":"conductor","tipo_pago":"cuotas","estado_contrato":null,"facturado":"0","fecha_facturacion":null}
[14-Mar-2026 10:13:41 America/Lima] Fila encontrada: {"id_pago":"282","monto":"50.00","fecha_emision":"2025-10-06 09:37:10","ruta":"files\/notasPagoInscripcion\/nota_venta_290.pdf","id_asesor":"106","nombre_persona":"RONY BRANK SUBIA ALIAGA","nro_identidad":"72566838","num_unidad":"334","nombre_asesor":"Maria Fernanda ofic 2 ","tipo_persona":"conductor","tipo_pago":"cuotas","estado_contrato":null,"facturado":"0","fecha_facturacion":null}
[14-Mar-2026 10:13:41 America/Lima] Fila encontrada: {"id_pago":"10","monto":"100.00","fecha_emision":"2025-10-02 16:08:43","ruta":"","id_asesor":"102","nombre_persona":"ANDRE VIVAR ORBEGOZO","nro_identidad":"43012900","num_unidad":null,"nombre_asesor":"Ankarii ","tipo_persona":"cliente","tipo_pago":"contado","estado_contrato":null,"facturado":"0","fecha_facturacion":null}
[14-Mar-2026 10:13:41 America/Lima] Fila encontrada: {"id_pago":"281","monto":"250.00","fecha_emision":"2025-09-30 15:12:11","ruta":"files\/notasPagoInscripcion\/nota_venta_440.pdf","id_asesor":"97","nombre_persona":"JOE PAUL CHARCA MOLINA","nro_identidad":"29630796","num_unidad":"336","nombre_asesor":"AqpgoBox ","tipo_persona":"conductor","tipo_pago":"contado","estado_contrato":null,"facturado":"0","fecha_facturacion":null}
[14-Mar-2026 10:13:41 America/Lima] Fila encontrada: {"id_pago":"280","monto":"250.00","fecha_emision":"2025-09-29 17:48:32","ruta":"files\/notasPagoInscripcion\/nota_venta_439.pdf","id_asesor":"97","nombre_persona":"SAMUEL ANDRESS CHARCA QUISPE","nro_identidad":"76609220","num_unidad":"335","nombre_asesor":"AqpgoBox ","tipo_persona":"conductor","tipo_pago":"contado","estado_contrato":null,"facturado":"0","fecha_facturacion":null}
[14-Mar-2026 10:13:41 America/Lima] Fila encontrada: {"id_pago":"279","monto":"50.00","fecha_emision":"2025-09-29 14:09:51","ruta":"files\/notasPagoInscripcion\/nota_venta_287.pdf","id_asesor":"106","nombre_persona":"RONY BRANK SUBIA ALIAGA","nro_identidad":"72566838","num_unidad":"334","nombre_asesor":"Maria Fernanda ofic 2 ","tipo_persona":"conductor","tipo_pago":"cuotas","estado_contrato":null,"facturado":"0","fecha_facturacion":null}
[14-Mar-2026 10:13:41 America/Lima] Fila encontrada: {"id_pago":"9","monto":"100.00","fecha_emision":"2025-09-26 14:28:25","ruta":"","id_asesor":"110","nombre_persona":"LUIS ALBERTO QUISPE MAMANI","nro_identidad":"45412922","num_unidad":null,"nombre_asesor":"ArequipaGo ","tipo_persona":"cliente","tipo_pago":"contado","estado_contrato":null,"facturado":"0","fecha_facturacion":null}
[14-Mar-2026 10:13:41 America/Lima] Fila encontrada: {"id_pago":"8","monto":"100.00","fecha_emision":"2025-09-26 14:12:51","ruta":"","id_asesor":"110","nombre_persona":"WILBER ANGEIL RUIZ SALCEDO","nro_identidad":"40285714","num_unidad":null,"nombre_asesor":"ArequipaGo ","tipo_persona":"cliente","tipo_pago":"contado","estado_contrato":null,"facturado":"0","fecha_facturacion":null}
[14-Mar-2026 10:13:41 America/Lima] Fila encontrada: {"id_pago":"277","monto":"50.00","fecha_emision":"2025-09-25 14:36:49","ruta":"files\/notasPagoInscripcion\/nota_venta_285.pdf","id_asesor":"82","nombre_persona":"RONY BRANK SUBIA ALIAGA","nro_identidad":"72566838","num_unidad":"334","nombre_asesor":"Leslie Machaca","tipo_persona":"conductor","tipo_pago":"cuotas","estado_contrato":null,"facturado":"0","fecha_facturacion":null}
[14-Mar-2026 10:13:41 America/Lima] Fila encontrada: {"id_pago":"275","monto":"50.00","fecha_emision":"2025-09-23 12:43:30","ruta":"files\/notasPagoInscripcion\/nota_venta_283.pdf","id_asesor":"106","nombre_persona":"EYCOL DULAN VELASQUEZ MERINO","nro_identidad":"43070307","num_unidad":"319","nombre_asesor":"Maria Fernanda ofic 2 ","tipo_persona":"conductor","tipo_pago":"cuotas","estado_contrato":null,"facturado":"0","fecha_facturacion":null}
[14-Mar-2026 10:13:41 America/Lima] Fila encontrada: {"id_pago":"274","monto":"50.00","fecha_emision":"2025-09-22 13:51:19","ruta":"files\/notasPagoInscripcion\/nota_venta_282.pdf","id_asesor":"106","nombre_persona":"SIXTO RAUL MENDIZABAL OCSA","nro_identidad":"73450609","num_unidad":"328","nombre_asesor":"Maria Fernanda ofic 2 ","tipo_persona":"conductor","tipo_pago":"cuotas","estado_contrato":null,"facturado":"0","fecha_facturacion":null}
[14-Mar-2026 10:13:41 America/Lima] Fila encontrada: {"id_pago":"273","monto":"50.00","fecha_emision":"2025-09-22 13:23:28","ruta":"files\/notasPagoInscripcion\/nota_venta_281.pdf","id_asesor":"106","nombre_persona":"PERCY CESAR GONZALES ASIN","nro_identidad":"29590459","num_unidad":"329","nombre_asesor":"Maria Fernanda ofic 2 ","tipo_persona":"conductor","tipo_pago":"cuotas","estado_contrato":null,"facturado":"0","fecha_facturacion":null}
[14-Mar-2026 10:13:41 America/Lima] Fila encontrada: {"id_pago":"272","monto":"50.00","fecha_emision":"2025-09-22 12:52:35","ruta":"files\/notasPagoInscripcion\/nota_venta_280.pdf","id_asesor":"106","nombre_persona":"YOE MARCO VALDIVIA ANCO","nro_identidad":"71978313","num_unidad":"317","nombre_asesor":"Maria Fernanda ofic 2 ","tipo_persona":"conductor","tipo_pago":"cuotas","estado_contrato":null,"facturado":"0","fecha_facturacion":null}
[14-Mar-2026 10:13:41 America/Lima] Fila encontrada: {"id_pago":"271","monto":"50.00","fecha_emision":"2025-09-20 09:41:36","ruta":"files\/notasPagoInscripcion\/nota_venta_279.pdf","id_asesor":"82","nombre_persona":"DARWIN FRANKS CHALCO MANSILLA","nro_identidad":"41249285","num_unidad":"333","nombre_asesor":"Leslie Machaca","tipo_persona":"conductor","tipo_pago":"cuotas","estado_contrato":null,"facturado":"0","fecha_facturacion":null}
[14-Mar-2026 10:13:41 America/Lima] Fila encontrada: {"id_pago":"270","monto":"50.00","fecha_emision":"2025-09-17 18:19:08","ruta":"files\/notasPagoInscripcion\/nota_venta_278.pdf","id_asesor":"105","nombre_persona":"EYCOL DULAN VELASQUEZ MERINO","nro_identidad":"43070307","num_unidad":"319","nombre_asesor":"Sebastian ","tipo_persona":"conductor","tipo_pago":"cuotas","estado_contrato":null,"facturado":"0","fecha_facturacion":null}
[14-Mar-2026 10:13:41 America/Lima] Fila encontrada: {"id_pago":"269","monto":"50.00","fecha_emision":"2025-09-17 14:46:36","ruta":"files\/notasPagoInscripcion\/nota_venta_277.pdf","id_asesor":"82","nombre_persona":"FERNANDO JUNIOR MACEDO CASAPIA","nro_identidad":"44545306","num_unidad":"325","nombre_asesor":"Leslie Machaca","tipo_persona":"conductor","tipo_pago":"cuotas","estado_contrato":null,"facturado":"0","fecha_facturacion":null}
[14-Mar-2026 10:13:41 America/Lima] Fila encontrada: {"id_pago":"268","monto":"100.00","fecha_emision":"2025-09-17 13:14:46","ruta":"files\/notasPagoInscripcion\/nota_venta_276.pdf","id_asesor":"82","nombre_persona":"ALEXIS GRIMALDO MERCADO SOTO","nro_identidad":"72162233","num_unidad":"310","nombre_asesor":"Leslie Machaca","tipo_persona":"conductor","tipo_pago":"cuotas","estado_contrato":null,"facturado":"0","fecha_facturacion":null}
[14-Mar-2026 10:13:41 America/Lima] Fila encontrada: {"id_pago":"267","monto":"50.00","fecha_emision":"2025-09-16 12:10:23","ruta":"files\/notasPagoInscripcion\/nota_venta_275.pdf","id_asesor":"99","nombre_persona":"ERICK MARTIN ZAMORA VARGAS","nro_identidad":"70664292","num_unidad":"324","nombre_asesor":"Nixo S\u00e1nchez ","tipo_persona":"conductor","tipo_pago":"cuotas","estado_contrato":null,"facturado":"0","fecha_facturacion":null}
[14-Mar-2026 10:13:41 America/Lima] Fila encontrada: {"id_pago":"266","monto":"50.00","fecha_emision":"2025-09-16 00:26:28","ruta":"files\/notasPagoInscripcion\/nota_venta_274.pdf","id_asesor":"99","nombre_persona":"RENATO ANDRE NAVARRO VARGAS","nro_identidad":"74226987","num_unidad":"323","nombre_asesor":"Nixo S\u00e1nchez ","tipo_persona":"conductor","tipo_pago":"cuotas","estado_contrato":null,"facturado":"0","fecha_facturacion":null}
[14-Mar-2026 10:13:41 America/Lima] Fila encontrada: {"id_pago":"265","monto":"50.00","fecha_emision":"2025-09-15 17:13:47","ruta":"files\/notasPagoInscripcion\/nota_venta_273.pdf","id_asesor":"106","nombre_persona":"DANIEL EDUARDO RODRIGUEZ GARCIA","nro_identidad":"42562329","num_unidad":"318","nombre_asesor":"Maria Fernanda ofic 2 ","tipo_persona":"conductor","tipo_pago":"cuotas","estado_contrato":null,"facturado":"0","fecha_facturacion":null}
[14-Mar-2026 10:13:41 America/Lima] Fila encontrada: {"id_pago":"264","monto":"50.00","fecha_emision":"2025-09-15 16:28:40","ruta":"files\/notasPagoInscripcion\/nota_venta_272.pdf","id_asesor":"105","nombre_persona":"SIXTO RAUL MENDIZABAL OCSA","nro_identidad":"73450609","num_unidad":"328","nombre_asesor":"Sebastian ","tipo_persona":"conductor","tipo_pago":"cuotas","estado_contrato":null,"facturado":"0","fecha_facturacion":null}
[14-Mar-2026 10:13:41 America/Lima] Fila encontrada: {"id_pago":"263","monto":"50.00","fecha_emision":"2025-09-15 16:12:21","ruta":"files\/notasPagoInscripcion\/nota_venta_271.pdf","id_asesor":"82","nombre_persona":"YASMANI FREDY BUSTINZA GUTIERREZ","nro_identidad":"47941003","num_unidad":"313","nombre_asesor":"Leslie Machaca","tipo_persona":"conductor","tipo_pago":"cuotas","estado_contrato":null,"facturado":"0","fecha_facturacion":null}
[14-Mar-2026 10:13:41 America/Lima] Fila encontrada: {"id_pago":"262","monto":"50.00","fecha_emision":"2025-09-15 14:17:38","ruta":"files\/notasPagoInscripcion\/nota_venta_270.pdf","id_asesor":"111","nombre_persona":"PERCY CESAR GONZALES ASIN","nro_identidad":"29590459","num_unidad":"329","nombre_asesor":"YONNY ","tipo_persona":"conductor","tipo_pago":"cuotas","estado_contrato":null,"facturado":"0","fecha_facturacion":null}
[14-Mar-2026 10:13:41 America/Lima] Fila encontrada: {"id_pago":"261","monto":"50.00","fecha_emision":"2025-09-15 12:14:31","ruta":"files\/notasPagoInscripcion\/nota_venta_269.pdf","id_asesor":"79","nombre_persona":"JOSE ROGER LARA FLORES","nro_identidad":"30425596","num_unidad":"316","nombre_asesor":"Lorena Diaz","tipo_persona":"conductor","tipo_pago":"cuotas","estado_contrato":null,"facturado":"0","fecha_facturacion":null}
[14-Mar-2026 10:13:41 America/Lima] Fila encontrada: {"id_pago":"260","monto":"100.00","fecha_emision":"2025-09-15 11:58:51","ruta":"files\/notasPagoInscripcion\/nota_venta_436.pdf","id_asesor":"82","nombre_persona":"RONY BRANK SUBIA ALIAGA","nro_identidad":"72566838","num_unidad":"334","nombre_asesor":"Leslie Machaca","tipo_persona":"conductor","tipo_pago":"cuotas","estado_contrato":null,"facturado":"0","fecha_facturacion":null}
[14-Mar-2026 10:13:41 America/Lima] Fila encontrada: {"id_pago":"259","monto":"50.00","fecha_emision":"2025-09-14 15:38:45","ruta":"files\/notasPagoInscripcion\/nota_venta_267.pdf","id_asesor":"85","nombre_persona":"DANIEL GONZALO RAMOS MAQUERA","nro_identidad":"46561071","num_unidad":"315","nombre_asesor":"yessenia avalos ","tipo_persona":"conductor","tipo_pago":"cuotas","estado_contrato":null,"facturado":"0","fecha_facturacion":null}
[14-Mar-2026 10:13:41 America/Lima] Fila encontrada: {"id_pago":"258","monto":"50.00","fecha_emision":"2025-09-13 10:38:37","ruta":"files\/notasPagoInscripcion\/nota_venta_266.pdf","id_asesor":"105","nombre_persona":"YOE MARCO VALDIVIA ANCO","nro_identidad":"71978313","num_unidad":"317","nombre_asesor":"Sebastian ","tipo_persona":"conductor","tipo_pago":"cuotas","estado_contrato":null,"facturado":"0","fecha_facturacion":null}
[14-Mar-2026 10:13:41 America/Lima] Fila encontrada: {"id_pago":"257","monto":"50.00","fecha_emision":"2025-09-12 10:39:13","ruta":"files\/notasPagoInscripcion\/nota_venta_265.pdf","id_asesor":"106","nombre_persona":"YURI WALTER MEJIA TORRES","nro_identidad":"29610319","num_unidad":"321","nombre_asesor":"Maria Fernanda ofic 2 ","tipo_persona":"conductor","tipo_pago":"cuotas","estado_contrato":null,"facturado":"0","fecha_facturacion":null}
[14-Mar-2026 10:13:41 America/Lima] Fila encontrada: {"id_pago":"256","monto":"50.00","fecha_emision":"2025-09-12 10:37:48","ruta":"files\/notasPagoInscripcion\/nota_venta_264.pdf","id_asesor":"106","nombre_persona":"YURI WALTER MEJIA TORRES","nro_identidad":"29610319","num_unidad":"321","nombre_asesor":"Maria Fernanda ofic 2 ","tipo_persona":"conductor","tipo_pago":"cuotas","estado_contrato":null,"facturado":"0","fecha_facturacion":null}
[14-Mar-2026 10:13:41 America/Lima] Fila encontrada: {"id_pago":"2","monto":"100.00","fecha_emision":"2025-09-11 12:22:21","ruta":"","id_asesor":"78","nombre_persona":"ALEJANDRO PORFIDIO VALDIVIA VALDIVIA","nro_identidad":"47860234","num_unidad":null,"nombre_asesor":"GianJesus Ramos","tipo_persona":"cliente","tipo_pago":"contado","estado_contrato":null,"facturado":"0","fecha_facturacion":null}
[14-Mar-2026 10:13:41 America/Lima] Fila encontrada: {"id_pago":"255","monto":"100.00","fecha_emision":"2025-09-10 19:05:33","ruta":"files\/notasPagoInscripcion\/nota_venta_435.pdf","id_asesor":"105","nombre_persona":"DARWIN FRANKS CHALCO MANSILLA","nro_identidad":"41249285","num_unidad":"333","nombre_asesor":"Sebastian ","tipo_persona":"conductor","tipo_pago":"cuotas","estado_contrato":null,"facturado":"0","fecha_facturacion":null}
[14-Mar-2026 10:13:41 America/Lima] Fila encontrada: {"id_pago":"254","monto":"50.00","fecha_emision":"2025-09-08 23:32:12","ruta":"files\/notasPagoInscripcion\/nota_venta_262.pdf","id_asesor":"99","nombre_persona":"ERICK MARTIN ZAMORA VARGAS","nro_identidad":"70664292","num_unidad":"324","nombre_asesor":"Nixo S\u00e1nchez ","tipo_persona":"conductor","tipo_pago":"cuotas","estado_contrato":null,"facturado":"0","fecha_facturacion":null}
[14-Mar-2026 10:13:41 America/Lima] Fila encontrada: {"id_pago":"253","monto":"250.00","fecha_emision":"2025-09-08 18:35:54","ruta":"files\/notasPagoInscripcion\/nota_venta_434.pdf","id_asesor":"97","nombre_persona":"JUAN JHOEL QUISPE MAMANI","nro_identidad":"72080663","num_unidad":"332","nombre_asesor":"AqpgoBox ","tipo_persona":"conductor","tipo_pago":"contado","estado_contrato":null,"facturado":"0","fecha_facturacion":null}
[14-Mar-2026 10:13:41 America/Lima] Fila encontrada: {"id_pago":"252","monto":"50.00","fecha_emision":"2025-09-08 18:22:09","ruta":"files\/notasPagoInscripcion\/nota_venta_260.pdf","id_asesor":"99","nombre_persona":"FERNANDO JUNIOR MACEDO CASAPIA","nro_identidad":"44545306","num_unidad":"325","nombre_asesor":"Nixo S\u00e1nchez ","tipo_persona":"conductor","tipo_pago":"cuotas","estado_contrato":null,"facturado":"0","fecha_facturacion":null}
[14-Mar-2026 10:13:41 America/Lima] Fila encontrada: {"id_pago":"251","monto":"50.00","fecha_emision":"2025-09-08 18:05:38","ruta":"files\/notasPagoInscripcion\/nota_venta_259.pdf","id_asesor":"99","nombre_persona":"RENATO ANDRE NAVARRO VARGAS","nro_identidad":"74226987","num_unidad":"323","nombre_asesor":"Nixo S\u00e1nchez ","tipo_persona":"conductor","tipo_pago":"cuotas","estado_contrato":null,"facturado":"0","fecha_facturacion":null}
[14-Mar-2026 10:13:41 America/Lima] Fila encontrada: {"id_pago":"250","monto":"50.00","fecha_emision":"2025-09-08 18:03:41","ruta":"files\/notasPagoInscripcion\/nota_venta_258.pdf","id_asesor":"106","nombre_persona":"DANIEL EDUARDO RODRIGUEZ GARCIA","nro_identidad":"42562329","num_unidad":"318","nombre_asesor":"Maria Fernanda ofic 2 ","tipo_persona":"conductor","tipo_pago":"cuotas","estado_contrato":null,"facturado":"0","fecha_facturacion":null}
[14-Mar-2026 10:13:41 America/Lima] Fila encontrada: {"id_pago":"249","monto":"50.00","fecha_emision":"2025-09-08 12:06:08","ruta":"files\/notasPagoInscripcion\/nota_venta_257.pdf","id_asesor":"82","nombre_persona":"SIXTO RAUL MENDIZABAL OCSA","nro_identidad":"73450609","num_unidad":"328","nombre_asesor":"Leslie Machaca","tipo_persona":"conductor","tipo_pago":"cuotas","estado_contrato":null,"facturado":"0","fecha_facturacion":null}
[14-Mar-2026 10:13:41 America/Lima] Fila encontrada: {"id_pago":"248","monto":"50.00","fecha_emision":"2025-09-08 11:44:03","ruta":"files\/notasPagoInscripcion\/nota_venta_256.pdf","id_asesor":"106","nombre_persona":"PERCY CESAR GONZALES ASIN","nro_identidad":"29590459","num_unidad":"329","nombre_asesor":"Maria Fernanda ofic 2 ","tipo_persona":"conductor","tipo_pago":"cuotas","estado_contrato":null,"facturado":"0","fecha_facturacion":null}
[14-Mar-2026 10:13:41 America/Lima] Fila encontrada: {"id_pago":"247","monto":"50.00","fecha_emision":"2025-09-08 11:10:21","ruta":"files\/notasPagoInscripcion\/nota_venta_255.pdf","id_asesor":"82","nombre_persona":"JOSE ROGER LARA FLORES","nro_identidad":"30425596","num_unidad":"316","nombre_asesor":"Leslie Machaca","tipo_persona":"conductor","tipo_pago":"cuotas","estado_contrato":null,"facturado":"0","fecha_facturacion":null}
[14-Mar-2026 10:13:41 America/Lima] Fila encontrada: {"id_pago":"246","monto":"100.00","fecha_emision":"2025-09-08 10:57:39","ruta":"files\/notasPagoInscripcion\/nota_venta_254.pdf","id_asesor":"82","nombre_persona":"YASMANI FREDY BUSTINZA GUTIERREZ","nro_identidad":"47941003","num_unidad":"313","nombre_asesor":"Leslie Machaca","tipo_persona":"conductor","tipo_pago":"cuotas","estado_contrato":null,"facturado":"0","fecha_facturacion":null}
[14-Mar-2026 10:13:41 America/Lima] Fila encontrada: {"id_pago":"245","monto":"50.00","fecha_emision":"2025-09-08 08:57:12","ruta":"files\/notasPagoInscripcion\/nota_venta_253.pdf","id_asesor":"79","nombre_persona":"EYCOL DULAN VELASQUEZ MERINO","nro_identidad":"43070307","num_unidad":"319","nombre_asesor":"Lorena Diaz","tipo_persona":"conductor","tipo_pago":"cuotas","estado_contrato":null,"facturado":"0","fecha_facturacion":null}
[14-Mar-2026 10:13:41 America/Lima] Fila encontrada: {"id_pago":"244","monto":"150.00","fecha_emision":"2025-09-05 15:55:59","ruta":"files\/notasPagoInscripcion\/nota_venta_433.pdf","id_asesor":"108","nombre_persona":"CARLOS ALBERTO DELGADO BURGOS","nro_identidad":"76420519","num_unidad":"14","nombre_asesor":"Genessis Ofic 2 ","tipo_persona":"conductor","tipo_pago":"contado","estado_contrato":null,"facturado":"0","fecha_facturacion":null}
[14-Mar-2026 10:13:41 America/Lima] Fila encontrada: {"id_pago":"243","monto":"50.00","fecha_emision":"2025-09-05 10:16:48","ruta":"files\/notasPagoInscripcion\/nota_venta_251.pdf","id_asesor":"106","nombre_persona":"YURI WALTER MEJIA TORRES","nro_identidad":"29610319","num_unidad":"321","nombre_asesor":"Maria Fernanda ofic 2 ","tipo_persona":"conductor","tipo_pago":"cuotas","estado_contrato":null,"facturado":"0","fecha_facturacion":null}
[14-Mar-2026 10:13:41 America/Lima] Fila encontrada: {"id_pago":"242","monto":"50.00","fecha_emision":"2025-09-05 09:21:07","ruta":"files\/notasPagoInscripcion\/nota_venta_250.pdf","id_asesor":"82","nombre_persona":"YOE MARCO VALDIVIA ANCO","nro_identidad":"71978313","num_unidad":"317","nombre_asesor":"Leslie Machaca","tipo_persona":"conductor","tipo_pago":"cuotas","estado_contrato":null,"facturado":"0","fecha_facturacion":null}
[14-Mar-2026 10:13:41 America/Lima] Fila encontrada: {"id_pago":"241","monto":"100.00","fecha_emision":"2025-09-04 16:32:44","ruta":"files\/notasPagoInscripcion\/nota_venta_249.pdf","id_asesor":"105","nombre_persona":"DANIEL GONZALO RAMOS MAQUERA","nro_identidad":"46561071","num_unidad":"315","nombre_asesor":"Sebastian ","tipo_persona":"conductor","tipo_pago":"cuotas","estado_contrato":null,"facturado":"0","fecha_facturacion":null}
[14-Mar-2026 10:13:41 America/Lima] Fila encontrada: {"id_pago":"240","monto":"150.00","fecha_emision":"2025-09-04 13:43:36","ruta":"files\/notasPagoInscripcion\/nota_venta_432.pdf","id_asesor":"108","nombre_persona":"HENRY KEIVI CHAFLOQUE ROMERO","nro_identidad":"49004053","num_unidad":"13","nombre_asesor":"Genessis Ofic 2 ","tipo_persona":"conductor","tipo_pago":"contado","estado_contrato":null,"facturado":"0","fecha_facturacion":null}
[14-Mar-2026 10:13:41 America/Lima] Fila encontrada: {"id_pago":"239","monto":"150.00","fecha_emision":"2025-09-03 17:59:02","ruta":"files\/notasPagoInscripcion\/nota_venta_431.pdf","id_asesor":"108","nombre_persona":"JEFRYN JOSE  LEA\u00d1EZ GARCIA","nro_identidad":"003190775","num_unidad":"12","nombre_asesor":"Genessis Ofic 2 ","tipo_persona":"conductor","tipo_pago":"contado","estado_contrato":null,"facturado":"0","fecha_facturacion":null}
[14-Mar-2026 10:13:41 America/Lima] Fila encontrada: {"id_pago":"237","monto":"50.00","fecha_emision":"2025-09-02 17:06:08","ruta":"files\/notasPagoInscripcion\/nota_venta_245.pdf","id_asesor":"99","nombre_persona":"ERICK MARTIN ZAMORA VARGAS","nro_identidad":"70664292","num_unidad":"324","nombre_asesor":"Nixo S\u00e1nchez ","tipo_persona":"conductor","tipo_pago":"cuotas","estado_contrato":null,"facturado":"0","fecha_facturacion":null}
[14-Mar-2026 10:13:41 America/Lima] Fila encontrada: {"id_pago":"236","monto":"250.00","fecha_emision":"2025-09-02 14:28:56","ruta":"files\/notasPagoInscripcion\/nota_venta_429.pdf","id_asesor":"82","nombre_persona":"FERNANDO RICHARD CRUZ SOSA","nro_identidad":"80265683","num_unidad":"330","nombre_asesor":"Leslie Machaca","tipo_persona":"conductor","tipo_pago":"contado","estado_contrato":null,"facturado":"0","fecha_facturacion":null}
[14-Mar-2026 10:13:41 America/Lima] Fila encontrada: {"id_pago":"235","monto":"100.00","fecha_emision":"2025-09-02 13:41:15","ruta":"files\/notasPagoInscripcion\/nota_venta_428.pdf","id_asesor":"106","nombre_persona":"PERCY CESAR GONZALES ASIN","nro_identidad":"29590459","num_unidad":"329","nombre_asesor":"Maria Fernanda ofic 2 ","tipo_persona":"conductor","tipo_pago":"cuotas","estado_contrato":null,"facturado":"0","fecha_facturacion":null}
[14-Mar-2026 10:13:41 America/Lima] Fila encontrada: {"id_pago":"234","monto":"100.00","fecha_emision":"2025-09-02 13:15:17","ruta":"files\/notasPagoInscripcion\/nota_venta_427.pdf","id_asesor":"106","nombre_persona":"SIXTO RAUL MENDIZABAL OCSA","nro_identidad":"73450609","num_unidad":"328","nombre_asesor":"Maria Fernanda ofic 2 ","tipo_persona":"conductor","tipo_pago":"cuotas","estado_contrato":null,"facturado":"0","fecha_facturacion":null}
[14-Mar-2026 10:13:41 America/Lima] Fila encontrada: {"id_pago":"233","monto":"100.00","fecha_emision":"2025-09-02 11:25:54","ruta":"files\/notasPagoInscripcion\/nota_venta_426.pdf","id_asesor":"82","nombre_persona":"MAGALY MARGOT MEDINA DIAZ","nro_identidad":"44930451","num_unidad":"327","nombre_asesor":"Leslie Machaca","tipo_persona":"conductor","tipo_pago":"cuotas","estado_contrato":null,"facturado":"0","fecha_facturacion":null}
[14-Mar-2026 10:13:41 America/Lima] Fila encontrada: {"id_pago":"232","monto":"50.00","fecha_emision":"2025-09-01 20:34:18","ruta":"files\/notasPagoInscripcion\/nota_venta_240.pdf","id_asesor":"99","nombre_persona":"FERNANDO JUNIOR MACEDO CASAPIA","nro_identidad":"44545306","num_unidad":"325","nombre_asesor":"Nixo S\u00e1nchez ","tipo_persona":"conductor","tipo_pago":"cuotas","estado_contrato":null,"facturado":"0","fecha_facturacion":null}
[14-Mar-2026 10:13:41 America/Lima] Fila encontrada: {"id_pago":"231","monto":"50.00","fecha_emision":"2025-09-01 20:29:28","ruta":"files\/notasPagoInscripcion\/nota_venta_239.pdf","id_asesor":"99","nombre_persona":"RENATO ANDRE NAVARRO VARGAS","nro_identidad":"74226987","num_unidad":"323","nombre_asesor":"Nixo S\u00e1nchez ","tipo_persona":"conductor","tipo_pago":"cuotas","estado_contrato":null,"facturado":"0","fecha_facturacion":null}
[14-Mar-2026 10:13:41 America/Lima] Fila encontrada: {"id_pago":"230","monto":"250.00","fecha_emision":"2025-09-01 15:17:51","ruta":"files\/notasPagoInscripcion\/nota_venta_425.pdf","id_asesor":"109","nombre_persona":"RIGOBERTO DANTE CARI CHECA","nro_identidad":"01544723","num_unidad":"326","nombre_asesor":"HUNTER ","tipo_persona":"conductor","tipo_pago":"contado","estado_contrato":null,"facturado":"0","fecha_facturacion":null}
[14-Mar-2026 10:13:41 America/Lima] Fila encontrada: {"id_pago":"229","monto":"50.00","fecha_emision":"2025-09-01 14:22:25","ruta":"files\/notasPagoInscripcion\/nota_venta_237.pdf","id_asesor":"106","nombre_persona":"DANIEL EDUARDO RODRIGUEZ GARCIA","nro_identidad":"42562329","num_unidad":"318","nombre_asesor":"Maria Fernanda ofic 2 ","tipo_persona":"conductor","tipo_pago":"cuotas","estado_contrato":null,"facturado":"0","fecha_facturacion":null}
[14-Mar-2026 10:13:41 America/Lima] Fila encontrada: {"id_pago":"228","monto":"50.00","fecha_emision":"2025-09-01 14:08:38","ruta":"files\/notasPagoInscripcion\/nota_venta_236.pdf","id_asesor":"106","nombre_persona":"JOSE ROGER LARA FLORES","nro_identidad":"30425596","num_unidad":"316","nombre_asesor":"Maria Fernanda ofic 2 ","tipo_persona":"conductor","tipo_pago":"cuotas","estado_contrato":null,"facturado":"0","fecha_facturacion":null}
[14-Mar-2026 10:13:41 America/Lima] Fila encontrada: {"id_pago":"227","monto":"100.00","fecha_emision":"2025-08-30 01:54:49","ruta":"files\/notasPagoInscripcion\/nota_venta_424.pdf","id_asesor":"99","nombre_persona":"FERNANDO JUNIOR MACEDO CASAPIA","nro_identidad":"44545306","num_unidad":"325","nombre_asesor":"Nixo S\u00e1nchez ","tipo_persona":"conductor","tipo_pago":"cuotas","estado_contrato":null,"facturado":"0","fecha_facturacion":null}
[14-Mar-2026 10:13:41 America/Lima] Fila encontrada: {"id_pago":"226","monto":"100.00","fecha_emision":"2025-08-30 01:34:07","ruta":"files\/notasPagoInscripcion\/nota_venta_423.pdf","id_asesor":"99","nombre_persona":"ERICK MARTIN ZAMORA VARGAS","nro_identidad":"70664292","num_unidad":"324","nombre_asesor":"Nixo S\u00e1nchez ","tipo_persona":"conductor","tipo_pago":"cuotas","estado_contrato":null,"facturado":"0","fecha_facturacion":null}
[14-Mar-2026 10:13:41 America/Lima] Fila encontrada: {"id_pago":"225","monto":"100.00","fecha_emision":"2025-08-30 01:13:04","ruta":"files\/notasPagoInscripcion\/nota_venta_422.pdf","id_asesor":"99","nombre_persona":"RENATO ANDRE NAVARRO VARGAS","nro_identidad":"74226987","num_unidad":"323","nombre_asesor":"Nixo S\u00e1nchez ","tipo_persona":"conductor","tipo_pago":"cuotas","estado_contrato":null,"facturado":"0","fecha_facturacion":null}
[14-Mar-2026 10:13:41 America/Lima] Fila encontrada: {"id_pago":"224","monto":"250.00","fecha_emision":"2025-08-29 22:58:08","ruta":"files\/notasPagoInscripcion\/nota_venta_421.pdf","id_asesor":"99","nombre_persona":"ALEXANDER YAKU VARGAS HUANCA","nro_identidad":"41405968","num_unidad":"322","nombre_asesor":"Nixo S\u00e1nchez ","tipo_persona":"conductor","tipo_pago":"contado","estado_contrato":null,"facturado":"0","fecha_facturacion":null}
[14-Mar-2026 10:13:41 America/Lima] Fila encontrada: {"id_pago":"223","monto":"100.00","fecha_emision":"2025-08-29 19:39:12","ruta":"files\/notasPagoInscripcion\/nota_venta_420.pdf","id_asesor":"105","nombre_persona":"YURI WALTER MEJIA TORRES","nro_identidad":"29610319","num_unidad":"321","nombre_asesor":"Sebastian ","tipo_persona":"conductor","tipo_pago":"cuotas","estado_contrato":null,"facturado":"0","fecha_facturacion":null}
[14-Mar-2026 10:13:41 America/Lima] Fila encontrada: {"id_pago":"222","monto":"250.00","fecha_emision":"2025-08-29 18:36:00","ruta":"files\/notasPagoInscripcion\/nota_venta_419.pdf","id_asesor":"105","nombre_persona":"LUIS EDUARDO RABANAL RAMOS","nro_identidad":"70991526","num_unidad":"320","nombre_asesor":"Sebastian ","tipo_persona":"conductor","tipo_pago":"contado","estado_contrato":null,"facturado":"0","fecha_facturacion":null}
[14-Mar-2026 10:13:41 America/Lima] Fila encontrada: {"id_pago":"221","monto":"100.00","fecha_emision":"2025-08-29 17:38:40","ruta":"files\/notasPagoInscripcion\/nota_venta_418.pdf","id_asesor":"105","nombre_persona":"EYCOL DULAN VELASQUEZ MERINO","nro_identidad":"43070307","num_unidad":"319","nombre_asesor":"Sebastian ","tipo_persona":"conductor","tipo_pago":"cuotas","estado_contrato":null,"facturado":"0","fecha_facturacion":null}
[14-Mar-2026 10:13:41 America/Lima] Fila encontrada: {"id_pago":"220","monto":"100.00","fecha_emision":"2025-08-29 17:14:30","ruta":"files\/notasPagoInscripcion\/nota_venta_417.pdf","id_asesor":"106","nombre_persona":"DANIEL EDUARDO RODRIGUEZ GARCIA","nro_identidad":"42562329","num_unidad":"318","nombre_asesor":"Maria Fernanda ofic 2 ","tipo_persona":"conductor","tipo_pago":"cuotas","estado_contrato":null,"facturado":"0","fecha_facturacion":null}
[14-Mar-2026 10:13:41 America/Lima] Fila encontrada: {"id_pago":"219","monto":"100.00","fecha_emision":"2025-08-29 16:00:50","ruta":"files\/notasPagoInscripcion\/nota_venta_416.pdf","id_asesor":"105","nombre_persona":"YOE MARCO VALDIVIA ANCO","nro_identidad":"71978313","num_unidad":"317","nombre_asesor":"Sebastian ","tipo_persona":"conductor","tipo_pago":"cuotas","estado_contrato":null,"facturado":"0","fecha_facturacion":null}
[14-Mar-2026 10:13:41 America/Lima] Fila encontrada: {"id_pago":"218","monto":"100.00","fecha_emision":"2025-08-29 12:24:03","ruta":"files\/notasPagoInscripcion\/nota_venta_415.pdf","id_asesor":"106","nombre_persona":"JOSE ROGER LARA FLORES","nro_identidad":"30425596","num_unidad":"316","nombre_asesor":"Maria Fernanda ofic 2 ","tipo_persona":"conductor","tipo_pago":"cuotas","estado_contrato":null,"facturado":"0","fecha_facturacion":null}
[14-Mar-2026 10:13:41 America/Lima] Fila encontrada: {"id_pago":"217","monto":"150.00","fecha_emision":"2025-08-28 18:03:33","ruta":"files\/notasPagoInscripcion\/nota_venta_414.pdf","id_asesor":"99","nombre_persona":"SERGIO EDGAR HUAYNASI CONDORI","nro_identidad":"47046048","num_unidad":"11","nombre_asesor":"Nixo S\u00e1nchez ","tipo_persona":"conductor","tipo_pago":"contado","estado_contrato":null,"facturado":"0","fecha_facturacion":null}
[14-Mar-2026 10:13:41 America/Lima] Fila encontrada: {"id_pago":"216","monto":"100.00","fecha_emision":"2025-08-27 20:52:01","ruta":"files\/notasPagoInscripcion\/nota_venta_413.pdf","id_asesor":"85","nombre_persona":"DANIEL GONZALO RAMOS MAQUERA","nro_identidad":"46561071","num_unidad":"315","nombre_asesor":"yessenia avalos ","tipo_persona":"conductor","tipo_pago":"cuotas","estado_contrato":null,"facturado":"0","fecha_facturacion":null}
[14-Mar-2026 10:13:41 America/Lima] Fila encontrada: {"id_pago":"215","monto":"250.00","fecha_emision":"2025-08-27 19:30:47","ruta":"files\/notasPagoInscripcion\/nota_venta_412.pdf","id_asesor":"109","nombre_persona":"CRISTOFFER RAUL BERLANGA SALAZAR","nro_identidad":"72612854","num_unidad":"314","nombre_asesor":"HUNTER ","tipo_persona":"conductor","tipo_pago":"contado","estado_contrato":null,"facturado":"0","fecha_facturacion":null}
[14-Mar-2026 10:13:41 America/Lima] Fila encontrada: {"id_pago":"214","monto":"100.00","fecha_emision":"2025-08-27 17:26:25","ruta":"files\/notasPagoInscripcion\/nota_venta_411.pdf","id_asesor":"82","nombre_persona":"YASMANI FREDY BUSTINZA GUTIERREZ","nro_identidad":"47941003","num_unidad":"313","nombre_asesor":"Leslie Machaca","tipo_persona":"conductor","tipo_pago":"cuotas","estado_contrato":null,"facturado":"0","fecha_facturacion":null}
[14-Mar-2026 10:13:41 America/Lima] Fila encontrada: {"id_pago":"213","monto":"100.00","fecha_emision":"2025-08-27 11:46:55","ruta":"files\/notasPagoInscripcion\/nota_venta_410.pdf","id_asesor":"82","nombre_persona":"GUIDO ROLANDO YUTO ZEGARRA","nro_identidad":"75657179","num_unidad":"312","nombre_asesor":"Leslie Machaca","tipo_persona":"conductor","tipo_pago":"cuotas","estado_contrato":null,"facturado":"0","fecha_facturacion":null}
[14-Mar-2026 10:13:41 America/Lima] Fila encontrada: {"id_pago":"212","monto":"100.00","fecha_emision":"2025-08-25 12:10:49","ruta":"files\/notasPagoInscripcion\/nota_venta_409.pdf","id_asesor":"82","nombre_persona":"LUIS FERNANDO PAGAZA CASTRO","nro_identidad":"74355744","num_unidad":"311","nombre_asesor":"Leslie Machaca","tipo_persona":"conductor","tipo_pago":"cuotas","estado_contrato":null,"facturado":"0","fecha_facturacion":null}
[14-Mar-2026 10:13:41 America/Lima] Fila encontrada: {"id_pago":"211","monto":"50.00","fecha_emision":"2025-08-22 17:13:06","ruta":"files\/notasPagoInscripcion\/nota_venta_219.pdf","id_asesor":"79","nombre_persona":"KAREN CCOA CACERES","nro_identidad":"48363685","num_unidad":"293","nombre_asesor":"Lorena Diaz","tipo_persona":"conductor","tipo_pago":"cuotas","estado_contrato":null,"facturado":"0","fecha_facturacion":null}
[14-Mar-2026 10:13:41 America/Lima] Fila encontrada: {"id_pago":"210","monto":"150.00","fecha_emision":"2025-08-19 18:21:34","ruta":"files\/notasPagoInscripcion\/nota_venta_408.pdf","id_asesor":"108","nombre_persona":"LUIS MIGUEL CRUZ INCA","nro_identidad":"77813178","num_unidad":"10","nombre_asesor":"Genessis Ofic 2 ","tipo_persona":"conductor","tipo_pago":"contado","estado_contrato":null,"facturado":"0","fecha_facturacion":null}
[14-Mar-2026 10:13:41 America/Lima] Fila encontrada: {"id_pago":"208","monto":"50.00","fecha_emision":"2025-08-18 15:30:52","ruta":"files\/notasPagoInscripcion\/nota_venta_216.pdf","id_asesor":"106","nombre_persona":"KEVYN WILLY LUPO DIAZ","nro_identidad":"77036056","num_unidad":"8","nombre_asesor":"Maria Fernanda ofic 2 ","tipo_persona":"conductor","tipo_pago":"cuotas","estado_contrato":null,"facturado":"0","fecha_facturacion":null}
[14-Mar-2026 10:13:41 America/Lima] Fila encontrada: {"id_pago":"207","monto":"50.00","fecha_emision":"2025-08-18 13:57:54","ruta":"files\/notasPagoInscripcion\/nota_venta_215.pdf","id_asesor":"82","nombre_persona":"WILBER ALONSO VILLALTA ZEGARRA","nro_identidad":"72895471","num_unidad":"307","nombre_asesor":"Leslie Machaca","tipo_persona":"conductor","tipo_pago":"cuotas","estado_contrato":null,"facturado":"0","fecha_facturacion":null}
[14-Mar-2026 10:13:41 America/Lima] Fila encontrada: {"id_pago":"206","monto":"150.00","fecha_emision":"2025-08-12 14:32:43","ruta":"files\/notasPagoInscripcion\/nota_venta_407.pdf","id_asesor":"108","nombre_persona":"MIGUEL ANGEL MATEO DUFFOO","nro_identidad":"45619110","num_unidad":"9","nombre_asesor":"Genessis Ofic 2 ","tipo_persona":"conductor","tipo_pago":"contado","estado_contrato":null,"facturado":"0","fecha_facturacion":null}
[14-Mar-2026 10:13:41 America/Lima] Fila encontrada: {"id_pago":"205","monto":"100.00","fecha_emision":"2025-08-12 13:14:56","ruta":"files\/notasPagoInscripcion\/nota_venta_406.pdf","id_asesor":"106","nombre_persona":"KEVYN WILLY LUPO DIAZ","nro_identidad":"77036056","num_unidad":"8","nombre_asesor":"Maria Fernanda ofic 2 ","tipo_persona":"conductor","tipo_pago":"cuotas","estado_contrato":null,"facturado":"0","fecha_facturacion":null}
[14-Mar-2026 10:13:41 America/Lima] Fila encontrada: {"id_pago":"204","monto":"50.00","fecha_emision":"2025-08-11 18:29:58","ruta":"files\/notasPagoInscripcion\/nota_venta_212.pdf","id_asesor":"105","nombre_persona":"ALEXIS GRIMALDO MERCADO SOTO","nro_identidad":"72162233","num_unidad":"310","nombre_asesor":"Sebastian ","tipo_persona":"conductor","tipo_pago":"cuotas","estado_contrato":null,"facturado":"0","fecha_facturacion":null}
[14-Mar-2026 10:13:41 America/Lima] Fila encontrada: {"id_pago":"203","monto":"100.00","fecha_emision":"2025-08-05 13:58:51","ruta":"files\/notasPagoInscripcion\/nota_venta_405.pdf","id_asesor":"82","nombre_persona":"ALEXIS GRIMALDO MERCADO SOTO","nro_identidad":"72162233","num_unidad":"310","nombre_asesor":"Leslie Machaca","tipo_persona":"conductor","tipo_pago":"cuotas","estado_contrato":null,"facturado":"0","fecha_facturacion":null}
[14-Mar-2026 10:13:41 America/Lima] Fila encontrada: {"id_pago":"202","monto":"50.00","fecha_emision":"2025-08-04 12:12:49","ruta":"files\/notasPagoInscripcion\/nota_venta_210.pdf","id_asesor":"82","nombre_persona":"WILBER ALONSO VILLALTA ZEGARRA","nro_identidad":"72895471","num_unidad":"307","nombre_asesor":"Leslie Machaca","tipo_persona":"conductor","tipo_pago":"cuotas","estado_contrato":null,"facturado":"0","fecha_facturacion":null}
[14-Mar-2026 10:13:41 America/Lima] Fila encontrada: {"id_pago":"201","monto":"250.00","fecha_emision":"2025-08-01 14:49:12","ruta":"files\/notasPagoInscripcion\/nota_venta_404.pdf","id_asesor":"82","nombre_persona":"LUIS ENRIQUE PAREDES APAZA","nro_identidad":"71844563","num_unidad":"309","nombre_asesor":"Leslie Machaca","tipo_persona":"conductor","tipo_pago":"contado","estado_contrato":null,"facturado":"0","fecha_facturacion":null}
[14-Mar-2026 10:13:41 America/Lima] Fila encontrada: {"id_pago":"200","monto":"50.00","fecha_emision":"2025-07-30 18:19:41","ruta":"files\/notasPagoInscripcion\/nota_venta_208.pdf","id_asesor":"83","nombre_persona":"KAREN CCOA CACERES","nro_identidad":"48363685","num_unidad":"293","nombre_asesor":"Angel Mu\u00f1oz","tipo_persona":"conductor","tipo_pago":"cuotas","estado_contrato":null,"facturado":"0","fecha_facturacion":null}
[14-Mar-2026 10:13:41 America/Lima] Fila encontrada: {"id_pago":"199","monto":"50.00","fecha_emision":"2025-07-30 18:19:37","ruta":"files\/notasPagoInscripcion\/nota_venta_207.pdf","id_asesor":"83","nombre_persona":"KAREN CCOA CACERES","nro_identidad":"48363685","num_unidad":"293","nombre_asesor":"Angel Mu\u00f1oz","tipo_persona":"conductor","tipo_pago":"cuotas","estado_contrato":null,"facturado":"0","fecha_facturacion":null}
[14-Mar-2026 10:13:41 America/Lima] Fila encontrada: {"id_pago":"198","monto":"50.00","fecha_emision":"2025-07-30 16:25:18","ruta":"files\/notasPagoInscripcion\/nota_venta_206.pdf","id_asesor":"97","nombre_persona":"JOSEPH AUGUSTO CUSI QUI\u00d1O","nro_identidad":"75410342","num_unidad":"303","nombre_asesor":"AqpgoBox ","tipo_persona":"conductor","tipo_pago":"cuotas","estado_contrato":null,"facturado":"0","fecha_facturacion":null}
[14-Mar-2026 10:13:41 America/Lima] Fila encontrada: {"id_pago":"197","monto":"50.00","fecha_emision":"2025-07-29 11:26:44","ruta":"files\/notasPagoInscripcion\/nota_venta_205.pdf","id_asesor":"82","nombre_persona":"WILBER ALONSO VILLALTA ZEGARRA","nro_identidad":"72895471","num_unidad":"307","nombre_asesor":"Leslie Machaca","tipo_persona":"conductor","tipo_pago":"cuotas","estado_contrato":null,"facturado":"0","fecha_facturacion":null}
[14-Mar-2026 10:13:41 America/Lima] Fila encontrada: {"id_pago":"196","monto":"150.00","fecha_emision":"2025-07-25 19:21:34","ruta":"files\/notasPagoInscripcion\/nota_venta_403.pdf","id_asesor":"83","nombre_persona":"WALTER DANIEL NAVARRO TUESTA","nro_identidad":"73302059","num_unidad":"7","nombre_asesor":"Angel Mu\u00f1oz","tipo_persona":"conductor","tipo_pago":"contado","estado_contrato":null,"facturado":"0","fecha_facturacion":null}
[14-Mar-2026 10:13:41 America/Lima] Fila encontrada: {"id_pago":"195","monto":"50.00","fecha_emision":"2025-07-24 18:30:53","ruta":"files\/notasPagoInscripcion\/nota_venta_203.pdf","id_asesor":"97","nombre_persona":"JOSEPH AUGUSTO CUSI QUI\u00d1O","nro_identidad":"75410342","num_unidad":"303","nombre_asesor":"AqpgoBox ","tipo_persona":"conductor","tipo_pago":"cuotas","estado_contrato":null,"facturado":"0","fecha_facturacion":null}
[14-Mar-2026 10:13:41 America/Lima] Fila encontrada: {"id_pago":"194","monto":"150.00","fecha_emision":"2025-07-24 15:38:54","ruta":"files\/notasPagoInscripcion\/nota_venta_402.pdf","id_asesor":"83","nombre_persona":"MARIANNYS DE  JESUS CEDE\u00d1O TAMOY","nro_identidad":"006610634","num_unidad":"6","nombre_asesor":"Angel Mu\u00f1oz","tipo_persona":"conductor","tipo_pago":"contado","estado_contrato":null,"facturado":"0","fecha_facturacion":null}
[14-Mar-2026 10:13:41 America/Lima] Fila encontrada: {"id_pago":"193","monto":"150.00","fecha_emision":"2025-07-24 12:23:13","ruta":"files\/notasPagoInscripcion\/nota_venta_401.pdf","id_asesor":"83","nombre_persona":"ANGEL SAMUEL RAMOS PILARES","nro_identidad":"72522530","num_unidad":"5","nombre_asesor":"Angel Mu\u00f1oz","tipo_persona":"conductor","tipo_pago":"contado","estado_contrato":null,"facturado":"0","fecha_facturacion":null}
[14-Mar-2026 10:13:41 America/Lima] Fila encontrada: {"id_pago":"192","monto":"50.00","fecha_emision":"2025-07-23 19:45:12","ruta":"files\/notasPagoInscripcion\/nota_venta_200.pdf","id_asesor":"105","nombre_persona":"PAUL EDINSON LLAYQUI CUTIPA","nro_identidad":"72907234","num_unidad":"301","nombre_asesor":"Sebastian ","tipo_persona":"conductor","tipo_pago":"cuotas","estado_contrato":null,"facturado":"0","fecha_facturacion":null}
[14-Mar-2026 10:13:41 America/Lima] Fila encontrada: {"id_pago":"191","monto":"250.00","fecha_emision":"2025-07-23 18:48:11","ruta":"files\/notasPagoInscripcion\/nota_venta_400.pdf","id_asesor":"97","nombre_persona":"JOSE VICTOR DEL PORTAL ALVA","nro_identidad":"72100555","num_unidad":"308","nombre_asesor":"AqpgoBox ","tipo_persona":"conductor","tipo_pago":"contado","estado_contrato":null,"facturado":"0","fecha_facturacion":null}
[14-Mar-2026 10:13:41 America/Lima] Fila encontrada: {"id_pago":"190","monto":"250.00","fecha_emision":"2025-07-23 18:32:24","ruta":"files\/notasPagoInscripcion\/nota_venta_399.pdf","id_asesor":"97","nombre_persona":"JOSE VICTOR DEL PORTAL ALVA","nro_identidad":"72100555","num_unidad":"308","nombre_asesor":"AqpgoBox ","tipo_persona":"conductor","tipo_pago":"cuotas","estado_contrato":null,"facturado":"0","fecha_facturacion":null}
[14-Mar-2026 10:13:41 America/Lima] Fila encontrada: {"id_pago":"189","monto":"250.00","fecha_emision":"2025-07-23 18:17:14","ruta":"files\/notasPagoInscripcion\/nota_venta_398.pdf","id_asesor":"97","nombre_persona":"JOSE VICTOR DEL PORTAL ALVA","nro_identidad":"72100555","num_unidad":"308","nombre_asesor":"AqpgoBox ","tipo_persona":"conductor","tipo_pago":"cuotas","estado_contrato":null,"facturado":"0","fecha_facturacion":null}
[14-Mar-2026 10:13:41 America/Lima] Fila encontrada: {"id_pago":"188","monto":"150.00","fecha_emision":"2025-07-23 14:22:39","ruta":"files\/notasPagoInscripcion\/nota_venta_196.pdf","id_asesor":"79","nombre_persona":"KATHERINE JIMENEZ VALDERRAMA","nro_identidad":"72378529","num_unidad":"300","nombre_asesor":"Lorena Diaz","tipo_persona":"conductor","tipo_pago":"cuotas","estado_contrato":null,"facturado":"0","fecha_facturacion":null}
[14-Mar-2026 10:13:41 America/Lima] Fila encontrada: {"id_pago":"187","monto":"100.00","fecha_emision":"2025-07-21 11:14:49","ruta":"files\/notasPagoInscripcion\/nota_venta_397.pdf","id_asesor":"83","nombre_persona":"WILBER ALONSO VILLALTA ZEGARRA","nro_identidad":"72895471","num_unidad":"307","nombre_asesor":"Angel Mu\u00f1oz","tipo_persona":"conductor","tipo_pago":"cuotas","estado_contrato":null,"facturado":"0","fecha_facturacion":null}
[14-Mar-2026 10:13:41 America/Lima] Fila encontrada: {"id_pago":"186","monto":"50.00","fecha_emision":"2025-07-18 17:39:26","ruta":"files\/notasPagoInscripcion\/nota_venta_194.pdf","id_asesor":"83","nombre_persona":"KAREN CCOA CACERES","nro_identidad":"48363685","num_unidad":"293","nombre_asesor":"Angel Mu\u00f1oz","tipo_persona":"conductor","tipo_pago":"cuotas","estado_contrato":null,"facturado":"0","fecha_facturacion":null}
[14-Mar-2026 10:13:41 America/Lima] Fila encontrada: {"id_pago":"185","monto":"50.00","fecha_emision":"2025-07-16 19:39:57","ruta":"files\/notasPagoInscripcion\/nota_venta_193.pdf","id_asesor":"97","nombre_persona":"JOSEPH AUGUSTO CUSI QUI\u00d1O","nro_identidad":"75410342","num_unidad":"303","nombre_asesor":"AqpgoBox ","tipo_persona":"conductor","tipo_pago":"cuotas","estado_contrato":null,"facturado":"0","fecha_facturacion":null}
[14-Mar-2026 10:13:41 America/Lima] Fila encontrada: {"id_pago":"184","monto":"50.00","fecha_emision":"2025-07-16 14:41:06","ruta":"files\/notasPagoInscripcion\/nota_venta_192.pdf","id_asesor":"82","nombre_persona":"PAUL EDINSON LLAYQUI CUTIPA","nro_identidad":"72907234","num_unidad":"301","nombre_asesor":"Leslie Machaca","tipo_persona":"conductor","tipo_pago":"cuotas","estado_contrato":null,"facturado":"0","fecha_facturacion":null}
[14-Mar-2026 10:13:41 America/Lima] Fila encontrada: {"id_pago":"183","monto":"50.00","fecha_emision":"2025-07-16 14:39:24","ruta":"files\/notasPagoInscripcion\/nota_venta_191.pdf","id_asesor":"82","nombre_persona":"PAUL EDINSON LLAYQUI CUTIPA","nro_identidad":"72907234","num_unidad":"301","nombre_asesor":"Leslie Machaca","tipo_persona":"conductor","tipo_pago":"cuotas","estado_contrato":null,"facturado":"0","fecha_facturacion":null}
[14-Mar-2026 10:13:41 America/Lima] Fila encontrada: {"id_pago":"182","monto":"100.00","fecha_emision":"2025-07-16 12:55:27","ruta":"files\/notasPagoInscripcion\/nota_venta_396.pdf","id_asesor":"105","nombre_persona":"SANDRO HAKIM PERALTA VALENCIA","nro_identidad":"76850988","num_unidad":"306","nombre_asesor":"Sebastian ","tipo_persona":"conductor","tipo_pago":"cuotas","estado_contrato":null,"facturado":"0","fecha_facturacion":null}
[14-Mar-2026 10:13:41 America/Lima] Fila encontrada: {"id_pago":"181","monto":"100.00","fecha_emision":"2025-07-14 20:33:24","ruta":"files\/notasPagoInscripcion\/nota_venta_189.pdf","id_asesor":"105","nombre_persona":"PETER TOTO ORTEGA TICONA","nro_identidad":"77821864","num_unidad":"297","nombre_asesor":"Sebastian ","tipo_persona":"conductor","tipo_pago":"cuotas","estado_contrato":null,"facturado":"0","fecha_facturacion":null}
[14-Mar-2026 10:13:41 America/Lima] Fila encontrada: {"id_pago":"180","monto":"50.00","fecha_emision":"2025-07-14 10:38:51","ruta":"files\/notasPagoInscripcion\/nota_venta_188.pdf","id_asesor":"105","nombre_persona":"RAUL HERNAN CONDORI LUQUE","nro_identidad":"72570984","num_unidad":"4","nombre_asesor":"Sebastian ","tipo_persona":"conductor","tipo_pago":"cuotas","estado_contrato":null,"facturado":"0","fecha_facturacion":null}
[14-Mar-2026 10:13:41 America/Lima] Fila encontrada: {"id_pago":"179","monto":"250.00","fecha_emision":"2025-07-09 13:35:26","ruta":"files\/notasPagoInscripcion\/nota_venta_395.pdf","id_asesor":"82","nombre_persona":"BENJAMIN HUGO CHURA RUELAS","nro_identidad":"75112767","num_unidad":"304","nombre_asesor":"Leslie Machaca","tipo_persona":"conductor","tipo_pago":"contado","estado_contrato":null,"facturado":"0","fecha_facturacion":null}
[14-Mar-2026 10:13:41 America/Lima] Fila encontrada: {"id_pago":"178","monto":"50.00","fecha_emision":"2025-07-08 18:17:54","ruta":"files\/notasPagoInscripcion\/nota_venta_186.pdf","id_asesor":"85","nombre_persona":"JUAN MANUEL FOLLANO GRANADA","nro_identidad":"45930482","num_unidad":"294","nombre_asesor":"yessenia avalos ","tipo_persona":"conductor","tipo_pago":"cuotas","estado_contrato":null,"facturado":"0","fecha_facturacion":null}
[14-Mar-2026 10:13:41 America/Lima] Fila encontrada: {"id_pago":"177","monto":"100.00","fecha_emision":"2025-07-08 00:16:32","ruta":"files\/notasPagoInscripcion\/nota_venta_394.pdf","id_asesor":"85","nombre_persona":"RAUL HERNAN CONDORI LUQUE","nro_identidad":"72570984","num_unidad":"4","nombre_asesor":"yessenia avalos ","tipo_persona":"conductor","tipo_pago":"cuotas","estado_contrato":null,"facturado":"0","fecha_facturacion":null}
[14-Mar-2026 10:13:41 America/Lima] Fila encontrada: {"id_pago":"176","monto":"150.00","fecha_emision":"2025-07-08 00:15:34","ruta":"files\/notasPagoInscripcion\/nota_venta_393.pdf","id_asesor":"85","nombre_persona":"RAUL HERNAN CONDORI LUQUE","nro_identidad":"72570984","num_unidad":"4","nombre_asesor":"yessenia avalos ","tipo_persona":"conductor","tipo_pago":"cuotas","estado_contrato":null,"facturado":"0","fecha_facturacion":null}
[14-Mar-2026 10:13:41 America/Lima] Fila encontrada: {"id_pago":"175","monto":"100.00","fecha_emision":"2025-07-08 00:11:43","ruta":"files\/notasPagoInscripcion\/nota_venta_392.pdf","id_asesor":"85","nombre_persona":"RAUL HERNAN CONDORI LUQUE","nro_identidad":"72570984","num_unidad":"4","nombre_asesor":"yessenia avalos ","tipo_persona":"conductor","tipo_pago":"cuotas","estado_contrato":null,"facturado":"0","fecha_facturacion":null}
[14-Mar-2026 10:13:41 America/Lima] Fila encontrada: {"id_pago":"174","monto":"100.00","fecha_emision":"2025-07-07 18:50:59","ruta":"files\/notasPagoInscripcion\/nota_venta_391.pdf","id_asesor":"97","nombre_persona":"JOSEPH AUGUSTO CUSI QUI\u00d1O","nro_identidad":"75410342","num_unidad":"303","nombre_asesor":"AqpgoBox ","tipo_persona":"conductor","tipo_pago":"cuotas","estado_contrato":null,"facturado":"0","fecha_facturacion":null}
[14-Mar-2026 10:13:41 America/Lima] Fila encontrada: {"id_pago":"173","monto":"250.00","fecha_emision":"2025-07-07 16:36:41","ruta":"files\/notasPagoInscripcion\/nota_venta_390.pdf","id_asesor":"105","nombre_persona":"RICARDO DELGADO CENTTY","nro_identidad":"70603636","num_unidad":"302","nombre_asesor":"Sebastian ","tipo_persona":"conductor","tipo_pago":"contado","estado_contrato":null,"facturado":"0","fecha_facturacion":null}
[14-Mar-2026 10:13:41 America/Lima] Fila encontrada: {"id_pago":"172","monto":"150.00","fecha_emision":"2025-07-07 11:55:36","ruta":"files\/notasPagoInscripcion\/nota_venta_389.pdf","id_asesor":"83","nombre_persona":"EDIMAR EDUARDO VASQUEZ SOLIS","nro_identidad":"72856944","num_unidad":"3","nombre_asesor":"Angel Mu\u00f1oz","tipo_persona":"conductor","tipo_pago":"contado","estado_contrato":null,"facturado":"0","fecha_facturacion":null}
[14-Mar-2026 10:13:41 America/Lima] Fila encontrada: {"id_pago":"171","monto":"150.00","fecha_emision":"2025-07-04 14:39:25","ruta":"files\/notasPagoInscripcion\/nota_venta_179.pdf","id_asesor":"82","nombre_persona":"EFRAIN OMAR BALBIN RAMIREZ","nro_identidad":"41506842","num_unidad":"280","nombre_asesor":"Leslie Machaca","tipo_persona":"conductor","tipo_pago":"cuotas","estado_contrato":null,"facturado":"0","fecha_facturacion":null}
[14-Mar-2026 10:13:41 America/Lima] Fila encontrada: {"id_pago":"170","monto":"100.00","fecha_emision":"2025-07-02 19:14:48","ruta":"files\/notasPagoInscripcion\/nota_venta_388.pdf","id_asesor":"82","nombre_persona":"PAUL EDINSON LLAYQUI CUTIPA","nro_identidad":"72907234","num_unidad":"301","nombre_asesor":"Leslie Machaca","tipo_persona":"conductor","tipo_pago":"cuotas","estado_contrato":null,"facturado":"0","fecha_facturacion":null}
[14-Mar-2026 10:13:41 America/Lima] Fila encontrada: {"id_pago":"169","monto":"100.00","fecha_emision":"2025-07-01 19:07:45","ruta":"files\/notasPagoInscripcion\/nota_venta_387.pdf","id_asesor":"82","nombre_persona":"KATHERINE JIMENEZ VALDERRAMA","nro_identidad":"72378529","num_unidad":"300","nombre_asesor":"Leslie Machaca","tipo_persona":"conductor","tipo_pago":"cuotas","estado_contrato":null,"facturado":"0","fecha_facturacion":null}
[14-Mar-2026 10:13:41 America/Lima] Fila encontrada: {"id_pago":"168","monto":"50.00","fecha_emision":"2025-07-01 13:44:01","ruta":"files\/notasPagoInscripcion\/nota_venta_176.pdf","id_asesor":"80","nombre_persona":"JUAN MANUEL FOLLANO GRANADA","nro_identidad":"45930482","num_unidad":"294","nombre_asesor":null,"tipo_persona":"conductor","tipo_pago":"cuotas","estado_contrato":null,"facturado":"0","fecha_facturacion":null}
[14-Mar-2026 10:13:41 America/Lima] Fila encontrada: {"id_pago":"167","monto":"50.00","fecha_emision":"2025-07-01 12:07:10","ruta":"files\/notasPagoInscripcion\/nota_venta_175.pdf","id_asesor":"80","nombre_persona":"PETER TOTO ORTEGA TICONA","nro_identidad":"77821864","num_unidad":"297","nombre_asesor":null,"tipo_persona":"conductor","tipo_pago":"cuotas","estado_contrato":null,"facturado":"0","fecha_facturacion":null}
[14-Mar-2026 10:13:41 America/Lima] Fila encontrada: {"id_pago":"166","monto":"150.00","fecha_emision":"2025-07-01 12:02:16","ruta":"files\/notasPagoInscripcion\/nota_venta_174.pdf","id_asesor":"80","nombre_persona":"ROLANDO DAVID VILCA MAMANI","nro_identidad":"43242132","num_unidad":"291","nombre_asesor":null,"tipo_persona":"conductor","tipo_pago":"cuotas","estado_contrato":null,"facturado":"0","fecha_facturacion":null}
[14-Mar-2026 10:13:41 America/Lima] Fila encontrada: {"id_pago":"165","monto":"200.00","fecha_emision":"2025-07-01 11:43:03","ruta":"files\/notasPagoInscripcion\/nota_venta_386.pdf","id_asesor":"97","nombre_persona":"GUSTAVO ALONSO BANDA RIVERA","nro_identidad":"70360289","num_unidad":"299","nombre_asesor":"AqpgoBox ","tipo_persona":"conductor","tipo_pago":"contado","estado_contrato":null,"facturado":"0","fecha_facturacion":null}
[14-Mar-2026 10:13:41 America/Lima] Fila encontrada: {"id_pago":"164","monto":"150.00","fecha_emision":"2025-06-27 17:31:37","ruta":"files\/notasPagoInscripcion\/nota_venta_385.pdf","id_asesor":"83","nombre_persona":"AGSEL GUILLERMO GONZALES ARCE","nro_identidad":"75594783","num_unidad":"1","nombre_asesor":"Angel Mu\u00f1oz","tipo_persona":"conductor","tipo_pago":"contado","estado_contrato":null,"facturado":"0","fecha_facturacion":null}
[14-Mar-2026 10:13:41 America/Lima] Fila encontrada: {"id_pago":"163","monto":"250.00","fecha_emision":"2025-06-24 20:28:11","ruta":"files\/notasPagoInscripcion\/nota_venta_384.pdf","id_asesor":"82","nombre_persona":"DANIEL EDUARDO MOLLEPAZA CHURAPA","nro_identidad":"47259596","num_unidad":"298","nombre_asesor":"Leslie Machaca","tipo_persona":"conductor","tipo_pago":"contado","estado_contrato":null,"facturado":"0","fecha_facturacion":null}
[14-Mar-2026 10:13:41 America/Lima] Fila encontrada: {"id_pago":"162","monto":"50.00","fecha_emision":"2025-06-23 17:02:22","ruta":"files\/notasPagoInscripcion\/nota_venta_170.pdf","id_asesor":"80","nombre_persona":"JUAN MANUEL FOLLANO GRANADA","nro_identidad":"45930482","num_unidad":"294","nombre_asesor":null,"tipo_persona":"conductor","tipo_pago":"cuotas","estado_contrato":null,"facturado":"0","fecha_facturacion":null}
[14-Mar-2026 10:13:41 America/Lima] Fila encontrada: {"id_pago":"161","monto":"250.00","fecha_emision":"2025-06-20 11:41:55","ruta":"files\/notasPagoInscripcion\/nota_venta_383.pdf","id_asesor":"80","nombre_persona":"ARNOLD RAMIRO NARVAEZ INFA","nro_identidad":"45686567","num_unidad":"295","nombre_asesor":null,"tipo_persona":"conductor","tipo_pago":"contado","estado_contrato":null,"facturado":"0","fecha_facturacion":null}
[14-Mar-2026 10:13:41 America/Lima] Fila encontrada: {"id_pago":"160","monto":"100.00","fecha_emision":"2025-06-20 11:16:24","ruta":"files\/notasPagoInscripcion\/nota_venta_382.pdf","id_asesor":"82","nombre_persona":"PETER TOTO ORTEGA TICONA","nro_identidad":"77821864","num_unidad":"297","nombre_asesor":"Leslie Machaca","tipo_persona":"conductor","tipo_pago":"cuotas","estado_contrato":null,"facturado":"0","fecha_facturacion":null}
[14-Mar-2026 10:13:41 America/Lima] Fila encontrada: {"id_pago":"159","monto":"250.00","fecha_emision":"2025-06-19 11:32:47","ruta":"files\/notasPagoInscripcion\/nota_venta_381.pdf","id_asesor":"82","nombre_persona":"JUAN CARLOS MAMANI HUAYNAPATA","nro_identidad":"80614085","num_unidad":"296","nombre_asesor":"Leslie Machaca","tipo_persona":"conductor","tipo_pago":"contado","estado_contrato":null,"facturado":"0","fecha_facturacion":null}
[14-Mar-2026 10:13:41 America/Lima] Fila encontrada: {"id_pago":"158","monto":"150.00","fecha_emision":"2025-06-17 19:07:22","ruta":"files\/notasPagoInscripcion\/nota_venta_380.pdf","id_asesor":"90","nombre_persona":"ARNOLD RAMIRO NARVAEZ INFA","nro_identidad":"45686567","num_unidad":"295","nombre_asesor":null,"tipo_persona":"conductor","tipo_pago":"cuotas","estado_contrato":null,"facturado":"0","fecha_facturacion":null}
[14-Mar-2026 10:13:41 America/Lima] Fila encontrada: {"id_pago":"157","monto":"100.00","fecha_emision":"2025-06-14 13:50:31","ruta":"files\/notasPagoInscripcion\/nota_venta_379.pdf","id_asesor":"85","nombre_persona":"JUAN MANUEL FOLLANO GRANADA","nro_identidad":"45930482","num_unidad":"294","nombre_asesor":"yessenia avalos ","tipo_persona":"conductor","tipo_pago":"cuotas","estado_contrato":null,"facturado":"0","fecha_facturacion":null}
[14-Mar-2026 10:13:41 America/Lima] Fila encontrada: {"id_pago":"156","monto":"100.00","fecha_emision":"2025-06-10 17:09:29","ruta":"files\/notasPagoInscripcion\/nota_venta_378.pdf","id_asesor":"83","nombre_persona":"KAREN CCOA CACERES","nro_identidad":"48363685","num_unidad":"293","nombre_asesor":"Angel Mu\u00f1oz","tipo_persona":"conductor","tipo_pago":"cuotas","estado_contrato":null,"facturado":"0","fecha_facturacion":null}
[14-Mar-2026 10:13:41 America/Lima] Fila encontrada: {"id_pago":"155","monto":"150.00","fecha_emision":"2025-06-09 14:45:20","ruta":"files\/notasPagoInscripcion\/nota_venta_377.pdf","id_asesor":"90","nombre_persona":"Jose Alejandro Rodriguez Velasquez","nro_identidad":"007309912","num_unidad":"2","nombre_asesor":null,"tipo_persona":"conductor","tipo_pago":"contado","estado_contrato":null,"facturado":"0","fecha_facturacion":null}
[14-Mar-2026 10:13:41 America/Lima] Fila encontrada: {"id_pago":"154","monto":"50.00","fecha_emision":"2025-06-02 11:00:25","ruta":"files\/notasPagoInscripcion\/nota_venta_162.pdf","id_asesor":"80","nombre_persona":"IVAN ELIAZAR CRUZ NINA","nro_identidad":"47301907","num_unidad":"289","nombre_asesor":null,"tipo_persona":"conductor","tipo_pago":"cuotas","estado_contrato":null,"facturado":"0","fecha_facturacion":null}
[14-Mar-2026 10:13:41 America/Lima] Fila encontrada: {"id_pago":"153","monto":"50.00","fecha_emision":"2025-05-29 09:49:03","ruta":"files\/notasPagoInscripcion\/nota_venta_161.pdf","id_asesor":"80","nombre_persona":"CESAR AUGUSTO MORAN DIAZ","nro_identidad":"29703708","num_unidad":"288","nombre_asesor":null,"tipo_persona":"conductor","tipo_pago":"cuotas","estado_contrato":null,"facturado":"0","fecha_facturacion":null}
[14-Mar-2026 10:13:41 America/Lima] Fila encontrada: {"id_pago":"152","monto":"50.00","fecha_emision":"2025-05-29 09:30:32","ruta":"files\/notasPagoInscripcion\/nota_venta_160.pdf","id_asesor":"80","nombre_persona":"EDUARDO OMAR AGOSTINELLI SAMANEZ","nro_identidad":"40198061","num_unidad":"287","nombre_asesor":null,"tipo_persona":"conductor","tipo_pago":"cuotas","estado_contrato":null,"facturado":"0","fecha_facturacion":null}
[14-Mar-2026 10:13:41 America/Lima] Fila encontrada: {"id_pago":"151","monto":"250.00","fecha_emision":"2025-05-28 18:39:44","ruta":"files\/notasPagoInscripcion\/nota_venta_376.pdf","id_asesor":"83","nombre_persona":"JONATHAN ALFREDO CLAVERIAS ROMAN","nro_identidad":"76384781","num_unidad":"292","nombre_asesor":"Angel Mu\u00f1oz","tipo_persona":"conductor","tipo_pago":"contado","estado_contrato":null,"facturado":"0","fecha_facturacion":null}
[14-Mar-2026 10:13:41 America/Lima] Fila encontrada: {"id_pago":"150","monto":"50.00","fecha_emision":"2025-05-26 13:29:16","ruta":"files\/notasPagoInscripcion\/nota_venta_158.pdf","id_asesor":"82","nombre_persona":"WILDER AMERICO TIPULA GUTIERREZ","nro_identidad":"74325995","num_unidad":"286","nombre_asesor":"Leslie Machaca","tipo_persona":"conductor","tipo_pago":"cuotas","estado_contrato":null,"facturado":"0","fecha_facturacion":null}
[14-Mar-2026 10:13:41 America/Lima] Fila encontrada: {"id_pago":"149","monto":"50.00","fecha_emision":"2025-05-26 12:06:59","ruta":"files\/notasPagoInscripcion\/nota_venta_157.pdf","id_asesor":"82","nombre_persona":"IVAN ELIAZAR CRUZ NINA","nro_identidad":"47301907","num_unidad":"289","nombre_asesor":"Leslie Machaca","tipo_persona":"conductor","tipo_pago":"cuotas","estado_contrato":null,"facturado":"0","fecha_facturacion":null}
[14-Mar-2026 10:13:41 America/Lima] Fila encontrada: {"id_pago":"148","monto":"50.00","fecha_emision":"2025-05-26 10:20:32","ruta":"files\/notasPagoInscripcion\/nota_venta_156.pdf","id_asesor":"80","nombre_persona":"CESAR AUGUSTO MORAN DIAZ","nro_identidad":"29703708","num_unidad":"288","nombre_asesor":null,"tipo_persona":"conductor","tipo_pago":"cuotas","estado_contrato":null,"facturado":"0","fecha_facturacion":null}
[14-Mar-2026 10:13:41 America/Lima] Fila encontrada: {"id_pago":"147","monto":"100.00","fecha_emision":"2025-05-21 16:11:59","ruta":"files\/notasPagoInscripcion\/nota_venta_375.pdf","id_asesor":"80","nombre_persona":"ROLANDO DAVID VILCA MAMANI","nro_identidad":"43242132","num_unidad":"291","nombre_asesor":null,"tipo_persona":"conductor","tipo_pago":"cuotas","estado_contrato":null,"facturado":"0","fecha_facturacion":null}
[14-Mar-2026 10:13:41 America/Lima] Fila encontrada: {"id_pago":"146","monto":"100.00","fecha_emision":"2025-05-21 15:49:49","ruta":"files\/notasPagoInscripcion\/nota_venta_374.pdf","id_asesor":"82","nombre_persona":"ROLANDO DAVID VILCA MAMANI","nro_identidad":"43242132","num_unidad":"291","nombre_asesor":"Leslie Machaca","tipo_persona":"conductor","tipo_pago":"cuotas","estado_contrato":null,"facturado":"0","fecha_facturacion":null}
[14-Mar-2026 10:13:41 America/Lima] Fila encontrada: {"id_pago":"145","monto":"50.00","fecha_emision":"2025-05-21 11:58:37","ruta":"files\/notasPagoInscripcion\/nota_venta_153.pdf","id_asesor":"82","nombre_persona":"EDUARDO OMAR AGOSTINELLI SAMANEZ","nro_identidad":"40198061","num_unidad":"287","nombre_asesor":"Leslie Machaca","tipo_persona":"conductor","tipo_pago":"cuotas","estado_contrato":null,"facturado":"0","fecha_facturacion":null}
[14-Mar-2026 10:13:41 America/Lima] Fila encontrada: {"id_pago":"144","monto":"50.00","fecha_emision":"2025-05-21 09:50:00","ruta":"files\/notasPagoInscripcion\/nota_venta_152.pdf","id_asesor":"82","nombre_persona":"JOHNNY ABEL YEPEZ CHURA","nro_identidad":"46617912","num_unidad":"244","nombre_asesor":"Leslie Machaca","tipo_persona":"conductor","tipo_pago":"cuotas","estado_contrato":null,"facturado":"0","fecha_facturacion":null}
[14-Mar-2026 10:13:41 America/Lima] Fila encontrada: {"id_pago":"142","monto":"50.00","fecha_emision":"2025-05-20 10:59:11","ruta":"files\/notasPagoInscripcion\/nota_venta_150.pdf","id_asesor":"80","nombre_persona":"WILDER AMERICO TIPULA GUTIERREZ","nro_identidad":"74325995","num_unidad":"286","nombre_asesor":null,"tipo_persona":"conductor","tipo_pago":"cuotas","estado_contrato":null,"facturado":"0","fecha_facturacion":null}
[14-Mar-2026 10:13:41 America/Lima] Fila encontrada: {"id_pago":"141","monto":"50.00","fecha_emision":"2025-05-20 10:54:02","ruta":"files\/notasPagoInscripcion\/nota_venta_149.pdf","id_asesor":"80","nombre_persona":"IVAN ELIAZAR CRUZ NINA","nro_identidad":"47301907","num_unidad":"289","nombre_asesor":null,"tipo_persona":"conductor","tipo_pago":"cuotas","estado_contrato":null,"facturado":"0","fecha_facturacion":null}
[14-Mar-2026 10:13:41 America/Lima] Fila encontrada: {"id_pago":"140","monto":"50.00","fecha_emision":"2025-05-20 10:52:06","ruta":"files\/notasPagoInscripcion\/nota_venta_148.pdf","id_asesor":"80","nombre_persona":"MIGUEL ANGEL PINO LUNA","nro_identidad":"23980346","num_unidad":"283","nombre_asesor":null,"tipo_persona":"conductor","tipo_pago":"cuotas","estado_contrato":null,"facturado":"0","fecha_facturacion":null}
[14-Mar-2026 10:13:41 America/Lima] Fila encontrada: {"id_pago":"139","monto":"50.00","fecha_emision":"2025-05-19 11:11:58","ruta":"files\/notasPagoInscripcion\/nota_venta_147.pdf","id_asesor":"82","nombre_persona":"MANUEL ENRIQUE CHAFLOQUE AQUIJE","nro_identidad":"40535394","num_unidad":"282","nombre_asesor":"Leslie Machaca","tipo_persona":"conductor","tipo_pago":"cuotas","estado_contrato":null,"facturado":"0","fecha_facturacion":null}
[14-Mar-2026 10:13:41 America/Lima] Fila encontrada: {"id_pago":"138","monto":"50.00","fecha_emision":"2025-05-16 10:02:01","ruta":"files\/notasPagoInscripcion\/nota_venta_146.pdf","id_asesor":"80","nombre_persona":"MIGUEL ANGEL PINO LUNA","nro_identidad":"23980346","num_unidad":"283","nombre_asesor":null,"tipo_persona":"conductor","tipo_pago":"cuotas","estado_contrato":null,"facturado":"0","fecha_facturacion":null}
[14-Mar-2026 10:13:41 America/Lima] Fila encontrada: {"id_pago":"137","monto":"50.00","fecha_emision":"2025-05-15 13:55:30","ruta":"files\/notasPagoInscripcion\/nota_venta_145.pdf","id_asesor":"82","nombre_persona":"CESAR AUGUSTO MORAN DIAZ","nro_identidad":"29703708","num_unidad":"288","nombre_asesor":"Leslie Machaca","tipo_persona":"conductor","tipo_pago":"cuotas","estado_contrato":null,"facturado":"0","fecha_facturacion":null}
[14-Mar-2026 10:13:41 America/Lima] Fila encontrada: {"id_pago":"136","monto":"250.00","fecha_emision":"2025-05-15 12:43:52","ruta":"files\/notasPagoInscripcion\/nota_venta_372.pdf","id_asesor":"82","nombre_persona":"JAVIER ALONSO SALAS SIERRA","nro_identidad":"29721214","num_unidad":"290","nombre_asesor":"Leslie Machaca","tipo_persona":"conductor","tipo_pago":"contado","estado_contrato":null,"facturado":"0","fecha_facturacion":null}
[14-Mar-2026 10:13:41 America/Lima] Fila encontrada: {"id_pago":"135","monto":"50.00","fecha_emision":"2025-05-14 10:41:25","ruta":"files\/notasPagoInscripcion\/nota_venta_143.pdf","id_asesor":"82","nombre_persona":"EDUARDO OMAR AGOSTINELLI SAMANEZ","nro_identidad":"40198061","num_unidad":"287","nombre_asesor":"Leslie Machaca","tipo_persona":"conductor","tipo_pago":"cuotas","estado_contrato":null,"facturado":"0","fecha_facturacion":null}
[14-Mar-2026 10:13:41 America/Lima] Fila encontrada: {"id_pago":"134","monto":"50.00","fecha_emision":"2025-05-12 12:56:27","ruta":"files\/notasPagoInscripcion\/nota_venta_142.pdf","id_asesor":"82","nombre_persona":"WILDER AMERICO TIPULA GUTIERREZ","nro_identidad":"74325995","num_unidad":"286","nombre_asesor":"Leslie Machaca","tipo_persona":"conductor","tipo_pago":"cuotas","estado_contrato":null,"facturado":"0","fecha_facturacion":null}
[14-Mar-2026 10:13:41 America/Lima] Fila encontrada: {"id_pago":"133","monto":"100.00","fecha_emision":"2025-05-12 12:12:21","ruta":"files\/notasPagoInscripcion\/nota_venta_371.pdf","id_asesor":"82","nombre_persona":"IVAN ELIAZAR CRUZ NINA","nro_identidad":"47301907","num_unidad":"289","nombre_asesor":"Leslie Machaca","tipo_persona":"conductor","tipo_pago":"cuotas","estado_contrato":null,"facturado":"0","fecha_facturacion":null}
[14-Mar-2026 10:13:41 America/Lima] Fila encontrada: {"id_pago":"132","monto":"100.00","fecha_emision":"2025-05-10 12:00:26","ruta":"files\/notasPagoInscripcion\/nota_venta_140.pdf","id_asesor":"82","nombre_persona":"MANUEL ENRIQUE CHAFLOQUE AQUIJE","nro_identidad":"40535394","num_unidad":"282","nombre_asesor":"Leslie Machaca","tipo_persona":"conductor","tipo_pago":"cuotas","estado_contrato":null,"facturado":"0","fecha_facturacion":null}
[14-Mar-2026 10:13:41 America/Lima] Fila encontrada: {"id_pago":"131","monto":"100.00","fecha_emision":"2025-05-08 11:19:51","ruta":"files\/notasPagoInscripcion\/nota_venta_370.pdf","id_asesor":"80","nombre_persona":"CESAR AUGUSTO MORAN DIAZ","nro_identidad":"29703708","num_unidad":"288","nombre_asesor":null,"tipo_persona":"conductor","tipo_pago":"cuotas","estado_contrato":null,"facturado":"0","fecha_facturacion":null}
[14-Mar-2026 10:13:41 America/Lima] Fila encontrada: {"id_pago":"130","monto":"50.00","fecha_emision":"2025-05-08 09:38:59","ruta":"files\/notasPagoInscripcion\/nota_venta_138.pdf","id_asesor":"80","nombre_persona":"SMIT MARIO ROQUE ITO","nro_identidad":"47020552","num_unidad":"281","nombre_asesor":null,"tipo_persona":"conductor","tipo_pago":"cuotas","estado_contrato":null,"facturado":"0","fecha_facturacion":null}
[14-Mar-2026 10:13:41 America/Lima] Fila encontrada: {"id_pago":"129","monto":"50.00","fecha_emision":"2025-05-07 11:43:11","ruta":"files\/notasPagoInscripcion\/nota_venta_137.pdf","id_asesor":"80","nombre_persona":"JESUS JORDAN SALAS VALENCIA","nro_identidad":"45573648","num_unidad":"276","nombre_asesor":null,"tipo_persona":"conductor","tipo_pago":"cuotas","estado_contrato":null,"facturado":"0","fecha_facturacion":null}
[14-Mar-2026 10:13:41 America/Lima] Fila encontrada: {"id_pago":"128","monto":"100.00","fecha_emision":"2025-05-07 10:30:59","ruta":"files\/notasPagoInscripcion\/nota_venta_369.pdf","id_asesor":"80","nombre_persona":"EDUARDO OMAR AGOSTINELLI SAMANEZ","nro_identidad":"40198061","num_unidad":"287","nombre_asesor":null,"tipo_persona":"conductor","tipo_pago":"cuotas","estado_contrato":null,"facturado":"0","fecha_facturacion":null}
[14-Mar-2026 10:13:41 America/Lima] Fila encontrada: {"id_pago":"127","monto":"100.00","fecha_emision":"2025-05-05 15:44:59","ruta":"files\/notasPagoInscripcion\/nota_venta_368.pdf","id_asesor":"82","nombre_persona":"WILDER AMERICO TIPULA GUTIERREZ","nro_identidad":"74325995","num_unidad":"286","nombre_asesor":"Leslie Machaca","tipo_persona":"conductor","tipo_pago":"cuotas","estado_contrato":null,"facturado":"0","fecha_facturacion":null}
[14-Mar-2026 10:13:41 America/Lima] Fila encontrada: {"id_pago":"126","monto":"50.00","fecha_emision":"2025-05-05 12:46:09","ruta":"files\/notasPagoInscripcion\/nota_venta_134.pdf","id_asesor":"80","nombre_persona":"NESTOR EDUARDO ARANCIBIA PINEDA","nro_identidad":"76644271","num_unidad":"277","nombre_asesor":null,"tipo_persona":"conductor","tipo_pago":"cuotas","estado_contrato":null,"facturado":"0","fecha_facturacion":null}
[14-Mar-2026 10:13:41 America/Lima] Fila encontrada: {"id_pago":"125","monto":"50.00","fecha_emision":"2025-05-05 11:55:17","ruta":"files\/notasPagoInscripcion\/nota_venta_133.pdf","id_asesor":"80","nombre_persona":"MIGUEL ANGEL PINO LUNA","nro_identidad":"23980346","num_unidad":"283","nombre_asesor":null,"tipo_persona":"conductor","tipo_pago":"cuotas","estado_contrato":null,"facturado":"0","fecha_facturacion":null}
[14-Mar-2026 10:13:41 America/Lima] Fila encontrada: {"id_pago":"124","monto":"50.00","fecha_emision":"2025-05-01 10:07:32","ruta":"files\/notasPagoInscripcion\/nota_venta_132.pdf","id_asesor":"80","nombre_persona":"SMIT MARIO ROQUE ITO","nro_identidad":"47020552","num_unidad":"281","nombre_asesor":null,"tipo_persona":"conductor","tipo_pago":"cuotas","estado_contrato":null,"facturado":"0","fecha_facturacion":null}
[14-Mar-2026 10:13:41 America/Lima] Fila encontrada: {"id_pago":"123","monto":"50.00","fecha_emision":"2025-05-01 10:07:11","ruta":"files\/notasPagoInscripcion\/nota_venta_131.pdf","id_asesor":"80","nombre_persona":"SMIT MARIO ROQUE ITO","nro_identidad":"47020552","num_unidad":"281","nombre_asesor":null,"tipo_persona":"conductor","tipo_pago":"cuotas","estado_contrato":null,"facturado":"0","fecha_facturacion":null}
[14-Mar-2026 10:13:41 America/Lima] Fila encontrada: {"id_pago":"122","monto":"50.00","fecha_emision":"2025-04-30 11:57:07","ruta":"files\/notasPagoInscripcion\/nota_venta_130.pdf","id_asesor":"80","nombre_persona":"MARCO ANTONIO RIOS SANTOS","nro_identidad":"22100610","num_unidad":"274","nombre_asesor":null,"tipo_persona":"conductor","tipo_pago":"cuotas","estado_contrato":null,"facturado":"0","fecha_facturacion":null}
[14-Mar-2026 10:13:41 America/Lima] Fila encontrada: {"id_pago":"121","monto":"50.00","fecha_emision":"2025-04-29 10:50:40","ruta":"files\/notasPagoInscripcion\/nota_venta_129.pdf","id_asesor":"82","nombre_persona":"CARLOS MARTIN  RIVA CASTILLO","nro_identidad":"005622617","num_unidad":"273","nombre_asesor":"Leslie Machaca","tipo_persona":"conductor","tipo_pago":"cuotas","estado_contrato":null,"facturado":"0","fecha_facturacion":null}
[14-Mar-2026 10:13:41 America/Lima] Fila encontrada: {"id_pago":"120","monto":"150.00","fecha_emision":"2025-04-28 14:21:38","ruta":"files\/notasPagoInscripcion\/nota_venta_367.pdf","id_asesor":"82","nombre_persona":"EDGAR JUAN HUANCACHOQUE CHIJCHEAPAZA","nro_identidad":"42575441","num_unidad":"285","nombre_asesor":"Leslie Machaca","tipo_persona":"conductor","tipo_pago":"cuotas","estado_contrato":null,"facturado":"0","fecha_facturacion":null}
[14-Mar-2026 10:13:41 America/Lima] Fila encontrada: {"id_pago":"119","monto":"100.00","fecha_emision":"2025-04-28 13:51:13","ruta":"files\/notasPagoInscripcion\/nota_venta_366.pdf","id_asesor":"80","nombre_persona":"FRANCO RYAN MONTES DAVID","nro_identidad":"73861769","num_unidad":"284","nombre_asesor":null,"tipo_persona":"conductor","tipo_pago":"cuotas","estado_contrato":null,"facturado":"0","fecha_facturacion":null}
[14-Mar-2026 10:13:41 America/Lima] Fila encontrada: {"id_pago":"118","monto":"100.00","fecha_emision":"2025-04-28 11:49:46","ruta":"files\/notasPagoInscripcion\/nota_venta_365.pdf","id_asesor":"82","nombre_persona":"MIGUEL ANGEL PINO LUNA","nro_identidad":"23980346","num_unidad":"283","nombre_asesor":"Leslie Machaca","tipo_persona":"conductor","tipo_pago":"cuotas","estado_contrato":null,"facturado":"0","fecha_facturacion":null}
[14-Mar-2026 10:13:41 America/Lima] Fila encontrada: {"id_pago":"117","monto":"50.00","fecha_emision":"2025-04-28 09:42:52","ruta":"files\/notasPagoInscripcion\/nota_venta_125.pdf","id_asesor":"80","nombre_persona":"NESTOR EDUARDO ARANCIBIA PINEDA","nro_identidad":"76644271","num_unidad":"277","nombre_asesor":null,"tipo_persona":"conductor","tipo_pago":"cuotas","estado_contrato":null,"facturado":"0","fecha_facturacion":null}
[14-Mar-2026 10:13:41 America/Lima] Fila encontrada: {"id_pago":"116","monto":"100.00","fecha_emision":"2025-04-26 10:40:36","ruta":"files\/notasPagoInscripcion\/nota_venta_364.pdf","id_asesor":"80","nombre_persona":"MANUEL ENRIQUE CHAFLOQUE AQUIJE","nro_identidad":"40535394","num_unidad":"282","nombre_asesor":null,"tipo_persona":"conductor","tipo_pago":"cuotas","estado_contrato":null,"facturado":"0","fecha_facturacion":null}
[14-Mar-2026 10:13:41 America/Lima] Fila encontrada: {"id_pago":"115","monto":"50.00","fecha_emision":"2025-04-24 14:13:14","ruta":"files\/notasPagoInscripcion\/nota_venta_123.pdf","id_asesor":"82","nombre_persona":"JESUS JORDAN SALAS VALENCIA","nro_identidad":"45573648","num_unidad":"276","nombre_asesor":"Leslie Machaca","tipo_persona":"conductor","tipo_pago":"cuotas","estado_contrato":null,"facturado":"0","fecha_facturacion":null}
[14-Mar-2026 10:13:41 America/Lima] Fila encontrada: {"id_pago":"114","monto":"50.00","fecha_emision":"2025-04-24 09:16:36","ruta":"files\/notasPagoInscripcion\/nota_venta_122.pdf","id_asesor":"80","nombre_persona":"MIGUEL ANGEL CONDORI SALAS","nro_identidad":"75185244","num_unidad":"271","nombre_asesor":null,"tipo_persona":"conductor","tipo_pago":"cuotas","estado_contrato":null,"facturado":"0","fecha_facturacion":null}
[14-Mar-2026 10:13:41 America/Lima] Fila encontrada: {"id_pago":"112","monto":"50.00","fecha_emision":"2025-04-23 12:01:41","ruta":"files\/notasPagoInscripcion\/nota_venta_120.pdf","id_asesor":"80","nombre_persona":"MARCO ANTONIO RIOS SANTOS","nro_identidad":"22100610","num_unidad":"274","nombre_asesor":null,"tipo_persona":"conductor","tipo_pago":"cuotas","estado_contrato":null,"facturado":"0","fecha_facturacion":null}
[14-Mar-2026 10:13:41 America/Lima] Fila encontrada: {"id_pago":"111","monto":"100.00","fecha_emision":"2025-04-23 11:21:25","ruta":"files\/notasPagoInscripcion\/nota_venta_362.pdf","id_asesor":"80","nombre_persona":"SMIT MARIO ROQUE ITO","nro_identidad":"47020552","num_unidad":"281","nombre_asesor":null,"tipo_persona":"conductor","tipo_pago":"cuotas","estado_contrato":null,"facturado":"0","fecha_facturacion":null}
[14-Mar-2026 10:13:41 America/Lima] Fila encontrada: {"id_pago":"110","monto":"100.00","fecha_emision":"2025-04-22 13:00:24","ruta":"files\/notasPagoInscripcion\/nota_venta_118.pdf","id_asesor":"80","nombre_persona":"HUBERT JESUS ALVAREZ MAMANI","nro_identidad":"40198998","num_unidad":"248","nombre_asesor":null,"tipo_persona":"conductor","tipo_pago":"cuotas","estado_contrato":null,"facturado":"0","fecha_facturacion":null}
[14-Mar-2026 10:13:41 America/Lima] Fila encontrada: {"id_pago":"109","monto":"50.00","fecha_emision":"2025-04-22 12:05:38","ruta":"files\/notasPagoInscripcion\/nota_venta_117.pdf","id_asesor":"80","nombre_persona":"CARLOS MARTIN  RIVA CASTILLO","nro_identidad":"005622617","num_unidad":"273","nombre_asesor":null,"tipo_persona":"conductor","tipo_pago":"cuotas","estado_contrato":null,"facturado":"0","fecha_facturacion":null}
[14-Mar-2026 10:13:41 America/Lima] Fila encontrada: {"id_pago":"108","monto":"50.00","fecha_emision":"2025-04-22 10:07:49","ruta":"files\/notasPagoInscripcion\/nota_venta_116.pdf","id_asesor":"80","nombre_persona":"CARLOS ALBERTO LLUTARI HERRERA","nro_identidad":"46735447","num_unidad":"272","nombre_asesor":null,"tipo_persona":"conductor","tipo_pago":"cuotas","estado_contrato":null,"facturado":"0","fecha_facturacion":null}
[14-Mar-2026 10:13:41 America/Lima] Fila encontrada: {"id_pago":"107","monto":"100.00","fecha_emision":"2025-04-22 09:39:04","ruta":"files\/notasPagoInscripcion\/nota_venta_361.pdf","id_asesor":"80","nombre_persona":"EFRAIN OMAR BALBIN RAMIREZ","nro_identidad":"41506842","num_unidad":"280","nombre_asesor":null,"tipo_persona":"conductor","tipo_pago":"cuotas","estado_contrato":null,"facturado":"0","fecha_facturacion":null}
[14-Mar-2026 10:13:41 America/Lima] Fila encontrada: {"id_pago":"106","monto":"100.00","fecha_emision":"2025-04-21 16:43:40","ruta":"files\/notasPagoInscripcion\/nota_venta_360.pdf","id_asesor":"82","nombre_persona":"EFRAIN OMAR BALBIN RAMIREZ","nro_identidad":"41506842","num_unidad":"280","nombre_asesor":"Leslie Machaca","tipo_persona":"conductor","tipo_pago":"cuotas","estado_contrato":null,"facturado":"0","fecha_facturacion":null}
[14-Mar-2026 10:13:41 America/Lima] Fila encontrada: {"id_pago":"105","monto":"50.00","fecha_emision":"2025-04-21 09:59:36","ruta":"files\/notasPagoInscripcion\/nota_venta_113.pdf","id_asesor":"80","nombre_persona":"JESUS JORDAN SALAS VALENCIA","nro_identidad":"45573648","num_unidad":"276","nombre_asesor":null,"tipo_persona":"conductor","tipo_pago":"cuotas","estado_contrato":null,"facturado":"0","fecha_facturacion":null}
[14-Mar-2026 10:13:41 America/Lima] Fila encontrada: {"id_pago":"104","monto":"50.00","fecha_emision":"2025-04-21 09:41:32","ruta":"files\/notasPagoInscripcion\/nota_venta_112.pdf","id_asesor":"80","nombre_persona":"NESTOR EDUARDO ARANCIBIA PINEDA","nro_identidad":"76644271","num_unidad":"277","nombre_asesor":null,"tipo_persona":"conductor","tipo_pago":"cuotas","estado_contrato":null,"facturado":"0","fecha_facturacion":null}
[14-Mar-2026 10:13:41 America/Lima] Fila encontrada: {"id_pago":"103","monto":"50.00","fecha_emision":"2025-04-17 09:46:18","ruta":"files\/notasPagoInscripcion\/nota_venta_111.pdf","id_asesor":"80","nombre_persona":"MARCO ANTONIO RIOS SANTOS","nro_identidad":"22100610","num_unidad":"274","nombre_asesor":null,"tipo_persona":"conductor","tipo_pago":"cuotas","estado_contrato":null,"facturado":"0","fecha_facturacion":null}
[14-Mar-2026 10:13:41 America/Lima] Fila encontrada: {"id_pago":"102","monto":"250.00","fecha_emision":"2025-04-15 16:50:30","ruta":"files\/notasPagoInscripcion\/nota_venta_359.pdf","id_asesor":"83","nombre_persona":"JHON FREDY MALDONADO CJURO","nro_identidad":"74837672","num_unidad":"279","nombre_asesor":"Angel Mu\u00f1oz","tipo_persona":"conductor","tipo_pago":"contado","estado_contrato":null,"facturado":"0","fecha_facturacion":null}
[14-Mar-2026 10:13:41 America/Lima] Fila encontrada: {"id_pago":"101","monto":"50.00","fecha_emision":"2025-04-15 11:03:55","ruta":"files\/notasPagoInscripcion\/nota_venta_109.pdf","id_asesor":"80","nombre_persona":"CARLOS MARTIN  RIVA CASTILLO","nro_identidad":"005622617","num_unidad":"273","nombre_asesor":null,"tipo_persona":"conductor","tipo_pago":"cuotas","estado_contrato":null,"facturado":"0","fecha_facturacion":null}
[14-Mar-2026 10:13:41 America/Lima] Fila encontrada: {"id_pago":"100","monto":"250.00","fecha_emision":"2025-04-15 10:12:39","ruta":"files\/notasPagoInscripcion\/nota_venta_358.pdf","id_asesor":"80","nombre_persona":"EDWIN ALCANTARA CHURATA SULCA","nro_identidad":"44781781","num_unidad":"278","nombre_asesor":null,"tipo_persona":"conductor","tipo_pago":"contado","estado_contrato":null,"facturado":"0","fecha_facturacion":null}
[14-Mar-2026 10:13:41 America/Lima] Fila encontrada: {"id_pago":"99","monto":"100.00","fecha_emision":"2025-04-14 17:47:03","ruta":"files\/notasPagoInscripcion\/nota_venta_357.pdf","id_asesor":"81","nombre_persona":"NESTOR EDUARDO ARANCIBIA PINEDA","nro_identidad":"76644271","num_unidad":"277","nombre_asesor":null,"tipo_persona":"conductor","tipo_pago":"cuotas","estado_contrato":null,"facturado":"0","fecha_facturacion":null}
[14-Mar-2026 10:13:41 America/Lima] Fila encontrada: {"id_pago":"98","monto":"50.00","fecha_emision":"2025-04-14 13:05:50","ruta":"files\/notasPagoInscripcion\/nota_venta_106.pdf","id_asesor":"80","nombre_persona":"CARLOS ALBERTO LLUTARI HERRERA","nro_identidad":"46735447","num_unidad":"272","nombre_asesor":null,"tipo_persona":"conductor","tipo_pago":"cuotas","estado_contrato":null,"facturado":"0","fecha_facturacion":null}
[14-Mar-2026 10:13:41 America/Lima] Fila encontrada: {"id_pago":"97","monto":"100.00","fecha_emision":"2025-04-11 10:29:26","ruta":"files\/notasPagoInscripcion\/nota_venta_356.pdf","id_asesor":"80","nombre_persona":"JESUS JORDAN SALAS VALENCIA","nro_identidad":"45573648","num_unidad":"276","nombre_asesor":null,"tipo_persona":"conductor","tipo_pago":"cuotas","estado_contrato":null,"facturado":"0","fecha_facturacion":null}
[14-Mar-2026 10:13:41 America/Lima] Fila encontrada: {"id_pago":"96","monto":"250.00","fecha_emision":"2025-04-10 12:47:25","ruta":"files\/notasPagoInscripcion\/nota_venta_355.pdf","id_asesor":"82","nombre_persona":"JORGE LUIS ENRIQUEZ GUTIERREZ","nro_identidad":"76583585","num_unidad":"275","nombre_asesor":"Leslie Machaca","tipo_persona":"conductor","tipo_pago":"contado","estado_contrato":null,"facturado":"0","fecha_facturacion":null}
[14-Mar-2026 10:13:41 America/Lima] Fila encontrada: {"id_pago":"95","monto":"100.00","fecha_emision":"2025-04-09 16:20:34","ruta":"files\/notasPagoInscripcion\/nota_venta_354.pdf","id_asesor":"81","nombre_persona":"MARCO ANTONIO RIOS SANTOS","nro_identidad":"22100610","num_unidad":"274","nombre_asesor":null,"tipo_persona":"conductor","tipo_pago":"cuotas","estado_contrato":null,"facturado":"0","fecha_facturacion":null}
[14-Mar-2026 10:13:41 America/Lima] Fila encontrada: {"id_pago":"94","monto":"50.00","fecha_emision":"2025-04-09 11:11:30","ruta":"files\/notasPagoInscripcion\/nota_venta_102.pdf","id_asesor":"80","nombre_persona":"MIGUEL ANGEL CONDORI SALAS","nro_identidad":"75185244","num_unidad":"271","nombre_asesor":null,"tipo_persona":"conductor","tipo_pago":"cuotas","estado_contrato":null,"facturado":"0","fecha_facturacion":null}
[14-Mar-2026 10:13:41 America/Lima] Fila encontrada: {"id_pago":"93","monto":"50.00","fecha_emision":"2025-04-08 17:19:15","ruta":"files\/notasPagoInscripcion\/nota_venta_101.pdf","id_asesor":"80","nombre_persona":"MIGUEL ANGEL CONDORI SALAS","nro_identidad":"75185244","num_unidad":"271","nombre_asesor":null,"tipo_persona":"conductor","tipo_pago":"cuotas","estado_contrato":null,"facturado":"0","fecha_facturacion":null}
[14-Mar-2026 10:13:41 America/Lima] Fila encontrada: {"id_pago":"92","monto":"100.00","fecha_emision":"2025-04-08 11:36:37","ruta":"files\/notasPagoInscripcion\/nota_venta_353.pdf","id_asesor":"82","nombre_persona":"CARLOS MARTIN  RIVA CASTILLO","nro_identidad":"005622617","num_unidad":"273","nombre_asesor":"Leslie Machaca","tipo_persona":"conductor","tipo_pago":"cuotas","estado_contrato":null,"facturado":"0","fecha_facturacion":null}
[14-Mar-2026 10:13:41 America/Lima] Fila encontrada: {"id_pago":"91","monto":"50.00","fecha_emision":"2025-04-08 10:53:44","ruta":"files\/notasPagoInscripcion\/nota_venta_99.pdf","id_asesor":"80","nombre_persona":"CARLOS ALBERTO LLUTARI HERRERA","nro_identidad":"46735447","num_unidad":"272","nombre_asesor":null,"tipo_persona":"conductor","tipo_pago":"cuotas","estado_contrato":null,"facturado":"0","fecha_facturacion":null}
[14-Mar-2026 10:13:41 America/Lima] Fila encontrada: {"id_pago":"86","monto":"50.00","fecha_emision":"2025-04-04 17:54:30","ruta":"files\/notasPagoInscripcion\/nota_venta_94.pdf","id_asesor":"81","nombre_persona":"ADOLFO RODRIGO LARICO MAMANI","nro_identidad":"44285524","num_unidad":"268","nombre_asesor":null,"tipo_persona":"conductor","tipo_pago":"cuotas","estado_contrato":null,"facturado":"0","fecha_facturacion":null}
[14-Mar-2026 10:13:41 America/Lima] Fila encontrada: {"id_pago":"85","monto":"50.00","fecha_emision":"2025-04-04 10:26:53","ruta":"files\/notasPagoInscripcion\/nota_venta_93.pdf","id_asesor":"80","nombre_persona":"OBERTO SEGUNDO ROMERO  GARCES","nro_identidad":"003280193","num_unidad":"269","nombre_asesor":null,"tipo_persona":"conductor","tipo_pago":"cuotas","estado_contrato":null,"facturado":"0","fecha_facturacion":null}
[14-Mar-2026 10:13:41 America/Lima] Fila encontrada: {"id_pago":"84","monto":"200.00","fecha_emision":"2025-04-03 09:44:25","ruta":"files\/notasPagoInscripcion\/nota_venta_92.pdf","id_asesor":"80","nombre_persona":"EDGAR MAURO CANAZA YUCRA","nro_identidad":"76822310","num_unidad":"249","nombre_asesor":null,"tipo_persona":"conductor","tipo_pago":"cuotas","estado_contrato":null,"facturado":"0","fecha_facturacion":null}
[14-Mar-2026 10:13:41 America/Lima] Fila encontrada: {"id_pago":"83","monto":"50.00","fecha_emision":"2025-04-02 12:12:37","ruta":"files\/notasPagoInscripcion\/nota_venta_91.pdf","id_asesor":"80","nombre_persona":"MIRKO MOISES FLORES CASTILLO","nro_identidad":"46113743","num_unidad":"267","nombre_asesor":null,"tipo_persona":"conductor","tipo_pago":"cuotas","estado_contrato":null,"facturado":"0","fecha_facturacion":null}
[14-Mar-2026 10:13:41 America/Lima] Fila encontrada: {"id_pago":"82","monto":"50.00","fecha_emision":"2025-04-02 11:09:24","ruta":"files\/notasPagoInscripcion\/nota_venta_90.pdf","id_asesor":"80","nombre_persona":"ADOLFO RODRIGO LARICO MAMANI","nro_identidad":"44285524","num_unidad":"268","nombre_asesor":null,"tipo_persona":"conductor","tipo_pago":"cuotas","estado_contrato":null,"facturado":"0","fecha_facturacion":null}
[14-Mar-2026 10:13:41 America/Lima] Fila encontrada: {"id_pago":"81","monto":"50.00","fecha_emision":"2025-04-02 10:21:12","ruta":"files\/notasPagoInscripcion\/nota_venta_89.pdf","id_asesor":"80","nombre_persona":"ITALO LUCIANO CCAMA JUAREZ","nro_identidad":"76055912","num_unidad":"266","nombre_asesor":null,"tipo_persona":"conductor","tipo_pago":"cuotas","estado_contrato":null,"facturado":"0","fecha_facturacion":null}
[14-Mar-2026 10:13:41 America/Lima] Fila encontrada: {"id_pago":"80","monto":"100.00","fecha_emision":"2025-03-31 14:48:58","ruta":"files\/notasPagoInscripcion\/nota_venta_349.pdf","id_asesor":"83","nombre_persona":"CARLOS ALBERTO LLUTARI HERRERA","nro_identidad":"46735447","num_unidad":"272","nombre_asesor":"Angel Mu\u00f1oz","tipo_persona":"conductor","tipo_pago":"cuotas","estado_contrato":null,"facturado":"0","fecha_facturacion":null}
[14-Mar-2026 10:13:41 America/Lima] Fila encontrada: {"id_pago":"79","monto":"50.00","fecha_emision":"2025-03-28 09:42:00","ruta":"files\/notasPagoInscripcion\/nota_venta_87.pdf","id_asesor":"80","nombre_persona":"OBERTO SEGUNDO ROMERO  GARCES","nro_identidad":"003280193","num_unidad":"269","nombre_asesor":null,"tipo_persona":"conductor","tipo_pago":"cuotas","estado_contrato":null,"facturado":"0","fecha_facturacion":null}
[14-Mar-2026 10:13:41 America/Lima] Fila encontrada: {"id_pago":"77","monto":"50.00","fecha_emision":"2025-03-28 09:36:39","ruta":"files\/notasPagoInscripcion\/nota_venta_85.pdf","id_asesor":"80","nombre_persona":"LUIS DANIEL HURTADO BLANCO","nro_identidad":"03165444","num_unidad":"262","nombre_asesor":null,"tipo_persona":"conductor","tipo_pago":"cuotas","estado_contrato":null,"facturado":"0","fecha_facturacion":null}
[14-Mar-2026 10:13:41 America/Lima] Fila encontrada: {"id_pago":"78","monto":"50.00","fecha_emision":"2025-03-28 09:36:39","ruta":"files\/notasPagoInscripcion\/nota_venta_86.pdf","id_asesor":"80","nombre_persona":"LUIS DANIEL HURTADO BLANCO","nro_identidad":"03165444","num_unidad":"262","nombre_asesor":null,"tipo_persona":"conductor","tipo_pago":"cuotas","estado_contrato":null,"facturado":"0","fecha_facturacion":null}
[14-Mar-2026 10:13:41 America/Lima] Fila encontrada: {"id_pago":"76","monto":"50.00","fecha_emision":"2025-03-27 19:40:45","ruta":"files\/notasPagoInscripcion\/nota_venta_84.pdf","id_asesor":"83","nombre_persona":"RENE ALFONSO PUMA HUANCARA","nro_identidad":"44935157","num_unidad":"265","nombre_asesor":"Angel Mu\u00f1oz","tipo_persona":"conductor","tipo_pago":"cuotas","estado_contrato":null,"facturado":"0","fecha_facturacion":null}
[14-Mar-2026 10:13:41 America/Lima] Fila encontrada: {"id_pago":"75","monto":"50.00","fecha_emision":"2025-03-26 15:44:18","ruta":"files\/notasPagoInscripcion\/nota_venta_83.pdf","id_asesor":"83","nombre_persona":"ANDREI ENRIQUE RINCON MONTIEL","nro_identidad":"17737101","num_unidad":"263","nombre_asesor":"Angel Mu\u00f1oz","tipo_persona":"conductor","tipo_pago":"cuotas","estado_contrato":null,"facturado":"0","fecha_facturacion":null}
[14-Mar-2026 10:13:41 America/Lima] Fila encontrada: {"id_pago":"74","monto":"50.00","fecha_emision":"2025-03-26 15:41:53","ruta":"files\/notasPagoInscripcion\/nota_venta_82.pdf","id_asesor":"83","nombre_persona":"OSCAR ENRIQUE NU\u00d1EZ BUTRON","nro_identidad":"43741218","num_unidad":"261","nombre_asesor":"Angel Mu\u00f1oz","tipo_persona":"conductor","tipo_pago":"cuotas","estado_contrato":null,"facturado":"0","fecha_facturacion":null}
[14-Mar-2026 10:13:41 America/Lima] Fila encontrada: {"id_pago":"73","monto":"50.00","fecha_emision":"2025-03-26 12:55:16","ruta":"files\/notasPagoInscripcion\/nota_venta_81.pdf","id_asesor":"80","nombre_persona":"ADOLFO RODRIGO LARICO MAMANI","nro_identidad":"44285524","num_unidad":"268","nombre_asesor":null,"tipo_persona":"conductor","tipo_pago":"cuotas","estado_contrato":null,"facturado":"0","fecha_facturacion":null}
[14-Mar-2026 10:13:41 America/Lima] Fila encontrada: {"id_pago":"72","monto":"50.00","fecha_emision":"2025-03-26 12:54:00","ruta":"files\/notasPagoInscripcion\/nota_venta_80.pdf","id_asesor":"80","nombre_persona":"RENE ALFONSO PUMA HUANCARA","nro_identidad":"44935157","num_unidad":"265","nombre_asesor":null,"tipo_persona":"conductor","tipo_pago":"cuotas","estado_contrato":null,"facturado":"0","fecha_facturacion":null}
[14-Mar-2026 10:13:41 America/Lima] Fila encontrada: {"id_pago":"71","monto":"150.00","fecha_emision":"2025-03-26 12:51:20","ruta":"files\/notasPagoInscripcion\/nota_venta_79.pdf","id_asesor":"80","nombre_persona":"MIGUEL ANGEL ZAVALA BARRA","nro_identidad":"42918607","num_unidad":"259","nombre_asesor":null,"tipo_persona":"conductor","tipo_pago":"cuotas","estado_contrato":null,"facturado":"0","fecha_facturacion":null}
[14-Mar-2026 10:13:41 America/Lima] Fila encontrada: {"id_pago":"70","monto":"250.00","fecha_emision":"2025-03-26 12:50:30","ruta":"files\/notasPagoInscripcion\/nota_venta_78.pdf","id_asesor":"80","nombre_persona":"FRANK GABRIEL CANO MULLIZACA","nro_identidad":"41461862","num_unidad":"258","nombre_asesor":null,"tipo_persona":"conductor","tipo_pago":"cuotas","estado_contrato":null,"facturado":"0","fecha_facturacion":null}
[14-Mar-2026 10:13:41 America/Lima] Fila encontrada: {"id_pago":"69","monto":"250.00","fecha_emision":"2025-03-26 12:48:46","ruta":"files\/notasPagoInscripcion\/nota_venta_77.pdf","id_asesor":"80","nombre_persona":"ELVIS GODOFREDO ALVAREZ SALAZAR","nro_identidad":"43616046","num_unidad":"257","nombre_asesor":null,"tipo_persona":"conductor","tipo_pago":"cuotas","estado_contrato":null,"facturado":"0","fecha_facturacion":null}
[14-Mar-2026 10:13:41 America/Lima] Fila encontrada: {"id_pago":"68","monto":"250.00","fecha_emision":"2025-03-26 12:47:54","ruta":"files\/notasPagoInscripcion\/nota_venta_76.pdf","id_asesor":"80","nombre_persona":"CARLOS ELMER VILCA ASQUI","nro_identidad":"42161827","num_unidad":"255","nombre_asesor":null,"tipo_persona":"conductor","tipo_pago":"cuotas","estado_contrato":null,"facturado":"0","fecha_facturacion":null}
[14-Mar-2026 10:13:41 America/Lima] Fila encontrada: {"id_pago":"67","monto":"250.00","fecha_emision":"2025-03-26 12:47:14","ruta":"files\/notasPagoInscripcion\/nota_venta_75.pdf","id_asesor":"80","nombre_persona":"DAVID POCOHUANCA ALEJO","nro_identidad":"72481612","num_unidad":"254","nombre_asesor":null,"tipo_persona":"conductor","tipo_pago":"cuotas","estado_contrato":null,"facturado":"0","fecha_facturacion":null}
[14-Mar-2026 10:13:41 America/Lima] Fila encontrada: {"id_pago":"66","monto":"250.00","fecha_emision":"2025-03-26 12:43:50","ruta":"files\/notasPagoInscripcion\/nota_venta_74.pdf","id_asesor":"80","nombre_persona":"GIANMARCO EDSON NIETO LINARES","nro_identidad":"47844273","num_unidad":"253","nombre_asesor":null,"tipo_persona":"conductor","tipo_pago":"cuotas","estado_contrato":null,"facturado":"0","fecha_facturacion":null}
[14-Mar-2026 10:13:41 America/Lima] Fila encontrada: {"id_pago":"65","monto":"250.00","fecha_emision":"2025-03-26 12:42:22","ruta":"files\/notasPagoInscripcion\/nota_venta_73.pdf","id_asesor":"80","nombre_persona":"ARTURO PEDRO LLACHO QUISPE","nro_identidad":"47391287","num_unidad":"252","nombre_asesor":null,"tipo_persona":"conductor","tipo_pago":"cuotas","estado_contrato":null,"facturado":"0","fecha_facturacion":null}
[14-Mar-2026 10:13:41 America/Lima] Fila encontrada: {"id_pago":"64","monto":"250.00","fecha_emision":"2025-03-26 12:40:28","ruta":"files\/notasPagoInscripcion\/nota_venta_72.pdf","id_asesor":"80","nombre_persona":"JAIME GREGORIO ARENAS SANDOVAL","nro_identidad":"29566254","num_unidad":"251","nombre_asesor":null,"tipo_persona":"conductor","tipo_pago":"cuotas","estado_contrato":null,"facturado":"0","fecha_facturacion":null}
[14-Mar-2026 10:13:41 America/Lima] Fila encontrada: {"id_pago":"63","monto":"150.00","fecha_emision":"2025-03-26 12:33:03","ruta":"files\/notasPagoInscripcion\/nota_venta_71.pdf","id_asesor":"80","nombre_persona":"HUBERT JESUS ALVAREZ MAMANI","nro_identidad":"40198998","num_unidad":"248","nombre_asesor":null,"tipo_persona":"conductor","tipo_pago":"cuotas","estado_contrato":null,"facturado":"0","fecha_facturacion":null}
[14-Mar-2026 10:13:41 America/Lima] Fila encontrada: {"id_pago":"62","monto":"200.00","fecha_emision":"2025-03-26 12:28:51","ruta":"files\/notasPagoInscripcion\/nota_venta_70.pdf","id_asesor":"80","nombre_persona":"ALEJANDRO MESIAS OSORIO","nro_identidad":"001494887","num_unidad":"246","nombre_asesor":null,"tipo_persona":"conductor","tipo_pago":"cuotas","estado_contrato":null,"facturado":"0","fecha_facturacion":null}
[14-Mar-2026 10:13:41 America/Lima] Fila encontrada: {"id_pago":"61","monto":"150.00","fecha_emision":"2025-03-26 12:26:22","ruta":"files\/notasPagoInscripcion\/nota_venta_69.pdf","id_asesor":"80","nombre_persona":"JOHNNY ABEL YEPEZ CHURA","nro_identidad":"46617912","num_unidad":"244","nombre_asesor":null,"tipo_persona":"conductor","tipo_pago":"cuotas","estado_contrato":null,"facturado":"0","fecha_facturacion":null}
[14-Mar-2026 10:13:41 America/Lima] Fila encontrada: {"id_pago":"60","monto":"250.00","fecha_emision":"2025-03-26 12:19:28","ruta":"files\/notasPagoInscripcion\/nota_venta_348.pdf","id_asesor":"80","nombre_persona":"ERICK MANUEL CONDORI TANTALEAN","nro_identidad":"46670465","num_unidad":"242","nombre_asesor":null,"tipo_persona":"conductor","tipo_pago":"contado","estado_contrato":null,"facturado":"0","fecha_facturacion":null}
[14-Mar-2026 10:13:41 America/Lima] Fila encontrada: {"id_pago":"59","monto":"200.00","fecha_emision":"2025-03-26 12:11:46","ruta":"files\/notasPagoInscripcion\/nota_venta_347.pdf","id_asesor":"80","nombre_persona":"JHONATHAN ALEJANDRO MARQUEZ BURGOS","nro_identidad":"007571986","num_unidad":"237","nombre_asesor":null,"tipo_persona":"conductor","tipo_pago":"contado","estado_contrato":null,"facturado":"0","fecha_facturacion":null}
[14-Mar-2026 10:13:41 America/Lima] Fila encontrada: {"id_pago":"58","monto":"100.00","fecha_emision":"2025-03-24 16:51:20","ruta":"files\/notasPagoInscripcion\/nota_venta_346.pdf","id_asesor":"81","nombre_persona":"MIGUEL ANGEL CONDORI SALAS","nro_identidad":"75185244","num_unidad":"271","nombre_asesor":null,"tipo_persona":"conductor","tipo_pago":"cuotas","estado_contrato":null,"facturado":"0","fecha_facturacion":null}
[14-Mar-2026 10:13:41 America/Lima] Fila encontrada: {"id_pago":"57","monto":"50.00","fecha_emision":"2025-03-24 14:05:40","ruta":"files\/notasPagoInscripcion\/nota_venta_65.pdf","id_asesor":"80","nombre_persona":"ERICK MANUEL CONDORI TANTALEAN","nro_identidad":"46670465","num_unidad":"242","nombre_asesor":null,"tipo_persona":"conductor","tipo_pago":"cuotas","estado_contrato":null,"facturado":"0","fecha_facturacion":null}
[14-Mar-2026 10:13:41 America/Lima] Fila encontrada: {"id_pago":"56","monto":"100.00","fecha_emision":"2025-03-22 12:33:39","ruta":"files\/notasPagoInscripcion\/nota_venta_345.pdf","id_asesor":"83","nombre_persona":"GABRIEL ANTONIO MONTA\u00d1O RUIZ","nro_identidad":"006512363","num_unidad":"270","nombre_asesor":"Angel Mu\u00f1oz","tipo_persona":"conductor","tipo_pago":"cuotas","estado_contrato":null,"facturado":"0","fecha_facturacion":null}
[14-Mar-2026 10:13:41 America/Lima] Fila encontrada: {"id_pago":"55","monto":"250.00","fecha_emision":"2025-03-22 11:53:45","ruta":"files\/notasPagoInscripcion\/nota_venta_63.pdf","id_asesor":"83","nombre_persona":"SERGIO ANDRE CALCINA MANCHEGO","nro_identidad":"76408958","num_unidad":"250","nombre_asesor":"Angel Mu\u00f1oz","tipo_persona":"conductor","tipo_pago":"cuotas","estado_contrato":null,"facturado":"0","fecha_facturacion":null}
[14-Mar-2026 10:13:41 America/Lima] Fila encontrada: {"id_pago":"54","monto":"50.00","fecha_emision":"2025-03-22 11:39:05","ruta":"files\/notasPagoInscripcion\/nota_venta_62.pdf","id_asesor":"83","nombre_persona":"MIRKO MOISES FLORES CASTILLO","nro_identidad":"46113743","num_unidad":"267","nombre_asesor":"Angel Mu\u00f1oz","tipo_persona":"conductor","tipo_pago":"cuotas","estado_contrato":null,"facturado":"0","fecha_facturacion":null}
[14-Mar-2026 10:13:41 America/Lima] Fila encontrada: {"id_pago":"53","monto":"50.00","fecha_emision":"2025-03-21 20:37:18","ruta":"files\/notasPagoInscripcion\/nota_venta_61.pdf","id_asesor":"82","nombre_persona":"DIEGO MIGUEL ARRIARAN HERRERA","nro_identidad":"73061472","num_unidad":"256","nombre_asesor":"Leslie Machaca","tipo_persona":"conductor","tipo_pago":"cuotas","estado_contrato":null,"facturado":"0","fecha_facturacion":null}
[14-Mar-2026 10:13:41 America/Lima] Fila encontrada: {"id_pago":"52","monto":"50.00","fecha_emision":"2025-03-21 20:34:36","ruta":"files\/notasPagoInscripcion\/nota_venta_60.pdf","id_asesor":"82","nombre_persona":"DIEGO MIGUEL ARRIARAN HERRERA","nro_identidad":"73061472","num_unidad":"256","nombre_asesor":"Leslie Machaca","tipo_persona":"conductor","tipo_pago":"cuotas","estado_contrato":null,"facturado":"0","fecha_facturacion":null}
[14-Mar-2026 10:13:41 America/Lima] Fila encontrada: {"id_pago":"51","monto":"50.00","fecha_emision":"2025-03-21 20:24:11","ruta":"files\/notasPagoInscripcion\/nota_venta_59.pdf","id_asesor":"82","nombre_persona":"LUIS DANIEL HURTADO BLANCO","nro_identidad":"03165444","num_unidad":"262","nombre_asesor":"Leslie Machaca","tipo_persona":"conductor","tipo_pago":"cuotas","estado_contrato":null,"facturado":"0","fecha_facturacion":null}
[14-Mar-2026 10:13:41 America/Lima] Fila encontrada: {"id_pago":"50","monto":"100.00","fecha_emision":"2025-03-20 12:50:55","ruta":"files\/notasPagoInscripcion\/nota_venta_344.pdf","id_asesor":"80","nombre_persona":"OBERTO SEGUNDO ROMERO  GARCES","nro_identidad":"003280193","num_unidad":"269","nombre_asesor":null,"tipo_persona":"conductor","tipo_pago":"cuotas","estado_contrato":null,"facturado":"0","fecha_facturacion":null}
[14-Mar-2026 10:13:41 America/Lima] Fila encontrada: {"id_pago":"49","monto":"100.00","fecha_emision":"2025-03-20 12:47:12","ruta":"files\/notasPagoInscripcion\/nota_venta_343.pdf","id_asesor":"83","nombre_persona":"OBERTO SEGUNDO ROMERO  GARCES","nro_identidad":"003280193","num_unidad":"269","nombre_asesor":"Angel Mu\u00f1oz","tipo_persona":"conductor","tipo_pago":"cuotas","estado_contrato":null,"facturado":"0","fecha_facturacion":null}
[14-Mar-2026 10:13:41 America/Lima] Fila encontrada: {"id_pago":"48","monto":"50.00","fecha_emision":"2025-03-20 12:17:18","ruta":"files\/notasPagoInscripcion\/nota_venta_56.pdf","id_asesor":"80","nombre_persona":"EDGAR MAURO CANAZA YUCRA","nro_identidad":"76822310","num_unidad":"249","nombre_asesor":null,"tipo_persona":"conductor","tipo_pago":"cuotas","estado_contrato":null,"facturado":"0","fecha_facturacion":null}
[14-Mar-2026 10:13:41 America/Lima] Fila encontrada: {"id_pago":"47","monto":"250.00","fecha_emision":"2025-03-20 10:20:43","ruta":"files\/notasPagoInscripcion\/nota_venta_55.pdf","id_asesor":"80","nombre_persona":"ULISES AVELINO CHAMBI VALDIVIA","nro_identidad":"47385683","num_unidad":"260","nombre_asesor":null,"tipo_persona":"conductor","tipo_pago":"cuotas","estado_contrato":null,"facturado":"0","fecha_facturacion":null}
[14-Mar-2026 10:13:41 America/Lima] Fila encontrada: {"id_pago":"46","monto":"200.00","fecha_emision":"2025-03-20 10:09:30","ruta":"files\/notasPagoInscripcion\/nota_venta_54.pdf","id_asesor":"80","nombre_persona":"JOSUE RANDU CABANA PALOMINO","nro_identidad":"76585536","num_unidad":"247","nombre_asesor":null,"tipo_persona":"conductor","tipo_pago":"cuotas","estado_contrato":null,"facturado":"0","fecha_facturacion":null}
[14-Mar-2026 10:13:41 America/Lima] Fila encontrada: {"id_pago":"45","monto":"50.00","fecha_emision":"2025-03-20 10:08:35","ruta":"files\/notasPagoInscripcion\/nota_venta_342.pdf","id_asesor":"80","nombre_persona":"JOSUE RANDU CABANA PALOMINO","nro_identidad":"76585536","num_unidad":"247","nombre_asesor":null,"tipo_persona":"conductor","tipo_pago":"cuotas","estado_contrato":null,"facturado":"0","fecha_facturacion":null}
[14-Mar-2026 10:13:41 America/Lima] Fila encontrada: {"id_pago":"44","monto":"250.00","fecha_emision":"2025-03-20 10:03:48","ruta":"files\/notasPagoInscripcion\/nota_venta_52.pdf","id_asesor":"80","nombre_persona":"JUAN CARLOS RIVERA SUCLLA","nro_identidad":"43480906","num_unidad":"142","nombre_asesor":null,"tipo_persona":"conductor","tipo_pago":"cuotas","estado_contrato":null,"facturado":"0","fecha_facturacion":null}
[14-Mar-2026 10:13:41 America/Lima] Fila encontrada: {"id_pago":"43","monto":"200.00","fecha_emision":"2025-03-19 19:49:40","ruta":"files\/notasPagoInscripcion\/nota_venta_51.pdf","id_asesor":"82","nombre_persona":"OSCAR ENRIQUE NU\u00d1EZ BUTRON","nro_identidad":"43741218","num_unidad":"261","nombre_asesor":"Leslie Machaca","tipo_persona":"conductor","tipo_pago":"cuotas","estado_contrato":null,"facturado":"0","fecha_facturacion":null}
[14-Mar-2026 10:13:41 America/Lima] Fila encontrada: {"id_pago":"42","monto":"250.00","fecha_emision":"2025-03-19 19:09:13","ruta":"files\/notasPagoInscripcion\/nota_venta_50.pdf","id_asesor":"82","nombre_persona":"DANIEL ALBERTO VILA DIAZ","nro_identidad":"70194858","num_unidad":"245","nombre_asesor":"Leslie Machaca","tipo_persona":"conductor","tipo_pago":"cuotas","estado_contrato":null,"facturado":"0","fecha_facturacion":null}
[14-Mar-2026 10:13:41 America/Lima] Fila encontrada: {"id_pago":"41","monto":"100.00","fecha_emision":"2025-03-19 16:09:48","ruta":"files\/notasPagoInscripcion\/nota_venta_49.pdf","id_asesor":"83","nombre_persona":"ANDREI ENRIQUE RINCON MONTIEL","nro_identidad":"17737101","num_unidad":"263","nombre_asesor":"Angel Mu\u00f1oz","tipo_persona":"conductor","tipo_pago":"cuotas","estado_contrato":null,"facturado":"0","fecha_facturacion":null}
[14-Mar-2026 10:13:41 America/Lima] Fila encontrada: {"id_pago":"40","monto":"100.00","fecha_emision":"2025-03-19 14:32:33","ruta":"files\/notasPagoInscripcion\/nota_venta_341.pdf","id_asesor":"80","nombre_persona":"ADOLFO RODRIGO LARICO MAMANI","nro_identidad":"44285524","num_unidad":"268","nombre_asesor":null,"tipo_persona":"conductor","tipo_pago":"cuotas","estado_contrato":null,"facturado":"0","fecha_facturacion":null}
[14-Mar-2026 10:13:41 America/Lima] Fila encontrada: {"id_pago":"39","monto":"100.00","fecha_emision":"2025-03-19 14:24:00","ruta":"files\/notasPagoInscripcion\/nota_venta_47.pdf","id_asesor":"80","nombre_persona":"LUIS DANIEL HURTADO BLANCO","nro_identidad":"03165444","num_unidad":"262","nombre_asesor":null,"tipo_persona":"conductor","tipo_pago":"cuotas","estado_contrato":null,"facturado":"0","fecha_facturacion":null}
[14-Mar-2026 10:13:41 America/Lima] Fila encontrada: {"id_pago":"38","monto":"50.00","fecha_emision":"2025-03-19 14:23:39","ruta":"files\/notasPagoInscripcion\/nota_venta_340.pdf","id_asesor":"80","nombre_persona":"LUIS DANIEL HURTADO BLANCO","nro_identidad":"03165444","num_unidad":"262","nombre_asesor":null,"tipo_persona":"conductor","tipo_pago":"cuotas","estado_contrato":null,"facturado":"0","fecha_facturacion":null}
[14-Mar-2026 10:13:41 America/Lima] Fila encontrada: {"id_pago":"37","monto":"50.00","fecha_emision":"2025-03-17 19:05:21","ruta":"files\/notasPagoInscripcion\/nota_venta_45.pdf","id_asesor":"81","nombre_persona":"RENE ALFONSO PUMA HUANCARA","nro_identidad":"44935157","num_unidad":"265","nombre_asesor":null,"tipo_persona":"conductor","tipo_pago":"cuotas","estado_contrato":null,"facturado":"0","fecha_facturacion":null}
[14-Mar-2026 10:13:41 America/Lima] Fila encontrada: {"id_pago":"34","monto":"150.00","fecha_emision":"2025-03-17 10:36:39","ruta":"files\/notasPagoInscripcion\/nota_venta_42.pdf","id_asesor":"82","nombre_persona":"DIEGO MIGUEL ARRIARAN HERRERA","nro_identidad":"73061472","num_unidad":"256","nombre_asesor":"Leslie Machaca","tipo_persona":"conductor","tipo_pago":"cuotas","estado_contrato":null,"facturado":"0","fecha_facturacion":null}
[14-Mar-2026 10:13:41 America/Lima] Fila encontrada: {"id_pago":"32","monto":"50.00","fecha_emision":"2025-03-17 09:23:03","ruta":"files\/notasPagoInscripcion\/nota_venta_40.pdf","id_asesor":"78","nombre_persona":"MIRKO MOISES FLORES CASTILLO","nro_identidad":"46113743","num_unidad":"267","nombre_asesor":"GianJesus Ramos","tipo_persona":"conductor","tipo_pago":"cuotas","estado_contrato":null,"facturado":"0","fecha_facturacion":null}
[14-Mar-2026 10:13:41 America/Lima] Fila encontrada: {"id_pago":"31","monto":"100.00","fecha_emision":"2025-03-17 09:17:18","ruta":"files\/notasPagoInscripcion\/nota_venta_338.pdf","id_asesor":"80","nombre_persona":"MIRKO MOISES FLORES CASTILLO","nro_identidad":"46113743","num_unidad":"267","nombre_asesor":null,"tipo_persona":"conductor","tipo_pago":"cuotas","estado_contrato":null,"facturado":"0","fecha_facturacion":null}
[14-Mar-2026 10:13:41 America/Lima] Fila encontrada: {"id_pago":"30","monto":"100.00","fecha_emision":"2025-03-17 09:13:11","ruta":"files\/notasPagoInscripcion\/nota_venta_337.pdf","id_asesor":"78","nombre_persona":"MIRKO MOISES FLORES CASTILLO","nro_identidad":"46113743","num_unidad":"267","nombre_asesor":"GianJesus Ramos","tipo_persona":"conductor","tipo_pago":"cuotas","estado_contrato":null,"facturado":"0","fecha_facturacion":null}
[14-Mar-2026 10:13:41 America/Lima] Fila encontrada: {"id_pago":"25","monto":"150.00","fecha_emision":"2025-03-12 14:19:47","ruta":"files\/notasPagoInscripcion\/nota_venta_33.pdf","id_asesor":"80","nombre_persona":"ERICK MANUEL CONDORI TANTALEAN","nro_identidad":"46670465","num_unidad":"242","nombre_asesor":null,"tipo_persona":"conductor","tipo_pago":"cuotas","estado_contrato":null,"facturado":"0","fecha_facturacion":null}
[14-Mar-2026 10:13:41 America/Lima] Fila encontrada: {"id_pago":"315","monto":"200.00","fecha_emision":"2025-03-12 00:00:00","ruta":null,"id_asesor":null,"nombre_persona":"LEYSON FRANCKLIN MONTOYA ANCO","nro_identidad":"46549235","num_unidad":"214","nombre_asesor":null,"tipo_persona":"conductor","tipo_pago":"contado","estado_contrato":null,"facturado":"0","fecha_facturacion":null}
[14-Mar-2026 10:13:41 America/Lima] Fila encontrada: {"id_pago":"316","monto":"200.00","fecha_emision":"2025-03-12 00:00:00","ruta":null,"id_asesor":null,"nombre_persona":"GIANCARLO MARAZO  COSY","nro_identidad":"45354419","num_unidad":"215","nombre_asesor":null,"tipo_persona":"conductor","tipo_pago":"contado","estado_contrato":null,"facturado":"0","fecha_facturacion":null}
[14-Mar-2026 10:13:41 America/Lima] Fila encontrada: {"id_pago":"317","monto":"200.00","fecha_emision":"2025-03-12 00:00:00","ruta":null,"id_asesor":null,"nombre_persona":"GLEN CARLO ALVAREZ NU\u00d1EZ","nro_identidad":"42187225","num_unidad":"217","nombre_asesor":null,"tipo_persona":"conductor","tipo_pago":"contado","estado_contrato":null,"facturado":"0","fecha_facturacion":null}
[14-Mar-2026 10:13:41 America/Lima] Fila encontrada: {"id_pago":"318","monto":"200.00","fecha_emision":"2025-03-12 00:00:00","ruta":null,"id_asesor":null,"nombre_persona":"ILDER INUMA ARCE","nro_identidad":"47141222","num_unidad":"219","nombre_asesor":null,"tipo_persona":"conductor","tipo_pago":"contado","estado_contrato":null,"facturado":"0","fecha_facturacion":null}
[14-Mar-2026 10:13:41 America/Lima] Fila encontrada: {"id_pago":"319","monto":"200.00","fecha_emision":"2025-03-12 00:00:00","ruta":null,"id_asesor":null,"nombre_persona":"JUAN CARLOS  HANCCO YUCRA","nro_identidad":"41656784","num_unidad":"224","nombre_asesor":null,"tipo_persona":"conductor","tipo_pago":"contado","estado_contrato":null,"facturado":"0","fecha_facturacion":null}
[14-Mar-2026 10:13:41 America/Lima] Fila encontrada: {"id_pago":"320","monto":"200.00","fecha_emision":"2025-03-12 00:00:00","ruta":null,"id_asesor":null,"nombre_persona":"MANUEL ENRIQUE  LAZO VILLANUEVA","nro_identidad":"60865426","num_unidad":"225","nombre_asesor":null,"tipo_persona":"conductor","tipo_pago":"contado","estado_contrato":null,"facturado":"0","fecha_facturacion":null}
[14-Mar-2026 10:13:41 America/Lima] Fila encontrada: {"id_pago":"321","monto":"200.00","fecha_emision":"2025-03-12 00:00:00","ruta":null,"id_asesor":null,"nombre_persona":"JOBELL JAIR EDU BENAVENTE ARIZAGA","nro_identidad":"44614705","num_unidad":"227","nombre_asesor":null,"tipo_persona":"conductor","tipo_pago":"contado","estado_contrato":null,"facturado":"0","fecha_facturacion":null}
[14-Mar-2026 10:13:41 America/Lima] Fila encontrada: {"id_pago":"322","monto":"200.00","fecha_emision":"2025-03-12 00:00:00","ruta":null,"id_asesor":null,"nombre_persona":"RONALD LUIS ZAPANA COQUE\u00d1A","nro_identidad":"73240449","num_unidad":"228","nombre_asesor":null,"tipo_persona":"conductor","tipo_pago":"contado","estado_contrato":null,"facturado":"0","fecha_facturacion":null}
[14-Mar-2026 10:13:41 America/Lima] Fila encontrada: {"id_pago":"324","monto":"200.00","fecha_emision":"2025-03-12 00:00:00","ruta":null,"id_asesor":null,"nombre_persona":"LUIS FERNANDO HERRERA HUAMAN","nro_identidad":"73144601","num_unidad":"230","nombre_asesor":null,"tipo_persona":"conductor","tipo_pago":"contado","estado_contrato":null,"facturado":"0","fecha_facturacion":null}
[14-Mar-2026 10:13:41 America/Lima] Fila encontrada: {"id_pago":"326","monto":"200.00","fecha_emision":"2025-03-12 00:00:00","ruta":null,"id_asesor":null,"nombre_persona":"JEAN CARLO FERNANDO CHIRINOS GARCIA","nro_identidad":"75150703","num_unidad":"234","nombre_asesor":null,"tipo_persona":"conductor","tipo_pago":"contado","estado_contrato":null,"facturado":"0","fecha_facturacion":null}
[14-Mar-2026 10:13:41 America/Lima] Fila encontrada: {"id_pago":"327","monto":"200.00","fecha_emision":"2025-03-12 00:00:00","ruta":null,"id_asesor":null,"nombre_persona":"CARLOS ANTONIO MANZANARES MOLINA","nro_identidad":"62593589","num_unidad":"235","nombre_asesor":null,"tipo_persona":"conductor","tipo_pago":"contado","estado_contrato":null,"facturado":"0","fecha_facturacion":null}
[14-Mar-2026 10:13:41 America/Lima] Fila encontrada: {"id_pago":"329","monto":"250.00","fecha_emision":"2025-03-12 00:00:00","ruta":null,"id_asesor":null,"nombre_persona":"JORGE EDUARDO CISNEROS PAREDES","nro_identidad":"73341621","num_unidad":"240","nombre_asesor":null,"tipo_persona":"conductor","tipo_pago":"contado","estado_contrato":null,"facturado":"0","fecha_facturacion":null}
[14-Mar-2026 10:13:41 America/Lima] Fila encontrada: {"id_pago":"292","monto":"100.00","fecha_emision":"2025-02-27 00:00:00","ruta":null,"id_asesor":null,"nombre_persona":"WILBERT UCHASARA GONZALES","nro_identidad":"61839879","num_unidad":"11","nombre_asesor":null,"tipo_persona":"conductor","tipo_pago":"contado","estado_contrato":null,"facturado":"0","fecha_facturacion":null}
[14-Mar-2026 10:13:41 America/Lima] Fila encontrada: {"id_pago":"293","monto":"100.00","fecha_emision":"2025-02-27 00:00:00","ruta":null,"id_asesor":null,"nombre_persona":"DEIVIS AURELIO IBARRA MACEDO","nro_identidad":"41201628","num_unidad":"121","nombre_asesor":null,"tipo_persona":"conductor","tipo_pago":"contado","estado_contrato":null,"facturado":"0","fecha_facturacion":null}
[14-Mar-2026 10:13:41 America/Lima] Fila encontrada: {"id_pago":"247","monto":"100.00","fecha_emision":"2025-02-17 00:00:00","ruta":null,"id_asesor":null,"nombre_persona":"CHRISTIAN NIELS NAVARRETE PEREZ","nro_identidad":"70040425","num_unidad":"180","nombre_asesor":null,"tipo_persona":"conductor","tipo_pago":"contado","estado_contrato":null,"facturado":"0","fecha_facturacion":null}
[14-Mar-2026 10:13:41 America/Lima] Fila encontrada: {"id_pago":"248","monto":"100.00","fecha_emision":"2025-02-17 00:00:00","ruta":null,"id_asesor":null,"nombre_persona":"EDWIN VIZCARRA APAZA","nro_identidad":"46667039","num_unidad":"181","nombre_asesor":null,"tipo_persona":"conductor","tipo_pago":"contado","estado_contrato":null,"facturado":"0","fecha_facturacion":null}
[14-Mar-2026 10:13:41 America/Lima] Fila encontrada: {"id_pago":"249","monto":"150.00","fecha_emision":"2025-02-17 00:00:00","ruta":null,"id_asesor":null,"nombre_persona":"DAVID LLAMOCA GASPAR","nro_identidad":"42961107","num_unidad":"182","nombre_asesor":null,"tipo_persona":"conductor","tipo_pago":"contado","estado_contrato":null,"facturado":"0","fecha_facturacion":null}
[14-Mar-2026 10:13:41 America/Lima] Fila encontrada: {"id_pago":"250","monto":"150.00","fecha_emision":"2025-02-17 00:00:00","ruta":null,"id_asesor":null,"nombre_persona":"GONZALO ALONSO TOLEDO VALENCIA","nro_identidad":"47409600","num_unidad":"203","nombre_asesor":null,"tipo_persona":"conductor","tipo_pago":"contado","estado_contrato":null,"facturado":"0","fecha_facturacion":null}
[14-Mar-2026 10:13:41 America/Lima] Fila encontrada: {"id_pago":"251","monto":"150.00","fecha_emision":"2025-02-17 00:00:00","ruta":null,"id_asesor":null,"nombre_persona":"WILLINGTON DIONI MARTINEZ HUAMAN","nro_identidad":"43405475","num_unidad":"202","nombre_asesor":null,"tipo_persona":"conductor","tipo_pago":"contado","estado_contrato":null,"facturado":"0","fecha_facturacion":null}
[14-Mar-2026 10:13:41 America/Lima] Fila encontrada: {"id_pago":"252","monto":"150.00","fecha_emision":"2025-02-17 00:00:00","ruta":null,"id_asesor":null,"nombre_persona":"JOHN MANUEL TORRES MAMANI","nro_identidad":"71318267","num_unidad":"201","nombre_asesor":null,"tipo_persona":"conductor","tipo_pago":"contado","estado_contrato":null,"facturado":"0","fecha_facturacion":null}
[14-Mar-2026 10:13:41 America/Lima] Fila encontrada: {"id_pago":"253","monto":"150.00","fecha_emision":"2025-02-17 00:00:00","ruta":null,"id_asesor":null,"nombre_persona":"EDER HUANCAPAZA MAMANI","nro_identidad":"45653526","num_unidad":"200","nombre_asesor":null,"tipo_persona":"conductor","tipo_pago":"contado","estado_contrato":null,"facturado":"0","fecha_facturacion":null}
[14-Mar-2026 10:13:41 America/Lima] Fila encontrada: {"id_pago":"254","monto":"100.00","fecha_emision":"2025-02-17 00:00:00","ruta":null,"id_asesor":null,"nombre_persona":"BERNARDINO PAREDES RAMIREZ","nro_identidad":"06038537","num_unidad":"171","nombre_asesor":null,"tipo_persona":"conductor","tipo_pago":"contado","estado_contrato":null,"facturado":"0","fecha_facturacion":null}
[14-Mar-2026 10:13:41 America/Lima] Fila encontrada: {"id_pago":"256","monto":"100.00","fecha_emision":"2025-02-17 00:00:00","ruta":null,"id_asesor":null,"nombre_persona":"KEVIN ABEL APAZA APAZA","nro_identidad":"76967248","num_unidad":"172","nombre_asesor":null,"tipo_persona":"conductor","tipo_pago":"contado","estado_contrato":null,"facturado":"0","fecha_facturacion":null}
[14-Mar-2026 10:13:41 America/Lima] Fila encontrada: {"id_pago":"257","monto":"100.00","fecha_emision":"2025-02-17 00:00:00","ruta":null,"id_asesor":null,"nombre_persona":"JIMMY MICHAEL ZU\u00d1IGA COLLADO","nro_identidad":"41930342","num_unidad":"173","nombre_asesor":null,"tipo_persona":"conductor","tipo_pago":"contado","estado_contrato":null,"facturado":"0","fecha_facturacion":null}
[14-Mar-2026 10:13:41 America/Lima] Fila encontrada: {"id_pago":"258","monto":"100.00","fecha_emision":"2025-02-17 00:00:00","ruta":null,"id_asesor":null,"nombre_persona":"CARLOS ALONSO APAZA PALLI","nro_identidad":"74917700","num_unidad":"174","nombre_asesor":null,"tipo_persona":"conductor","tipo_pago":"contado","estado_contrato":null,"facturado":"0","fecha_facturacion":null}
[14-Mar-2026 10:13:41 America/Lima] Fila encontrada: {"id_pago":"259","monto":"100.00","fecha_emision":"2025-02-17 00:00:00","ruta":null,"id_asesor":null,"nombre_persona":"RONALD JUNIOR APAZA SUCAPUCA","nro_identidad":"74943392","num_unidad":"175","nombre_asesor":null,"tipo_persona":"conductor","tipo_pago":"contado","estado_contrato":null,"facturado":"0","fecha_facturacion":null}
[14-Mar-2026 10:13:41 America/Lima] Fila encontrada: {"id_pago":"260","monto":"100.00","fecha_emision":"2025-02-17 00:00:00","ruta":null,"id_asesor":null,"nombre_persona":"JEAN PIERRE PUMA PILLCO","nro_identidad":"47750093","num_unidad":"179","nombre_asesor":null,"tipo_persona":"conductor","tipo_pago":"contado","estado_contrato":null,"facturado":"0","fecha_facturacion":null}
[14-Mar-2026 10:13:41 America/Lima] Fila encontrada: {"id_pago":"261","monto":"100.00","fecha_emision":"2025-02-17 00:00:00","ruta":null,"id_asesor":null,"nombre_persona":"JOEL JOSHUA PUMA PILLCO","nro_identidad":"77144330","num_unidad":"178","nombre_asesor":null,"tipo_persona":"conductor","tipo_pago":"contado","estado_contrato":null,"facturado":"0","fecha_facturacion":null}
[14-Mar-2026 10:13:41 America/Lima] Fila encontrada: {"id_pago":"262","monto":"100.00","fecha_emision":"2025-02-17 00:00:00","ruta":null,"id_asesor":null,"nombre_persona":"JUAN CARLOS QUISPE CCALLO","nro_identidad":"46180474","num_unidad":"177","nombre_asesor":null,"tipo_persona":"conductor","tipo_pago":"contado","estado_contrato":null,"facturado":"0","fecha_facturacion":null}
[14-Mar-2026 10:13:41 America/Lima] Fila encontrada: {"id_pago":"263","monto":"100.00","fecha_emision":"2025-02-17 00:00:00","ruta":null,"id_asesor":null,"nombre_persona":"ALVARO GREGORIO ALVAREZ QUISPE","nro_identidad":"44872788","num_unidad":"176","nombre_asesor":null,"tipo_persona":"conductor","tipo_pago":"contado","estado_contrato":null,"facturado":"0","fecha_facturacion":null}
[14-Mar-2026 10:13:41 America/Lima] Fila encontrada: {"id_pago":"264","monto":"100.00","fecha_emision":"2025-02-17 00:00:00","ruta":null,"id_asesor":null,"nombre_persona":"WILSON ALEX COPARA QUISPE","nro_identidad":"44240229","num_unidad":"99","nombre_asesor":null,"tipo_persona":"conductor","tipo_pago":"contado","estado_contrato":null,"facturado":"0","fecha_facturacion":null}
[14-Mar-2026 10:13:41 America/Lima] Fila encontrada: {"id_pago":"265","monto":"100.00","fecha_emision":"2025-02-17 00:00:00","ruta":null,"id_asesor":null,"nombre_persona":"LUIS REY QUISPE MAMANI","nro_identidad":"44224652","num_unidad":"100","nombre_asesor":null,"tipo_persona":"conductor","tipo_pago":"contado","estado_contrato":null,"facturado":"0","fecha_facturacion":null}
[14-Mar-2026 10:13:41 America/Lima] Fila encontrada: {"id_pago":"271","monto":"100.00","fecha_emision":"2025-02-17 00:00:00","ruta":null,"id_asesor":null,"nombre_persona":"ENDERSON ANTONIO GARCIA  ORELLANA","nro_identidad":"002569034","num_unidad":"101","nombre_asesor":null,"tipo_persona":"conductor","tipo_pago":"contado","estado_contrato":null,"facturado":"0","fecha_facturacion":null}
[14-Mar-2026 10:13:41 America/Lima] Fila encontrada: {"id_pago":"222","monto":"150.00","fecha_emision":"2025-02-14 00:00:00","ruta":null,"id_asesor":null,"nombre_persona":"JOSE CARLOS CHAVEZ ORBEGOSO","nro_identidad":"29614322","num_unidad":"198","nombre_asesor":null,"tipo_persona":"conductor","tipo_pago":"contado","estado_contrato":null,"facturado":"0","fecha_facturacion":null}
[14-Mar-2026 10:13:41 America/Lima] Fila encontrada: {"id_pago":"223","monto":"150.00","fecha_emision":"2025-02-14 00:00:00","ruta":null,"id_asesor":null,"nombre_persona":"LEONARDO ALEXANDER NAVARRO ROSAL","nro_identidad":"05777111","num_unidad":"209","nombre_asesor":null,"tipo_persona":"conductor","tipo_pago":"contado","estado_contrato":null,"facturado":"0","fecha_facturacion":null}
[14-Mar-2026 10:13:41 America/Lima] Fila encontrada: {"id_pago":"224","monto":"150.00","fecha_emision":"2025-02-14 00:00:00","ruta":null,"id_asesor":null,"nombre_persona":"MARCO POLO APAZA","nro_identidad":"75213781","num_unidad":"197","nombre_asesor":null,"tipo_persona":"conductor","tipo_pago":"contado","estado_contrato":null,"facturado":"0","fecha_facturacion":null}
[14-Mar-2026 10:13:41 America/Lima] Fila encontrada: {"id_pago":"226","monto":"200.00","fecha_emision":"2025-02-14 00:00:00","ruta":null,"id_asesor":null,"nombre_persona":"MIGUEL ANGEL ITO ARIZAPANA","nro_identidad":"48194897","num_unidad":"211","nombre_asesor":null,"tipo_persona":"conductor","tipo_pago":"contado","estado_contrato":null,"facturado":"0","fecha_facturacion":null}
[14-Mar-2026 10:13:41 America/Lima] Fila encontrada: {"id_pago":"227","monto":"150.00","fecha_emision":"2025-02-14 00:00:00","ruta":null,"id_asesor":null,"nombre_persona":"ELVIS BERLY PILARES ABERANGA","nro_identidad":"43892716","num_unidad":"196","nombre_asesor":null,"tipo_persona":"conductor","tipo_pago":"contado","estado_contrato":null,"facturado":"0","fecha_facturacion":null}
[14-Mar-2026 10:13:41 America/Lima] Fila encontrada: {"id_pago":"228","monto":"150.00","fecha_emision":"2025-02-14 00:00:00","ruta":null,"id_asesor":null,"nombre_persona":"ALEXZANDERT WILBER MACHACA HUAYTA","nro_identidad":"74029795","num_unidad":"195","nombre_asesor":null,"tipo_persona":"conductor","tipo_pago":"contado","estado_contrato":null,"facturado":"0","fecha_facturacion":null}
[14-Mar-2026 10:13:41 America/Lima] Fila encontrada: {"id_pago":"229","monto":"150.00","fecha_emision":"2025-02-14 00:00:00","ruta":null,"id_asesor":null,"nombre_persona":"JONATHAN ENRIQUE CHOQUEHUANCA HUANCA","nro_identidad":"47301919","num_unidad":"188","nombre_asesor":null,"tipo_persona":"conductor","tipo_pago":"contado","estado_contrato":null,"facturado":"0","fecha_facturacion":null}
[14-Mar-2026 10:13:41 America/Lima] Fila encontrada: {"id_pago":"230","monto":"150.00","fecha_emision":"2025-02-14 00:00:00","ruta":null,"id_asesor":null,"nombre_persona":"ERIC JOHAN GARATE VELAZCO","nro_identidad":"45926234","num_unidad":"194","nombre_asesor":null,"tipo_persona":"conductor","tipo_pago":"contado","estado_contrato":null,"facturado":"0","fecha_facturacion":null}
[14-Mar-2026 10:13:41 America/Lima] Fila encontrada: {"id_pago":"231","monto":"150.00","fecha_emision":"2025-02-14 00:00:00","ruta":null,"id_asesor":null,"nombre_persona":"YOHON CJURO MENDOZA","nro_identidad":"47674105","num_unidad":"187","nombre_asesor":null,"tipo_persona":"conductor","tipo_pago":"contado","estado_contrato":null,"facturado":"0","fecha_facturacion":null}
[14-Mar-2026 10:13:41 America/Lima] Fila encontrada: {"id_pago":"232","monto":"150.00","fecha_emision":"2025-02-14 00:00:00","ruta":null,"id_asesor":null,"nombre_persona":"JOAU ANTONIO LLACHO MERCADO","nro_identidad":"73349296","num_unidad":"193","nombre_asesor":null,"tipo_persona":"conductor","tipo_pago":"contado","estado_contrato":null,"facturado":"0","fecha_facturacion":null}
[14-Mar-2026 10:13:41 America/Lima] Fila encontrada: {"id_pago":"233","monto":"150.00","fecha_emision":"2025-02-14 00:00:00","ruta":null,"id_asesor":null,"nombre_persona":"JHIULENY JEIDY CCALLA MACHACA","nro_identidad":"46731458","num_unidad":"186","nombre_asesor":null,"tipo_persona":"conductor","tipo_pago":"contado","estado_contrato":null,"facturado":"0","fecha_facturacion":null}
[14-Mar-2026 10:13:41 America/Lima] Fila encontrada: {"id_pago":"234","monto":"150.00","fecha_emision":"2025-02-14 00:00:00","ruta":null,"id_asesor":null,"nombre_persona":"JUAN CORNEJO LEON","nro_identidad":"29727449","num_unidad":"192","nombre_asesor":null,"tipo_persona":"conductor","tipo_pago":"contado","estado_contrato":null,"facturado":"0","fecha_facturacion":null}
[14-Mar-2026 10:13:41 America/Lima] Fila encontrada: {"id_pago":"235","monto":"150.00","fecha_emision":"2025-02-14 00:00:00","ruta":null,"id_asesor":null,"nombre_persona":"MIGUEL ANGEL LLERENA AYBAR","nro_identidad":"41737584","num_unidad":"185","nombre_asesor":null,"tipo_persona":"conductor","tipo_pago":"contado","estado_contrato":null,"facturado":"0","fecha_facturacion":null}
[14-Mar-2026 10:13:41 America/Lima] Fila encontrada: {"id_pago":"236","monto":"150.00","fecha_emision":"2025-02-14 00:00:00","ruta":null,"id_asesor":null,"nombre_persona":"HENRY TOLA FLORES","nro_identidad":"40660902","num_unidad":"191","nombre_asesor":null,"tipo_persona":"conductor","tipo_pago":"contado","estado_contrato":null,"facturado":"0","fecha_facturacion":null}
[14-Mar-2026 10:13:41 America/Lima] Fila encontrada: {"id_pago":"237","monto":"150.00","fecha_emision":"2025-02-14 00:00:00","ruta":null,"id_asesor":null,"nombre_persona":"PEDRO ANTONIO SUYO ANCONEYRA","nro_identidad":"43272829","num_unidad":"208","nombre_asesor":null,"tipo_persona":"conductor","tipo_pago":"contado","estado_contrato":null,"facturado":"0","fecha_facturacion":null}
[14-Mar-2026 10:13:41 America/Lima] Fila encontrada: {"id_pago":"238","monto":"150.00","fecha_emision":"2025-02-14 00:00:00","ruta":null,"id_asesor":null,"nombre_persona":"JULIO CESAR BELLIDO BEJARANO","nro_identidad":"45855681","num_unidad":"190","nombre_asesor":null,"tipo_persona":"conductor","tipo_pago":"contado","estado_contrato":null,"facturado":"0","fecha_facturacion":null}
[14-Mar-2026 10:13:41 America/Lima] Fila encontrada: {"id_pago":"239","monto":"150.00","fecha_emision":"2025-02-14 00:00:00","ruta":null,"id_asesor":null,"nombre_persona":"GUSTAVO LEONARDO PUCHO CONDORI","nro_identidad":"45895513","num_unidad":"207","nombre_asesor":null,"tipo_persona":"conductor","tipo_pago":"contado","estado_contrato":null,"facturado":"0","fecha_facturacion":null}
[14-Mar-2026 10:13:41 America/Lima] Fila encontrada: {"id_pago":"240","monto":"150.00","fecha_emision":"2025-02-14 00:00:00","ruta":null,"id_asesor":null,"nombre_persona":"RICHARD EDILBERTO VARA SENCCA","nro_identidad":"76368409","num_unidad":"206","nombre_asesor":null,"tipo_persona":"conductor","tipo_pago":"contado","estado_contrato":null,"facturado":"0","fecha_facturacion":null}
[14-Mar-2026 10:13:41 America/Lima] Fila encontrada: {"id_pago":"241","monto":"150.00","fecha_emision":"2025-02-14 00:00:00","ruta":null,"id_asesor":null,"nombre_persona":"RICARDO JUNIOR CHAMPI PARI","nro_identidad":"72524100","num_unidad":"189","nombre_asesor":null,"tipo_persona":"conductor","tipo_pago":"contado","estado_contrato":null,"facturado":"0","fecha_facturacion":null}
[14-Mar-2026 10:13:41 America/Lima] Fila encontrada: {"id_pago":"242","monto":"150.00","fecha_emision":"2025-02-14 00:00:00","ruta":null,"id_asesor":null,"nombre_persona":"EDILBERTO CANAZA CARI","nro_identidad":"46208542","num_unidad":"205","nombre_asesor":null,"tipo_persona":"conductor","tipo_pago":"contado","estado_contrato":null,"facturado":"0","fecha_facturacion":null}
[14-Mar-2026 10:13:41 America/Lima] Fila encontrada: {"id_pago":"243","monto":"150.00","fecha_emision":"2025-02-14 00:00:00","ruta":null,"id_asesor":null,"nombre_persona":"JORGE LUIS MAMANI CHAVEZ","nro_identidad":"74026319","num_unidad":"183","nombre_asesor":null,"tipo_persona":"conductor","tipo_pago":"contado","estado_contrato":null,"facturado":"0","fecha_facturacion":null}
[14-Mar-2026 10:13:41 America/Lima] Fila encontrada: {"id_pago":"244","monto":"150.00","fecha_emision":"2025-02-14 00:00:00","ruta":null,"id_asesor":null,"nombre_persona":"KEVIN JEFFERSON ZAPANA CAPIRA","nro_identidad":"71486516","num_unidad":"204","nombre_asesor":null,"tipo_persona":"conductor","tipo_pago":"contado","estado_contrato":null,"facturado":"0","fecha_facturacion":null}
[14-Mar-2026 10:13:41 America/Lima] Fila encontrada: {"id_pago":"245","monto":"150.00","fecha_emision":"2025-02-14 00:00:00","ruta":null,"id_asesor":null,"nombre_persona":"JORGE EDUARDO MACHACA ARAPA","nro_identidad":"71501135","num_unidad":"199","nombre_asesor":null,"tipo_persona":"conductor","tipo_pago":"contado","estado_contrato":null,"facturado":"0","fecha_facturacion":null}
[14-Mar-2026 10:13:41 America/Lima] Fila encontrada: {"id_pago":"246","monto":"150.00","fecha_emision":"2025-02-14 00:00:00","ruta":null,"id_asesor":null,"nombre_persona":"ISMAEL HUARACHA MAMANI","nro_identidad":"76252187","num_unidad":"184","nombre_asesor":null,"tipo_persona":"conductor","tipo_pago":"contado","estado_contrato":null,"facturado":"0","fecha_facturacion":null}
[14-Mar-2026 10:13:41 America/Lima] Fila encontrada: {"id_pago":"306","monto":"200.00","fecha_emision":"2025-02-13 00:00:00","ruta":"files\/notasPagoInscripcion\/nota_venta_contado_194.pdf","id_asesor":null,"nombre_persona":"RUSSELL MARCELL PALOMINO CACERES","nro_identidad":"46497741","num_unidad":"222","nombre_asesor":null,"tipo_persona":"conductor","tipo_pago":"cuotas","estado_contrato":null,"facturado":"0","fecha_facturacion":null}
[14-Mar-2026 10:13:41 America/Lima] Fila encontrada: {"id_pago":"186","monto":"100.00","fecha_emision":"2025-02-13 00:00:00","ruta":null,"id_asesor":null,"nombre_persona":"MANUEL ALEJANDRO MACEDO CASAPIA","nro_identidad":"29709340","num_unidad":"96","nombre_asesor":null,"tipo_persona":"conductor","tipo_pago":"contado","estado_contrato":null,"facturado":"0","fecha_facturacion":null}
[14-Mar-2026 10:13:41 America/Lima] Fila encontrada: {"id_pago":"187","monto":"250.00","fecha_emision":"2025-02-13 00:00:00","ruta":null,"id_asesor":null,"nombre_persona":"JEAN PIERRE JAIME MANCHEGO VALVERDE","nro_identidad":"70441684","num_unidad":"239","nombre_asesor":null,"tipo_persona":"conductor","tipo_pago":"contado","estado_contrato":null,"facturado":"0","fecha_facturacion":null}
[14-Mar-2026 10:13:41 America/Lima] Fila encontrada: {"id_pago":"189","monto":"100.00","fecha_emision":"2025-02-13 00:00:00","ruta":null,"id_asesor":null,"nombre_persona":"ENRIQUE GERMAIN CALDERON GASPAR","nro_identidad":"005535234","num_unidad":"88","nombre_asesor":null,"tipo_persona":"conductor","tipo_pago":"contado","estado_contrato":null,"facturado":"0","fecha_facturacion":null}
[14-Mar-2026 10:13:41 America/Lima] Fila encontrada: {"id_pago":"190","monto":"200.00","fecha_emision":"2025-02-13 00:00:00","ruta":null,"id_asesor":null,"nombre_persona":"REYMUNDO EULOGIO TICONA CHOQUE","nro_identidad":"72246624","num_unidad":"232","nombre_asesor":null,"tipo_persona":"conductor","tipo_pago":"contado","estado_contrato":null,"facturado":"0","fecha_facturacion":null}
[14-Mar-2026 10:13:41 America/Lima] Fila encontrada: {"id_pago":"191","monto":"200.00","fecha_emision":"2025-02-13 00:00:00","ruta":null,"id_asesor":null,"nombre_persona":"RAFAEL ABRAHAN PE\u00d1A ROADES","nro_identidad":"004664336","num_unidad":"231","nombre_asesor":null,"tipo_persona":"conductor","tipo_pago":"contado","estado_contrato":null,"facturado":"0","fecha_facturacion":null}
[14-Mar-2026 10:13:41 America/Lima] Fila encontrada: {"id_pago":"192","monto":"100.00","fecha_emision":"2025-02-13 00:00:00","ruta":null,"id_asesor":null,"nombre_persona":"CLAUDIO SEBASTIAN PAREDES ZEBALLOS","nro_identidad":"70430494","num_unidad":"86","nombre_asesor":null,"tipo_persona":"conductor","tipo_pago":"contado","estado_contrato":null,"facturado":"0","fecha_facturacion":null}
[14-Mar-2026 10:13:41 America/Lima] Fila encontrada: {"id_pago":"194","monto":"200.00","fecha_emision":"2025-02-13 00:00:00","ruta":null,"id_asesor":null,"nombre_persona":"RUSSELL MARCELL PALOMINO CACERES","nro_identidad":"46497741","num_unidad":"222","nombre_asesor":null,"tipo_persona":"conductor","tipo_pago":"contado","estado_contrato":null,"facturado":"0","fecha_facturacion":null}
[14-Mar-2026 10:13:41 America/Lima] Fila encontrada: {"id_pago":"195","monto":"100.00","fecha_emision":"2025-02-13 00:00:00","ruta":null,"id_asesor":null,"nombre_persona":"OSCAR LUIS ALDAMA QUI\u00d1ONEZ","nro_identidad":"42757336","num_unidad":"85","nombre_asesor":null,"tipo_persona":"conductor","tipo_pago":"contado","estado_contrato":null,"facturado":"0","fecha_facturacion":null}
[14-Mar-2026 10:13:41 America/Lima] Fila encontrada: {"id_pago":"198","monto":"100.00","fecha_emision":"2025-02-13 00:00:00","ruta":null,"id_asesor":null,"nombre_persona":"CARLOS ALBERTO CATARI CALLOAPAZA","nro_identidad":"29721920","num_unidad":"84","nombre_asesor":null,"tipo_persona":"conductor","tipo_pago":"contado","estado_contrato":null,"facturado":"0","fecha_facturacion":null}
[14-Mar-2026 10:13:41 America/Lima] Fila encontrada: {"id_pago":"199","monto":"100.00","fecha_emision":"2025-02-13 00:00:00","ruta":null,"id_asesor":null,"nombre_persona":"SILVIA ROSARIO CALLA CHAMBI","nro_identidad":"45051137","num_unidad":"83","nombre_asesor":null,"tipo_persona":"conductor","tipo_pago":"contado","estado_contrato":null,"facturado":"0","fecha_facturacion":null}
[14-Mar-2026 10:13:41 America/Lima] Fila encontrada: {"id_pago":"200","monto":"200.00","fecha_emision":"2025-02-13 00:00:00","ruta":null,"id_asesor":null,"nombre_persona":"PRISCILA IVONNE GONZALEZ VICENTE","nro_identidad":"76171578","num_unidad":"229","nombre_asesor":null,"tipo_persona":"conductor","tipo_pago":"contado","estado_contrato":null,"facturado":"0","fecha_facturacion":null}
[14-Mar-2026 10:13:41 America/Lima] Fila encontrada: {"id_pago":"203","monto":"200.00","fecha_emision":"2025-02-13 00:00:00","ruta":null,"id_asesor":null,"nombre_persona":"JOSE MIGUEL ROSAS PONCE","nro_identidad":"45769798","num_unidad":"236","nombre_asesor":null,"tipo_persona":"conductor","tipo_pago":"contado","estado_contrato":null,"facturado":"0","fecha_facturacion":null}
[14-Mar-2026 10:13:41 America/Lima] Fila encontrada: {"id_pago":"204","monto":"200.00","fecha_emision":"2025-02-13 00:00:00","ruta":null,"id_asesor":null,"nombre_persona":"FERNANDO JUNIOR HERNANI PINEDO ","nro_identidad":"74211340","num_unidad":"221","nombre_asesor":null,"tipo_persona":"conductor","tipo_pago":"contado","estado_contrato":null,"facturado":"0","fecha_facturacion":null}
[14-Mar-2026 10:13:41 America/Lima] Fila encontrada: {"id_pago":"206","monto":"200.00","fecha_emision":"2025-02-13 00:00:00","ruta":null,"id_asesor":null,"nombre_persona":"NEIL BORJN BRAVO PARCO","nro_identidad":"48843372","num_unidad":"220","nombre_asesor":null,"tipo_persona":"conductor","tipo_pago":"contado","estado_contrato":null,"facturado":"0","fecha_facturacion":null}
[14-Mar-2026 10:13:41 America/Lima] Fila encontrada: {"id_pago":"208","monto":"200.00","fecha_emision":"2025-02-13 00:00:00","ruta":null,"id_asesor":null,"nombre_persona":"JHONY VIDAL MAMANI MAMANI","nro_identidad":"75483244","num_unidad":"226","nombre_asesor":null,"tipo_persona":"conductor","tipo_pago":"contado","estado_contrato":null,"facturado":"0","fecha_facturacion":null}
[14-Mar-2026 10:13:41 America/Lima] Fila encontrada: {"id_pago":"209","monto":"200.00","fecha_emision":"2025-02-13 00:00:00","ruta":null,"id_asesor":null,"nombre_persona":"MIGUEL ANGEL CHIRE FLORES","nro_identidad":"42191963","num_unidad":"218","nombre_asesor":null,"tipo_persona":"conductor","tipo_pago":"contado","estado_contrato":null,"facturado":"0","fecha_facturacion":null}
[14-Mar-2026 10:13:41 America/Lima] Fila encontrada: {"id_pago":"214","monto":"200.00","fecha_emision":"2025-02-13 00:00:00","ruta":null,"id_asesor":null,"nombre_persona":"DIETHER OBED BELTRAN APAZA","nro_identidad":"45646502","num_unidad":"223","nombre_asesor":null,"tipo_persona":"conductor","tipo_pago":"contado","estado_contrato":null,"facturado":"0","fecha_facturacion":null}
[14-Mar-2026 10:13:41 America/Lima] Fila encontrada: {"id_pago":"215","monto":"200.00","fecha_emision":"2025-02-13 00:00:00","ruta":null,"id_asesor":null,"nombre_persona":"ANGELICA MILAGROS MONTOYA ESCOBAR","nro_identidad":"29551093","num_unidad":"216","nombre_asesor":null,"tipo_persona":"conductor","tipo_pago":"contado","estado_contrato":null,"facturado":"0","fecha_facturacion":null}
[14-Mar-2026 10:13:41 America/Lima] Fila encontrada: {"id_pago":"216","monto":"150.00","fecha_emision":"2025-02-13 00:00:00","ruta":null,"id_asesor":null,"nombre_persona":"DANIEL RICHARD CHAY\u00d1A ILLANES","nro_identidad":"73501053","num_unidad":"213","nombre_asesor":null,"tipo_persona":"conductor","tipo_pago":"contado","estado_contrato":null,"facturado":"0","fecha_facturacion":null}
[14-Mar-2026 10:13:41 America/Lima] Fila encontrada: {"id_pago":"218","monto":"150.00","fecha_emision":"2025-02-13 00:00:00","ruta":null,"id_asesor":null,"nombre_persona":"LINO ENRIQUE CENTENO HUARILLOCLLA","nro_identidad":"42464578","num_unidad":"212","nombre_asesor":null,"tipo_persona":"conductor","tipo_pago":"contado","estado_contrato":null,"facturado":"0","fecha_facturacion":null}
[14-Mar-2026 10:13:41 America/Lima] Fila encontrada: {"id_pago":"220","monto":"150.00","fecha_emision":"2025-02-13 00:00:00","ruta":null,"id_asesor":null,"nombre_persona":"JHON MARTIN AQUINO YAPO","nro_identidad":"75459225","num_unidad":"210","nombre_asesor":null,"tipo_persona":"conductor","tipo_pago":"contado","estado_contrato":null,"facturado":"0","fecha_facturacion":null}
[14-Mar-2026 10:13:41 America/Lima] Fila encontrada: {"id_pago":"178","monto":"100.00","fecha_emision":"2025-02-12 00:00:00","ruta":null,"id_asesor":null,"nombre_persona":"VICTOR HUGO ALFARO GUILLEN","nro_identidad":"43312761","num_unidad":"94","nombre_asesor":null,"tipo_persona":"conductor","tipo_pago":"contado","estado_contrato":null,"facturado":"0","fecha_facturacion":null}
[14-Mar-2026 10:13:41 America/Lima] Fila encontrada: {"id_pago":"179","monto":"100.00","fecha_emision":"2025-02-12 00:00:00","ruta":null,"id_asesor":null,"nombre_persona":"GIAN MARCO MAMANI MAMANI","nro_identidad":"75423774","num_unidad":"93","nombre_asesor":null,"tipo_persona":"conductor","tipo_pago":"contado","estado_contrato":null,"facturado":"0","fecha_facturacion":null}
[14-Mar-2026 10:13:41 America/Lima] Fila encontrada: {"id_pago":"180","monto":"100.00","fecha_emision":"2025-02-12 00:00:00","ruta":null,"id_asesor":null,"nombre_persona":"MILLER FREDY SURCO LLAMOCA","nro_identidad":"42753811","num_unidad":"92","nombre_asesor":null,"tipo_persona":"conductor","tipo_pago":"contado","estado_contrato":null,"facturado":"0","fecha_facturacion":null}
[14-Mar-2026 10:13:41 America/Lima] Fila encontrada: {"id_pago":"181","monto":"100.00","fecha_emision":"2025-02-12 00:00:00","ruta":null,"id_asesor":null,"nombre_persona":"LUIS DIEGO CALLA SOTO","nro_identidad":"72521661","num_unidad":"91","nombre_asesor":null,"tipo_persona":"conductor","tipo_pago":"contado","estado_contrato":null,"facturado":"0","fecha_facturacion":null}
[14-Mar-2026 10:13:41 America/Lima] Fila encontrada: {"id_pago":"182","monto":"100.00","fecha_emision":"2025-02-12 00:00:00","ruta":null,"id_asesor":null,"nombre_persona":"MOISES HANCCO YUCRA","nro_identidad":"45938425","num_unidad":"82","nombre_asesor":null,"tipo_persona":"conductor","tipo_pago":"contado","estado_contrato":null,"facturado":"0","fecha_facturacion":null}
[14-Mar-2026 10:13:41 America/Lima] Fila encontrada: {"id_pago":"183","monto":"100.00","fecha_emision":"2025-02-12 00:00:00","ruta":null,"id_asesor":null,"nombre_persona":"YEFERSON DIAZ VASQUEZ","nro_identidad":"47927440","num_unidad":"81","nombre_asesor":null,"tipo_persona":"conductor","tipo_pago":"contado","estado_contrato":null,"facturado":"0","fecha_facturacion":null}
[14-Mar-2026 10:13:41 America/Lima] Fila encontrada: {"id_pago":"176","monto":"100.00","fecha_emision":"2025-02-11 00:00:00","ruta":null,"id_asesor":null,"nombre_persona":"LUIS ELIEZER  CARMONA HERNANDEZ","nro_identidad":"006346332","num_unidad":"98","nombre_asesor":null,"tipo_persona":"conductor","tipo_pago":"contado","estado_contrato":null,"facturado":"0","fecha_facturacion":null}
[14-Mar-2026 10:13:41 America/Lima] Fila encontrada: {"id_pago":"171","monto":"100.00","fecha_emision":"2025-02-06 00:00:00","ruta":null,"id_asesor":null,"nombre_persona":"NOEL CHILO CONDORI","nro_identidad":"70363459","num_unidad":"106","nombre_asesor":null,"tipo_persona":"conductor","tipo_pago":"contado","estado_contrato":null,"facturado":"0","fecha_facturacion":null}
[14-Mar-2026 10:13:41 America/Lima] Fila encontrada: {"id_pago":"172","monto":"100.00","fecha_emision":"2025-02-06 00:00:00","ruta":null,"id_asesor":null,"nombre_persona":"LEONARDO DAVID ARIAS ALVARO","nro_identidad":"72194930","num_unidad":"104","nombre_asesor":null,"tipo_persona":"conductor","tipo_pago":"contado","estado_contrato":null,"facturado":"0","fecha_facturacion":null}
[14-Mar-2026 10:13:41 America/Lima] Fila encontrada: {"id_pago":"173","monto":"100.00","fecha_emision":"2025-02-06 00:00:00","ruta":null,"id_asesor":null,"nombre_persona":"JUAN CARLOS AROQUIPA PACHO","nro_identidad":"43122857","num_unidad":"103","nombre_asesor":null,"tipo_persona":"conductor","tipo_pago":"contado","estado_contrato":null,"facturado":"0","fecha_facturacion":null}
[14-Mar-2026 10:13:41 America/Lima] Fila encontrada: {"id_pago":"174","monto":"100.00","fecha_emision":"2025-02-06 00:00:00","ruta":null,"id_asesor":null,"nombre_persona":"PAUL STEVENS RODRIGUEZ ORDINOLA","nro_identidad":"001745007","num_unidad":"102","nombre_asesor":null,"tipo_persona":"conductor","tipo_pago":"contado","estado_contrato":null,"facturado":"0","fecha_facturacion":null}
[14-Mar-2026 10:13:41 America/Lima] Fila encontrada: {"id_pago":"159","monto":"100.00","fecha_emision":"2025-02-05 00:00:00","ruta":null,"id_asesor":null,"nombre_persona":"MOISES MAMANI YUCA","nro_identidad":"45227638","num_unidad":"116","nombre_asesor":null,"tipo_persona":"conductor","tipo_pago":"contado","estado_contrato":null,"facturado":"0","fecha_facturacion":null}
[14-Mar-2026 10:13:41 America/Lima] Fila encontrada: {"id_pago":"160","monto":"100.00","fecha_emision":"2025-02-05 00:00:00","ruta":null,"id_asesor":null,"nombre_persona":"FELIPE MANUEL VALDIVIA CARPIO","nro_identidad":"74200300","num_unidad":"123","nombre_asesor":null,"tipo_persona":"conductor","tipo_pago":"contado","estado_contrato":null,"facturado":"0","fecha_facturacion":null}
[14-Mar-2026 10:13:41 America/Lima] Fila encontrada: {"id_pago":"161","monto":"100.00","fecha_emision":"2025-02-05 00:00:00","ruta":null,"id_asesor":null,"nombre_persona":"HECTOR ROCCA MEZA","nro_identidad":"44356681","num_unidad":"119","nombre_asesor":null,"tipo_persona":"conductor","tipo_pago":"contado","estado_contrato":null,"facturado":"0","fecha_facturacion":null}
[14-Mar-2026 10:13:41 America/Lima] Fila encontrada: {"id_pago":"162","monto":"100.00","fecha_emision":"2025-02-05 00:00:00","ruta":null,"id_asesor":null,"nombre_persona":"BRUNO EDSON CHOQUEHUAYTA TITO","nro_identidad":"70269044","num_unidad":"118","nombre_asesor":null,"tipo_persona":"conductor","tipo_pago":"contado","estado_contrato":null,"facturado":"0","fecha_facturacion":null}
[14-Mar-2026 10:13:41 America/Lima] Fila encontrada: {"id_pago":"163","monto":"100.00","fecha_emision":"2025-02-05 00:00:00","ruta":null,"id_asesor":null,"nombre_persona":"ALEJO FUSTINO PACHECO TEJADA","nro_identidad":"29646500","num_unidad":"114","nombre_asesor":null,"tipo_persona":"conductor","tipo_pago":"contado","estado_contrato":null,"facturado":"0","fecha_facturacion":null}
[14-Mar-2026 10:13:41 America/Lima] Fila encontrada: {"id_pago":"164","monto":"100.00","fecha_emision":"2025-02-05 00:00:00","ruta":null,"id_asesor":null,"nombre_persona":"KEVIN ERNESTO HALANOCA FLORES","nro_identidad":"47020796","num_unidad":"113","nombre_asesor":null,"tipo_persona":"conductor","tipo_pago":"contado","estado_contrato":null,"facturado":"0","fecha_facturacion":null}
[14-Mar-2026 10:13:41 America/Lima] Fila encontrada: {"id_pago":"165","monto":"100.00","fecha_emision":"2025-02-05 00:00:00","ruta":null,"id_asesor":null,"nombre_persona":"JHON GABRIEL VEGA VARGAS","nro_identidad":"77329579","num_unidad":"112","nombre_asesor":null,"tipo_persona":"conductor","tipo_pago":"contado","estado_contrato":null,"facturado":"0","fecha_facturacion":null}
[14-Mar-2026 10:13:41 America/Lima] Fila encontrada: {"id_pago":"166","monto":"100.00","fecha_emision":"2025-02-05 00:00:00","ruta":null,"id_asesor":null,"nombre_persona":"MARCO ANTONIO MEDINA HUACOTO","nro_identidad":"29659199","num_unidad":"111","nombre_asesor":null,"tipo_persona":"conductor","tipo_pago":"contado","estado_contrato":null,"facturado":"0","fecha_facturacion":null}
[14-Mar-2026 10:13:41 America/Lima] Fila encontrada: {"id_pago":"167","monto":"100.00","fecha_emision":"2025-02-05 00:00:00","ruta":null,"id_asesor":null,"nombre_persona":"JULIO CESAR ORTIZ CHOQUE","nro_identidad":"41328419","num_unidad":"110","nombre_asesor":null,"tipo_persona":"conductor","tipo_pago":"contado","estado_contrato":null,"facturado":"0","fecha_facturacion":null}
[14-Mar-2026 10:13:41 America/Lima] Fila encontrada: {"id_pago":"168","monto":"100.00","fecha_emision":"2025-02-05 00:00:00","ruta":null,"id_asesor":null,"nombre_persona":"LUIS MIGUEL GOMEZ ALVAREZ","nro_identidad":"46568313","num_unidad":"109","nombre_asesor":null,"tipo_persona":"conductor","tipo_pago":"contado","estado_contrato":null,"facturado":"0","fecha_facturacion":null}
[14-Mar-2026 10:13:41 America/Lima] Fila encontrada: {"id_pago":"169","monto":"100.00","fecha_emision":"2025-02-05 00:00:00","ruta":null,"id_asesor":null,"nombre_persona":"DARIEN ALEXANDER CUTIPA APAZA","nro_identidad":"75079581","num_unidad":"108","nombre_asesor":null,"tipo_persona":"conductor","tipo_pago":"contado","estado_contrato":null,"facturado":"0","fecha_facturacion":null}
[14-Mar-2026 10:13:41 America/Lima] Fila encontrada: {"id_pago":"170","monto":"100.00","fecha_emision":"2025-02-05 00:00:00","ruta":null,"id_asesor":null,"nombre_persona":"MELVIN ROOSEVELT MANRIQUE OVIEDO","nro_identidad":"43205700","num_unidad":"107","nombre_asesor":null,"tipo_persona":"conductor","tipo_pago":"contado","estado_contrato":null,"facturado":"0","fecha_facturacion":null}
[14-Mar-2026 10:13:41 America/Lima] Fila encontrada: {"id_pago":"140","monto":"100.00","fecha_emision":"2025-02-04 00:00:00","ruta":null,"id_asesor":null,"nombre_persona":"HENRY OMAR LAURA MOROCCO","nro_identidad":"72152666","num_unidad":"145","nombre_asesor":null,"tipo_persona":"conductor","tipo_pago":"contado","estado_contrato":null,"facturado":"0","fecha_facturacion":null}
[14-Mar-2026 10:13:41 America/Lima] Fila encontrada: {"id_pago":"141","monto":"100.00","fecha_emision":"2025-02-04 00:00:00","ruta":null,"id_asesor":null,"nombre_persona":"YUVAIN ENRIQUE NATERA HERRADE","nro_identidad":"006389521","num_unidad":"146","nombre_asesor":null,"tipo_persona":"conductor","tipo_pago":"contado","estado_contrato":null,"facturado":"0","fecha_facturacion":null}
[14-Mar-2026 10:13:41 America/Lima] Fila encontrada: {"id_pago":"142","monto":"100.00","fecha_emision":"2025-02-04 00:00:00","ruta":null,"id_asesor":null,"nombre_persona":"NELSON CESAR AUGUSTO USCCA RAMOS","nro_identidad":"73060440","num_unidad":"144","nombre_asesor":null,"tipo_persona":"conductor","tipo_pago":"contado","estado_contrato":null,"facturado":"0","fecha_facturacion":null}
[14-Mar-2026 10:13:41 America/Lima] Fila encontrada: {"id_pago":"143","monto":"100.00","fecha_emision":"2025-02-04 00:00:00","ruta":null,"id_asesor":null,"nombre_persona":"ANDRY JOSE BOSCAN NAVARRO","nro_identidad":"006800714","num_unidad":"143","nombre_asesor":null,"tipo_persona":"conductor","tipo_pago":"contado","estado_contrato":null,"facturado":"0","fecha_facturacion":null}
[14-Mar-2026 10:13:41 America/Lima] Fila encontrada: {"id_pago":"144","monto":"100.00","fecha_emision":"2025-02-04 00:00:00","ruta":null,"id_asesor":null,"nombre_persona":"EDILBERTO OBDULIO GUTIERREZ GONZALES","nro_identidad":"29631159","num_unidad":"141","nombre_asesor":null,"tipo_persona":"conductor","tipo_pago":"contado","estado_contrato":null,"facturado":"0","fecha_facturacion":null}
[14-Mar-2026 10:13:41 America/Lima] Fila encontrada: {"id_pago":"145","monto":"100.00","fecha_emision":"2025-02-04 00:00:00","ruta":null,"id_asesor":null,"nombre_persona":"ELISBAN VILCA CUSICUNA","nro_identidad":"74227494","num_unidad":"140","nombre_asesor":null,"tipo_persona":"conductor","tipo_pago":"contado","estado_contrato":null,"facturado":"0","fecha_facturacion":null}
[14-Mar-2026 10:13:41 America/Lima] Fila encontrada: {"id_pago":"146","monto":"100.00","fecha_emision":"2025-02-04 00:00:00","ruta":null,"id_asesor":null,"nombre_persona":"SIXTO ALEXANDER PLATERO CONDORI","nro_identidad":"73247581","num_unidad":"139","nombre_asesor":null,"tipo_persona":"conductor","tipo_pago":"contado","estado_contrato":null,"facturado":"0","fecha_facturacion":null}
[14-Mar-2026 10:13:41 America/Lima] Fila encontrada: {"id_pago":"147","monto":"100.00","fecha_emision":"2025-02-04 00:00:00","ruta":null,"id_asesor":null,"nombre_persona":"JHON WILLIAM ROSAS PILCO","nro_identidad":"47497306","num_unidad":"138","nombre_asesor":null,"tipo_persona":"conductor","tipo_pago":"contado","estado_contrato":null,"facturado":"0","fecha_facturacion":null}
[14-Mar-2026 10:13:41 America/Lima] Fila encontrada: {"id_pago":"148","monto":"100.00","fecha_emision":"2025-02-04 00:00:00","ruta":null,"id_asesor":null,"nombre_persona":"CESAR RAUL CORAHUA YANA","nro_identidad":"45687490","num_unidad":"137","nombre_asesor":null,"tipo_persona":"conductor","tipo_pago":"contado","estado_contrato":null,"facturado":"0","fecha_facturacion":null}
[14-Mar-2026 10:13:41 America/Lima] Fila encontrada: {"id_pago":"149","monto":"100.00","fecha_emision":"2025-02-04 00:00:00","ruta":null,"id_asesor":null,"nombre_persona":"ALVARO YBRIN ROJAS HUARCA","nro_identidad":"44988194","num_unidad":"135","nombre_asesor":null,"tipo_persona":"conductor","tipo_pago":"contado","estado_contrato":null,"facturado":"0","fecha_facturacion":null}
[14-Mar-2026 10:13:41 America/Lima] Fila encontrada: {"id_pago":"150","monto":"100.00","fecha_emision":"2025-02-04 00:00:00","ruta":null,"id_asesor":null,"nombre_persona":"RODRIGO JOSE ROSAS PILCO","nro_identidad":"78011745","num_unidad":"134","nombre_asesor":null,"tipo_persona":"conductor","tipo_pago":"contado","estado_contrato":null,"facturado":"0","fecha_facturacion":null}
[14-Mar-2026 10:13:41 America/Lima] Fila encontrada: {"id_pago":"151","monto":"100.00","fecha_emision":"2025-02-04 00:00:00","ruta":null,"id_asesor":null,"nombre_persona":"RICARDO ORLANDINI ALTAMIRANO QUISPE","nro_identidad":"42465062","num_unidad":"133","nombre_asesor":null,"tipo_persona":"conductor","tipo_pago":"contado","estado_contrato":null,"facturado":"0","fecha_facturacion":null}
[14-Mar-2026 10:13:41 America/Lima] Fila encontrada: {"id_pago":"152","monto":"100.00","fecha_emision":"2025-02-04 00:00:00","ruta":null,"id_asesor":null,"nombre_persona":"YUHLINIO VILLANUEVA DELGADO","nro_identidad":"71860171","num_unidad":"132","nombre_asesor":null,"tipo_persona":"conductor","tipo_pago":"contado","estado_contrato":null,"facturado":"0","fecha_facturacion":null}
[14-Mar-2026 10:13:41 America/Lima] Fila encontrada: {"id_pago":"153","monto":"100.00","fecha_emision":"2025-02-04 00:00:00","ruta":null,"id_asesor":null,"nombre_persona":"ALGER REYNADO GOMEZ VELASQUEZ","nro_identidad":"80317139","num_unidad":"131","nombre_asesor":null,"tipo_persona":"conductor","tipo_pago":"contado","estado_contrato":null,"facturado":"0","fecha_facturacion":null}
[14-Mar-2026 10:13:41 America/Lima] Fila encontrada: {"id_pago":"154","monto":"100.00","fecha_emision":"2025-02-04 00:00:00","ruta":null,"id_asesor":null,"nombre_persona":"HENRY CHOQUE CALSIN","nro_identidad":"47899624","num_unidad":"130","nombre_asesor":null,"tipo_persona":"conductor","tipo_pago":"contado","estado_contrato":null,"facturado":"0","fecha_facturacion":null}
[14-Mar-2026 10:13:41 America/Lima] Fila encontrada: {"id_pago":"155","monto":"100.00","fecha_emision":"2025-02-04 00:00:00","ruta":null,"id_asesor":null,"nombre_persona":"LUIS ANGEL HALANOCCA HANCCO","nro_identidad":"46566533","num_unidad":"128","nombre_asesor":null,"tipo_persona":"conductor","tipo_pago":"contado","estado_contrato":null,"facturado":"0","fecha_facturacion":null}
[14-Mar-2026 10:13:41 America/Lima] Fila encontrada: {"id_pago":"156","monto":"100.00","fecha_emision":"2025-02-04 00:00:00","ruta":null,"id_asesor":null,"nombre_persona":"BRAYAN FABRICIO BECERRA IDME","nro_identidad":"71478954","num_unidad":"125","nombre_asesor":null,"tipo_persona":"conductor","tipo_pago":"contado","estado_contrato":null,"facturado":"0","fecha_facturacion":null}
[14-Mar-2026 10:13:41 America/Lima] Fila encontrada: {"id_pago":"157","monto":"100.00","fecha_emision":"2025-02-04 00:00:00","ruta":null,"id_asesor":null,"nombre_persona":"VICTOR ALFONSO FLORES MAMANI","nro_identidad":"47414743","num_unidad":"124","nombre_asesor":null,"tipo_persona":"conductor","tipo_pago":"contado","estado_contrato":null,"facturado":"0","fecha_facturacion":null}
[14-Mar-2026 10:13:41 America/Lima] Fila encontrada: {"id_pago":"28","monto":"100.00","fecha_emision":"2025-02-03 00:00:00","ruta":null,"id_asesor":null,"nombre_persona":"VICTOR EVARISTO CAJO MAMANI","nro_identidad":"40499792","num_unidad":"75","nombre_asesor":null,"tipo_persona":"conductor","tipo_pago":"contado","estado_contrato":null,"facturado":"0","fecha_facturacion":null}
[14-Mar-2026 10:13:41 America/Lima] Fila encontrada: {"id_pago":"29","monto":"100.00","fecha_emision":"2025-02-03 00:00:00","ruta":null,"id_asesor":null,"nombre_persona":"MISAEL GABRIEL LOPEZ CLAVIJO","nro_identidad":"46959043","num_unidad":"169","nombre_asesor":null,"tipo_persona":"conductor","tipo_pago":"contado","estado_contrato":null,"facturado":"0","fecha_facturacion":null}
[14-Mar-2026 10:13:41 America/Lima] Fila encontrada: {"id_pago":"30","monto":"100.00","fecha_emision":"2025-02-03 00:00:00","ruta":null,"id_asesor":null,"nombre_persona":"RUDY WILBER HUANCA FLORES","nro_identidad":"73521909","num_unidad":"63","nombre_asesor":null,"tipo_persona":"conductor","tipo_pago":"contado","estado_contrato":null,"facturado":"0","fecha_facturacion":null}
[14-Mar-2026 10:13:41 America/Lima] Fila encontrada: {"id_pago":"31","monto":"100.00","fecha_emision":"2025-02-03 00:00:00","ruta":null,"id_asesor":null,"nombre_persona":"RAUL MAMANI MENDOZA","nro_identidad":"43352946","num_unidad":"15","nombre_asesor":null,"tipo_persona":"conductor","tipo_pago":"contado","estado_contrato":null,"facturado":"0","fecha_facturacion":null}
[14-Mar-2026 10:13:41 America/Lima] Fila encontrada: {"id_pago":"33","monto":"100.00","fecha_emision":"2025-02-03 00:00:00","ruta":null,"id_asesor":null,"nombre_persona":"CHRISTIAN RODRIGO SOSA SOTO","nro_identidad":"71248649","num_unidad":"74","nombre_asesor":null,"tipo_persona":"conductor","tipo_pago":"contado","estado_contrato":null,"facturado":"0","fecha_facturacion":null}
[14-Mar-2026 10:13:41 America/Lima] Fila encontrada: {"id_pago":"34","monto":"100.00","fecha_emision":"2025-02-03 00:00:00","ruta":null,"id_asesor":null,"nombre_persona":"MAYKI LOPEZ CLAVIJO","nro_identidad":"73355297","num_unidad":"168","nombre_asesor":null,"tipo_persona":"conductor","tipo_pago":"contado","estado_contrato":null,"facturado":"0","fecha_facturacion":null}
[14-Mar-2026 10:13:41 America/Lima] Fila encontrada: {"id_pago":"51","monto":"100.00","fecha_emision":"2025-02-03 00:00:00","ruta":null,"id_asesor":null,"nombre_persona":"MIGUEL EDUARDO PEREZ GONZALEZ","nro_identidad":"005247955","num_unidad":"170","nombre_asesor":null,"tipo_persona":"conductor","tipo_pago":"contado","estado_contrato":null,"facturado":"0","fecha_facturacion":null}
[14-Mar-2026 10:13:41 America/Lima] Fila encontrada: {"id_pago":"52","monto":"100.00","fecha_emision":"2025-02-03 00:00:00","ruta":null,"id_asesor":null,"nombre_persona":"ENGELBERT THOMAS VILLAFUERTE MEDINA","nro_identidad":"30586086","num_unidad":"127","nombre_asesor":null,"tipo_persona":"conductor","tipo_pago":"contado","estado_contrato":null,"facturado":"0","fecha_facturacion":null}
[14-Mar-2026 10:13:41 America/Lima] Fila encontrada: {"id_pago":"54","monto":"100.00","fecha_emision":"2025-02-03 00:00:00","ruta":null,"id_asesor":null,"nombre_persona":"ANGEL ANDRE MU\u00d1OZ MOTTA","nro_identidad":"74125292","num_unidad":"56","nombre_asesor":null,"tipo_persona":"conductor","tipo_pago":"contado","estado_contrato":null,"facturado":"0","fecha_facturacion":null}
[14-Mar-2026 10:13:41 America/Lima] Fila encontrada: {"id_pago":"55","monto":"100.00","fecha_emision":"2025-02-03 00:00:00","ruta":null,"id_asesor":null,"nombre_persona":"GONZALO RAFAEL ZABALA VILLARROEL","nro_identidad":"04172952","num_unidad":"8","nombre_asesor":null,"tipo_persona":"conductor","tipo_pago":"contado","estado_contrato":null,"facturado":"0","fecha_facturacion":null}
[14-Mar-2026 10:13:41 America/Lima] Fila encontrada: {"id_pago":"56","monto":"100.00","fecha_emision":"2025-02-03 00:00:00","ruta":null,"id_asesor":null,"nombre_persona":"BRYAM JEAN PIER MOSCOSO FLORES","nro_identidad":"71074337","num_unidad":"164","nombre_asesor":null,"tipo_persona":"conductor","tipo_pago":"contado","estado_contrato":null,"facturado":"0","fecha_facturacion":null}
[14-Mar-2026 10:13:41 America/Lima] Fila encontrada: {"id_pago":"57","monto":"100.00","fecha_emision":"2025-02-03 00:00:00","ruta":null,"id_asesor":null,"nombre_persona":"JULIAN ENRIQUE CHOQUE TACO","nro_identidad":"77427007","num_unidad":"68","nombre_asesor":null,"tipo_persona":"conductor","tipo_pago":"contado","estado_contrato":null,"facturado":"0","fecha_facturacion":null}
[14-Mar-2026 10:13:41 America/Lima] Fila encontrada: {"id_pago":"58","monto":"100.00","fecha_emision":"2025-02-03 00:00:00","ruta":null,"id_asesor":null,"nombre_persona":"GUSTAVO JAVIER CUBA HUAMAN","nro_identidad":"47134155","num_unidad":"126","nombre_asesor":null,"tipo_persona":"conductor","tipo_pago":"contado","estado_contrato":null,"facturado":"0","fecha_facturacion":null}
[14-Mar-2026 10:13:41 America/Lima] Fila encontrada: {"id_pago":"59","monto":"100.00","fecha_emision":"2025-02-03 00:00:00","ruta":null,"id_asesor":null,"nombre_persona":"LUIS EDUARDO BELTRAN OLAYUNCA","nro_identidad":"75570794","num_unidad":"163","nombre_asesor":null,"tipo_persona":"conductor","tipo_pago":"contado","estado_contrato":null,"facturado":"0","fecha_facturacion":null}
[14-Mar-2026 10:13:41 America/Lima] Fila encontrada: {"id_pago":"60","monto":"100.00","fecha_emision":"2025-02-03 00:00:00","ruta":null,"id_asesor":null,"nombre_persona":"MANUEL IVAN SALAS YAULI","nro_identidad":"72704453","num_unidad":"55","nombre_asesor":null,"tipo_persona":"conductor","tipo_pago":"contado","estado_contrato":null,"facturado":"0","fecha_facturacion":null}
[14-Mar-2026 10:13:41 America/Lima] Fila encontrada: {"id_pago":"61","monto":"100.00","fecha_emision":"2025-02-03 00:00:00","ruta":null,"id_asesor":null,"nombre_persona":"YONNY MANUEL  CASTILLA AREVALO","nro_identidad":"002228032","num_unidad":"72","nombre_asesor":null,"tipo_persona":"conductor","tipo_pago":"contado","estado_contrato":null,"facturado":"0","fecha_facturacion":null}
[14-Mar-2026 10:13:41 America/Lima] Fila encontrada: {"id_pago":"62","monto":"100.00","fecha_emision":"2025-02-03 00:00:00","ruta":null,"id_asesor":null,"nombre_persona":"DEMBER COAGUILA ROMERO","nro_identidad":"80624395","num_unidad":"122","nombre_asesor":null,"tipo_persona":"conductor","tipo_pago":"contado","estado_contrato":null,"facturado":"0","fecha_facturacion":null}
[14-Mar-2026 10:13:41 America/Lima] Fila encontrada: {"id_pago":"63","monto":"100.00","fecha_emision":"2025-02-03 00:00:00","ruta":null,"id_asesor":null,"nombre_persona":"FREDY ANTONIO SALAS ZEGARRA","nro_identidad":"29369389","num_unidad":"52","nombre_asesor":null,"tipo_persona":"conductor","tipo_pago":"contado","estado_contrato":null,"facturado":"0","fecha_facturacion":null}
[14-Mar-2026 10:13:41 America/Lima] Fila encontrada: {"id_pago":"64","monto":"100.00","fecha_emision":"2025-02-03 00:00:00","ruta":null,"id_asesor":null,"nombre_persona":"FRANKLIN MIGUEL CONDORI PACCO","nro_identidad":"43505216","num_unidad":"162","nombre_asesor":null,"tipo_persona":"conductor","tipo_pago":"contado","estado_contrato":null,"facturado":"0","fecha_facturacion":null}
[14-Mar-2026 10:13:41 America/Lima] Fila encontrada: {"id_pago":"65","monto":"100.00","fecha_emision":"2025-02-03 00:00:00","ruta":null,"id_asesor":null,"nombre_persona":"GIOMAR ANTONIO VARGAS HUACHANI","nro_identidad":"47059023","num_unidad":"120","nombre_asesor":null,"tipo_persona":"conductor","tipo_pago":"contado","estado_contrato":null,"facturado":"0","fecha_facturacion":null}
[14-Mar-2026 10:13:41 America/Lima] Fila encontrada: {"id_pago":"66","monto":"100.00","fecha_emision":"2025-02-03 00:00:00","ruta":null,"id_asesor":null,"nombre_persona":"LUIS ADISON SUCA VALERIANO","nro_identidad":"45537123","num_unidad":"67","nombre_asesor":null,"tipo_persona":"conductor","tipo_pago":"contado","estado_contrato":null,"facturado":"0","fecha_facturacion":null}
[14-Mar-2026 10:13:41 America/Lima] Fila encontrada: {"id_pago":"72","monto":"100.00","fecha_emision":"2025-02-03 00:00:00","ruta":null,"id_asesor":null,"nombre_persona":"LUIS ALBERTHO LOAYZA SERRUDO","nro_identidad":"42706440","num_unidad":"66","nombre_asesor":null,"tipo_persona":"conductor","tipo_pago":"contado","estado_contrato":null,"facturado":"0","fecha_facturacion":null}
[14-Mar-2026 10:13:41 America/Lima] Fila encontrada: {"id_pago":"75","monto":"100.00","fecha_emision":"2025-02-03 00:00:00","ruta":null,"id_asesor":null,"nombre_persona":"LUDVING DANIEL HUACCOTO GOIZUETA","nro_identidad":"47430740","num_unidad":"64","nombre_asesor":null,"tipo_persona":"conductor","tipo_pago":"contado","estado_contrato":null,"facturado":"0","fecha_facturacion":null}
[14-Mar-2026 10:13:41 America/Lima] Fila encontrada: {"id_pago":"84","monto":"100.00","fecha_emision":"2025-02-03 00:00:00","ruta":null,"id_asesor":null,"nombre_persona":"CARLOS VICTOR PALOMINO MU\u00d1IZ","nro_identidad":"41226025","num_unidad":"44","nombre_asesor":null,"tipo_persona":"conductor","tipo_pago":"contado","estado_contrato":null,"facturado":"0","fecha_facturacion":null}
[14-Mar-2026 10:13:41 America/Lima] Fila encontrada: {"id_pago":"85","monto":"100.00","fecha_emision":"2025-02-03 00:00:00","ruta":null,"id_asesor":null,"nombre_persona":"DIEGO ABEL CASTRO FLORES","nro_identidad":"76787498","num_unidad":"157","nombre_asesor":null,"tipo_persona":"conductor","tipo_pago":"contado","estado_contrato":null,"facturado":"0","fecha_facturacion":null}
[14-Mar-2026 10:13:41 America/Lima] Fila encontrada: {"id_pago":"86","monto":"100.00","fecha_emision":"2025-02-03 00:00:00","ruta":null,"id_asesor":null,"nombre_persona":"JUSTO ANTONIO CONCHA QUISPE","nro_identidad":"43174792","num_unidad":"17","nombre_asesor":null,"tipo_persona":"conductor","tipo_pago":"contado","estado_contrato":null,"facturado":"0","fecha_facturacion":null}
[14-Mar-2026 10:13:41 America/Lima] Fila encontrada: {"id_pago":"24","monto":"100.00","fecha_emision":"2025-02-02 00:00:00","ruta":null,"id_asesor":null,"nombre_persona":"JULIO CESAR CAHUATA HUARANGA","nro_identidad":"46627540","num_unidad":"79","nombre_asesor":null,"tipo_persona":"conductor","tipo_pago":"contado","estado_contrato":null,"facturado":"0","fecha_facturacion":null}
[14-Mar-2026 10:13:41 America/Lima] Fila encontrada: {"id_pago":"25","monto":"100.00","fecha_emision":"2025-02-02 00:00:00","ruta":null,"id_asesor":null,"nombre_persona":"VICTOR FROILAN AYALA PARI","nro_identidad":"74526461","num_unidad":"78","nombre_asesor":null,"tipo_persona":"conductor","tipo_pago":"contado","estado_contrato":null,"facturado":"0","fecha_facturacion":null}
[14-Mar-2026 10:13:41 America/Lima] Fila encontrada: {"id_pago":"26","monto":"100.00","fecha_emision":"2025-02-02 00:00:00","ruta":null,"id_asesor":null,"nombre_persona":"VICTOR MIGUEL BERNAL LLAMOCA","nro_identidad":"30962992","num_unidad":"77","nombre_asesor":null,"tipo_persona":"conductor","tipo_pago":"contado","estado_contrato":null,"facturado":"0","fecha_facturacion":null}
[14-Mar-2026 10:13:41 America/Lima] Fila encontrada: {"id_pago":"27","monto":"100.00","fecha_emision":"2025-02-02 00:00:00","ruta":null,"id_asesor":null,"nombre_persona":"JOHN RENATO ARROE CORNEJO","nro_identidad":"29658364","num_unidad":"76","nombre_asesor":null,"tipo_persona":"conductor","tipo_pago":"contado","estado_contrato":null,"facturado":"0","fecha_facturacion":null}
[14-Mar-2026 10:13:41 America/Lima] Fila encontrada: {"id_pago":"1","monto":"100.00","fecha_emision":"2025-02-01 00:00:00","ruta":null,"id_asesor":null,"nombre_persona":"ESTRELLA MARIA DEL CARMEN LOPEZ TURPO","nro_identidad":"72314107","num_unidad":"36","nombre_asesor":null,"tipo_persona":"conductor","tipo_pago":"contado","estado_contrato":null,"facturado":"0","fecha_facturacion":null}
[14-Mar-2026 10:13:41 America/Lima] Fila encontrada: {"id_pago":"2","monto":"100.00","fecha_emision":"2025-02-01 00:00:00","ruta":null,"id_asesor":null,"nombre_persona":"MAURO CARRILLO LAYME","nro_identidad":"29704977","num_unidad":"87","nombre_asesor":null,"tipo_persona":"conductor","tipo_pago":"contado","estado_contrato":null,"facturado":"0","fecha_facturacion":null}
[14-Mar-2026 10:13:41 America/Lima] Fila encontrada: {"id_pago":"3","monto":"100.00","fecha_emision":"2025-02-01 00:00:00","ruta":null,"id_asesor":null,"nombre_persona":"JONATHAN DENNIS HERESI GONZALES","nro_identidad":"46188666","num_unidad":"89","nombre_asesor":null,"tipo_persona":"conductor","tipo_pago":"contado","estado_contrato":null,"facturado":"0","fecha_facturacion":null}
[14-Mar-2026 10:13:41 America/Lima] Fila encontrada: {"id_pago":"4","monto":"100.00","fecha_emision":"2025-02-01 00:00:00","ruta":null,"id_asesor":null,"nombre_persona":"LEONARDO ELVIS ENRIQUEZ VILCA","nro_identidad":"47006116","num_unidad":"35","nombre_asesor":null,"tipo_persona":"conductor","tipo_pago":"contado","estado_contrato":null,"facturado":"0","fecha_facturacion":null}
[14-Mar-2026 10:13:41 America/Lima] Fila encontrada: {"id_pago":"5","monto":"100.00","fecha_emision":"2025-02-01 00:00:00","ruta":null,"id_asesor":null,"nombre_persona":"MIGUEL ANGEL COAGUILA QUISPE","nro_identidad":"40946936","num_unidad":"10","nombre_asesor":null,"tipo_persona":"conductor","tipo_pago":"contado","estado_contrato":null,"facturado":"0","fecha_facturacion":null}
[14-Mar-2026 10:13:41 America/Lima] Fila encontrada: {"id_pago":"6","monto":"100.00","fecha_emision":"2025-02-01 00:00:00","ruta":null,"id_asesor":null,"nombre_persona":"DIEGO ALONSO CARDE\u00d1A CUELLAR","nro_identidad":"70405740","num_unidad":"90","nombre_asesor":null,"tipo_persona":"conductor","tipo_pago":"contado","estado_contrato":null,"facturado":"0","fecha_facturacion":null}
[14-Mar-2026 10:13:41 America/Lima] Fila encontrada: {"id_pago":"7","monto":"100.00","fecha_emision":"2025-02-01 00:00:00","ruta":null,"id_asesor":null,"nombre_persona":"JENSON JHONATAN CONDORI MAMANI","nro_identidad":"73482260","num_unidad":"70","nombre_asesor":null,"tipo_persona":"conductor","tipo_pago":"contado","estado_contrato":null,"facturado":"0","fecha_facturacion":null}
[14-Mar-2026 10:13:41 America/Lima] Fila encontrada: {"id_pago":"8","monto":"100.00","fecha_emision":"2025-02-01 00:00:00","ruta":null,"id_asesor":null,"nombre_persona":"YORK JOSE VERA OVIEDO","nro_identidad":"44111807","num_unidad":"32","nombre_asesor":null,"tipo_persona":"conductor","tipo_pago":"contado","estado_contrato":null,"facturado":"0","fecha_facturacion":null}
[14-Mar-2026 10:13:41 America/Lima] Fila encontrada: {"id_pago":"9","monto":"100.00","fecha_emision":"2025-02-01 00:00:00","ruta":null,"id_asesor":null,"nombre_persona":"JAVIER LISANDRO CHAHUAYO DUE\u00d1AS","nro_identidad":"45125182","num_unidad":"65","nombre_asesor":null,"tipo_persona":"conductor","tipo_pago":"contado","estado_contrato":null,"facturado":"0","fecha_facturacion":null}
[14-Mar-2026 10:13:41 America/Lima] Fila encontrada: {"id_pago":"10","monto":"100.00","fecha_emision":"2025-02-01 00:00:00","ruta":null,"id_asesor":null,"nombre_persona":"ELVIS RAMOS SAYA","nro_identidad":"45481150","num_unidad":"31","nombre_asesor":null,"tipo_persona":"conductor","tipo_pago":"contado","estado_contrato":null,"facturado":"0","fecha_facturacion":null}
[14-Mar-2026 10:13:41 America/Lima] Fila encontrada: {"id_pago":"11","monto":"100.00","fecha_emision":"2025-02-01 00:00:00","ruta":null,"id_asesor":null,"nombre_persona":"NESTOR SEGUNDO RAMOS CARRASCO","nro_identidad":"48223104","num_unidad":"95","nombre_asesor":null,"tipo_persona":"conductor","tipo_pago":"contado","estado_contrato":null,"facturado":"0","fecha_facturacion":null}
[14-Mar-2026 10:13:41 America/Lima] Fila encontrada: {"id_pago":"12","monto":"100.00","fecha_emision":"2025-02-01 00:00:00","ruta":null,"id_asesor":null,"nombre_persona":"VICTOR EMILIO LUDGARDO FUENTES CENTTY","nro_identidad":"72000838","num_unidad":"26","nombre_asesor":null,"tipo_persona":"conductor","tipo_pago":"contado","estado_contrato":null,"facturado":"0","fecha_facturacion":null}
[14-Mar-2026 10:13:41 America/Lima] Fila encontrada: {"id_pago":"13","monto":"100.00","fecha_emision":"2025-02-01 00:00:00","ruta":null,"id_asesor":null,"nombre_persona":"JUAN CARLOS LOPEZ -","nro_identidad":"42847681","num_unidad":"54","nombre_asesor":null,"tipo_persona":"conductor","tipo_pago":"contado","estado_contrato":null,"facturado":"0","fecha_facturacion":null}
[14-Mar-2026 10:13:41 America/Lima] Fila encontrada: {"id_pago":"14","monto":"100.00","fecha_emision":"2025-02-01 00:00:00","ruta":null,"id_asesor":null,"nombre_persona":"VICTOR HUGO PACCO MAYHUA","nro_identidad":"44892041","num_unidad":"5","nombre_asesor":null,"tipo_persona":"conductor","tipo_pago":"contado","estado_contrato":null,"facturado":"0","fecha_facturacion":null}
[14-Mar-2026 10:13:41 America/Lima] Fila encontrada: {"id_pago":"15","monto":"100.00","fecha_emision":"2025-02-01 00:00:00","ruta":null,"id_asesor":null,"nombre_persona":"IVAN BAUTISTA MONROY","nro_identidad":"46710456","num_unidad":"24","nombre_asesor":null,"tipo_persona":"conductor","tipo_pago":"contado","estado_contrato":null,"facturado":"0","fecha_facturacion":null}
[14-Mar-2026 10:13:41 America/Lima] Fila encontrada: {"id_pago":"16","monto":"100.00","fecha_emision":"2025-02-01 00:00:00","ruta":null,"id_asesor":null,"nombre_persona":"HENRY SANCHEZ TAPIA","nro_identidad":"48736062","num_unidad":"97","nombre_asesor":null,"tipo_persona":"conductor","tipo_pago":"contado","estado_contrato":null,"facturado":"0","fecha_facturacion":null}
[14-Mar-2026 10:13:41 America/Lima] Fila encontrada: {"id_pago":"17","monto":"100.00","fecha_emision":"2025-02-01 00:00:00","ruta":null,"id_asesor":null,"nombre_persona":"MARTIN JOSE RAMOS PACCO","nro_identidad":"29709761","num_unidad":"53","nombre_asesor":null,"tipo_persona":"conductor","tipo_pago":"contado","estado_contrato":null,"facturado":"0","fecha_facturacion":null}
[14-Mar-2026 10:13:41 America/Lima] Fila encontrada: {"id_pago":"18","monto":"100.00","fecha_emision":"2025-02-01 00:00:00","ruta":null,"id_asesor":null,"nombre_persona":"WILBUR JAVIER RAMOS LLANOS","nro_identidad":"42861306","num_unidad":"2","nombre_asesor":null,"tipo_persona":"conductor","tipo_pago":"contado","estado_contrato":null,"facturado":"0","fecha_facturacion":null}
[14-Mar-2026 10:13:41 America/Lima] Fila encontrada: {"id_pago":"19","monto":"100.00","fecha_emision":"2025-02-01 00:00:00","ruta":null,"id_asesor":null,"nombre_persona":"JOSE PANDIA PANDIA","nro_identidad":"40405973","num_unidad":"43","nombre_asesor":null,"tipo_persona":"conductor","tipo_pago":"contado","estado_contrato":null,"facturado":"0","fecha_facturacion":null}
[14-Mar-2026 10:13:41 America/Lima] Fila encontrada: {"id_pago":"20","monto":"100.00","fecha_emision":"2025-02-01 00:00:00","ruta":null,"id_asesor":null,"nombre_persona":"MIGUEL GUSTAVO TURPO TURPO","nro_identidad":"44499839","num_unidad":"20","nombre_asesor":null,"tipo_persona":"conductor","tipo_pago":"contado","estado_contrato":null,"facturado":"0","fecha_facturacion":null}
[14-Mar-2026 10:13:41 America/Lima] Fila encontrada: {"id_pago":"21","monto":"100.00","fecha_emision":"2025-02-01 00:00:00","ruta":null,"id_asesor":null,"nombre_persona":"RONAL IVAN LAURA CCAMA","nro_identidad":"44612278","num_unidad":"42","nombre_asesor":null,"tipo_persona":"conductor","tipo_pago":"contado","estado_contrato":null,"facturado":"0","fecha_facturacion":null}
[14-Mar-2026 10:13:41 America/Lima] Fila encontrada: {"id_pago":"22","monto":"100.00","fecha_emision":"2025-02-01 00:00:00","ruta":null,"id_asesor":null,"nombre_persona":"CESAR BAYARDO SUCAPUCA CAYO","nro_identidad":"29275996","num_unidad":"1","nombre_asesor":null,"tipo_persona":"conductor","tipo_pago":"contado","estado_contrato":null,"facturado":"0","fecha_facturacion":null}
[14-Mar-2026 10:13:41 America/Lima] Fila encontrada: {"id_pago":"23","monto":"100.00","fecha_emision":"2025-02-01 00:00:00","ruta":null,"id_asesor":null,"nombre_persona":"JOSE WILFREDO VIZCARRA CALSIN","nro_identidad":"80503761","num_unidad":"16","nombre_asesor":null,"tipo_persona":"conductor","tipo_pago":"contado","estado_contrato":null,"facturado":"0","fecha_facturacion":null}
[14-Mar-2026 10:13:51 America/Lima] Búsqueda: '', Start: 0, Length: 10, OrderCol: 0, OrderDir: desc
[14-Mar-2026 10:13:51 America/Lima] Modelo - Búsqueda: '', Start: 0, Length: 10, OrderCol: 0, OrderDir: desc, Usuario: , TipoDoc: 
[14-Mar-2026 10:13:52 America/Lima] Resultados: Total=1585, Filtrados=1585, Filas=10
[14-Mar-2026 10:14:32 America/Lima] Fila encontrada: {"id_pago":"88","monto":"100.00","fecha_emision":"2026-02-28 08:35:04","ruta":"","id_asesor":"132","nombre_persona":"WILDER AGUILAR CUTIPA","nro_identidad":"43519174","num_unidad":null,"nombre_asesor":"JEFERSON MONTES (LIBRE) ","tipo_persona":"cliente","tipo_pago":"contado","estado_contrato":null,"facturado":"1","fecha_facturacion":"2026-03-14 10:14:30"}
[14-Mar-2026 10:14:32 America/Lima] Fila encontrada: {"id_pago":"87","monto":"100.00","fecha_emision":"2026-02-26 13:16:51","ruta":"","id_asesor":"105","nombre_persona":"JAVIER MAMANI CARBAJAL","nro_identidad":"44861372","num_unidad":null,"nombre_asesor":"Sebastian ","tipo_persona":"cliente","tipo_pago":"contado","estado_contrato":null,"facturado":"0","fecha_facturacion":null}
[14-Mar-2026 10:14:32 America/Lima] Fila encontrada: {"id_pago":"86","monto":"100.00","fecha_emision":"2026-02-25 20:47:18","ruta":"","id_asesor":"110","nombre_persona":"FRANKSWA RONALD BELTRAN CORNEJO","nro_identidad":"44036137","num_unidad":null,"nombre_asesor":"ArequipaGo ","tipo_persona":"cliente","tipo_pago":"contado","estado_contrato":null,"facturado":"0","fecha_facturacion":null}
[14-Mar-2026 10:14:32 America/Lima] Fila encontrada: {"id_pago":"85","monto":"100.00","fecha_emision":"2026-02-25 12:54:57","ruta":"","id_asesor":"110","nombre_persona":"JOHAN ALEXANDER MEDINA BEGAZO","nro_identidad":"42711886","num_unidad":null,"nombre_asesor":"ArequipaGo ","tipo_persona":"cliente","tipo_pago":"contado","estado_contrato":null,"facturado":"0","fecha_facturacion":null}
[14-Mar-2026 10:14:32 America/Lima] Fila encontrada: {"id_pago":"84","monto":"100.00","fecha_emision":"2026-02-24 17:22:33","ruta":"","id_asesor":"82","nombre_persona":"RONAL MARCOS QUISPE ARIZACA","nro_identidad":"75076206","num_unidad":null,"nombre_asesor":"Leslie Machaca","tipo_persona":"cliente","tipo_pago":"contado","estado_contrato":null,"facturado":"0","fecha_facturacion":null}
[14-Mar-2026 10:14:32 America/Lima] Fila encontrada: {"id_pago":"83","monto":"100.00","fecha_emision":"2026-02-24 17:22:28","ruta":"","id_asesor":"111","nombre_persona":"YONNY MANUEL CASTILLA RAFFO","nro_identidad":"006235471","num_unidad":null,"nombre_asesor":"YONNY ","tipo_persona":"cliente","tipo_pago":"contado","estado_contrato":null,"facturado":"0","fecha_facturacion":null}
[14-Mar-2026 10:14:32 America/Lima] Fila encontrada: {"id_pago":"82","monto":"100.00","fecha_emision":"2026-02-23 19:40:53","ruta":"","id_asesor":"131","nombre_persona":"MICHAEL BACA QUISPE","nro_identidad":"71329429","num_unidad":null,"nombre_asesor":"Pierina ","tipo_persona":"cliente","tipo_pago":"contado","estado_contrato":null,"facturado":"0","fecha_facturacion":null}
[14-Mar-2026 10:14:32 America/Lima] Fila encontrada: {"id_pago":"81","monto":"100.00","fecha_emision":"2026-02-23 14:58:54","ruta":"","id_asesor":"131","nombre_persona":"JORGE LUIS IDME SUASACA","nro_identidad":"73961195","num_unidad":null,"nombre_asesor":"Pierina ","tipo_persona":"cliente","tipo_pago":"contado","estado_contrato":null,"facturado":"0","fecha_facturacion":null}
[14-Mar-2026 10:14:32 America/Lima] Fila encontrada: {"id_pago":"80","monto":"100.00","fecha_emision":"2026-02-23 14:23:13","ruta":"","id_asesor":"106","nombre_persona":"GERMAN PAUL SAAVEDRA VARGAS","nro_identidad":"44171020","num_unidad":null,"nombre_asesor":"Maria Fernanda ofic 2 ","tipo_persona":"cliente","tipo_pago":"contado","estado_contrato":null,"facturado":"0","fecha_facturacion":null}
[14-Mar-2026 10:14:32 America/Lima] Fila encontrada: {"id_pago":"315","monto":"150.00","fecha_emision":"2026-02-21 13:54:04","ruta":"files\/notasPagoInscripcion\/nota_venta_467.pdf","id_asesor":"111","nombre_persona":"CRISTOPHER ALFONSO ALIAGA CONDORI","nro_identidad":"71926856","num_unidad":"23","nombre_asesor":"YONNY ","tipo_persona":"conductor","tipo_pago":"contado","estado_contrato":null,"facturado":"0","fecha_facturacion":null}
[14-Mar-2026 10:14:32 America/Lima] Fila encontrada: {"id_pago":"79","monto":"100.00","fecha_emision":"2026-02-20 18:34:44","ruta":"","id_asesor":"106","nombre_persona":"FERNANDO MATEO ARAOZ VELA","nro_identidad":"76974199","num_unidad":null,"nombre_asesor":"Maria Fernanda ofic 2 ","tipo_persona":"cliente","tipo_pago":"contado","estado_contrato":null,"facturado":"0","fecha_facturacion":null}
[14-Mar-2026 10:14:32 America/Lima] Fila encontrada: {"id_pago":"78","monto":"100.00","fecha_emision":"2026-02-20 11:01:28","ruta":"","id_asesor":"82","nombre_persona":"RONAL CESAR MAMANI CALLASACA","nro_identidad":"48187669","num_unidad":null,"nombre_asesor":"Leslie Machaca","tipo_persona":"cliente","tipo_pago":"contado","estado_contrato":null,"facturado":"0","fecha_facturacion":null}
[14-Mar-2026 10:14:32 America/Lima] Fila encontrada: {"id_pago":"77","monto":"100.00","fecha_emision":"2026-02-20 11:01:25","ruta":"","id_asesor":"82","nombre_persona":"CLEOFE LLASA CCACYAVILCA","nro_identidad":"62045231","num_unidad":null,"nombre_asesor":"Leslie Machaca","tipo_persona":"cliente","tipo_pago":"contado","estado_contrato":null,"facturado":"0","fecha_facturacion":null}
[14-Mar-2026 10:14:32 America/Lima] Fila encontrada: {"id_pago":"76","monto":"100.00","fecha_emision":"2026-02-19 17:55:25","ruta":"","id_asesor":"131","nombre_persona":"FOLKERT EDWIN FLORES CARDENAS","nro_identidad":"76060206","num_unidad":null,"nombre_asesor":"Pierina ","tipo_persona":"cliente","tipo_pago":"contado","estado_contrato":null,"facturado":"0","fecha_facturacion":null}
[14-Mar-2026 10:14:32 America/Lima] Fila encontrada: {"id_pago":"75","monto":"100.00","fecha_emision":"2026-02-19 11:30:18","ruta":"","id_asesor":"106","nombre_persona":"PABLO FRANCISCO ESPINOZA ANCHAYHUA","nro_identidad":"48002115","num_unidad":null,"nombre_asesor":"Maria Fernanda ofic 2 ","tipo_persona":"cliente","tipo_pago":"contado","estado_contrato":null,"facturado":"0","fecha_facturacion":null}
[14-Mar-2026 10:14:32 America/Lima] Fila encontrada: {"id_pago":"74","monto":"100.00","fecha_emision":"2026-02-19 10:33:28","ruta":"","id_asesor":"82","nombre_persona":"Erika Gabriela  Ruiz Botines","nro_identidad":"004729205","num_unidad":null,"nombre_asesor":"Leslie Machaca","tipo_persona":"cliente","tipo_pago":"contado","estado_contrato":null,"facturado":"0","fecha_facturacion":null}
[14-Mar-2026 10:14:32 America/Lima] Fila encontrada: {"id_pago":"314","monto":"150.00","fecha_emision":"2026-02-18 15:36:07","ruta":"files\/notasPagoInscripcion\/nota_venta_466.pdf","id_asesor":"130","nombre_persona":"CLAUDIO ANTONIO LOPEZ VILLALVA","nro_identidad":"76908417","num_unidad":"1","nombre_asesor":"Ra\u00fal ","tipo_persona":"conductor","tipo_pago":"contado","estado_contrato":null,"facturado":"0","fecha_facturacion":null}
[14-Mar-2026 10:14:32 America/Lima] Fila encontrada: {"id_pago":"313","monto":"150.00","fecha_emision":"2026-02-17 20:14:05","ruta":"files\/notasPagoInscripcion\/nota_venta_465.pdf","id_asesor":"126","nombre_persona":"LUIS ALFREDO MACHUCA PUELLES","nro_identidad":"74834176","num_unidad":"10","nombre_asesor":"Monica  ","tipo_persona":"conductor","tipo_pago":"contado","estado_contrato":null,"facturado":"0","fecha_facturacion":null}
[14-Mar-2026 10:14:32 America/Lima] Fila encontrada: {"id_pago":"73","monto":"100.00","fecha_emision":"2026-02-17 18:35:08","ruta":"","id_asesor":"99","nombre_persona":"PERCY DANIEL SOTO MINAYA","nro_identidad":"74564587","num_unidad":null,"nombre_asesor":"Nixo S\u00e1nchez ","tipo_persona":"cliente","tipo_pago":"contado","estado_contrato":null,"facturado":"0","fecha_facturacion":null}
[14-Mar-2026 10:14:32 America/Lima] Fila encontrada: {"id_pago":"72","monto":"100.00","fecha_emision":"2026-02-13 17:16:44","ruta":"","id_asesor":"121","nombre_persona":"david jonatan sihuin sullani","nro_identidad":"76078595","num_unidad":null,"nombre_asesor":"ALEJANDRO VALDIVIA ","tipo_persona":"cliente","tipo_pago":"contado","estado_contrato":null,"facturado":"0","fecha_facturacion":null}
[14-Mar-2026 10:14:32 America/Lima] Fila encontrada: {"id_pago":"71","monto":"100.00","fecha_emision":"2026-02-12 15:48:07","ruta":"","id_asesor":"131","nombre_persona":"Josely Maribith  Rojas Villegas","nro_identidad":"006797957","num_unidad":null,"nombre_asesor":"Pierina ","tipo_persona":"cliente","tipo_pago":"contado","estado_contrato":null,"facturado":"0","fecha_facturacion":null}
[14-Mar-2026 10:14:32 America/Lima] Fila encontrada: {"id_pago":"70","monto":"100.00","fecha_emision":"2026-02-12 09:17:30","ruta":"","id_asesor":"106","nombre_persona":"GERARDO JOSE  SAAVEDRA GUEDEZ","nro_identidad":"006439695","num_unidad":null,"nombre_asesor":"Maria Fernanda ofic 2 ","tipo_persona":"cliente","tipo_pago":"contado","estado_contrato":null,"facturado":"0","fecha_facturacion":null}
[14-Mar-2026 10:14:32 America/Lima] Fila encontrada: {"id_pago":"311","monto":"150.00","fecha_emision":"2026-02-11 00:00:00","ruta":"files\/notasPagoInscripcion\/nota_venta_contado_463.pdf","id_asesor":"110","nombre_persona":"MAURIZIO DAVID LLANOS BEGAZO","nro_identidad":"73124109","num_unidad":"22","nombre_asesor":"ArequipaGo ","tipo_persona":"conductor","tipo_pago":"cuotas","estado_contrato":null,"facturado":"0","fecha_facturacion":null}
[14-Mar-2026 10:14:32 America/Lima] Fila encontrada: {"id_pago":"309","monto":"100.00","fecha_emision":"2026-02-10 21:07:43","ruta":"files\/notasPagoInscripcion\/nota_venta_462.pdf","id_asesor":"110","nombre_persona":"CARLOS MIGUEL GARRIDO GAVIDIA","nro_identidad":"43810615","num_unidad":"8","nombre_asesor":"ArequipaGo ","tipo_persona":"conductor","tipo_pago":"contado","estado_contrato":null,"facturado":"0","fecha_facturacion":null}
[14-Mar-2026 10:14:32 America/Lima] Fila encontrada: {"id_pago":"68","monto":"100.00","fecha_emision":"2026-02-10 18:39:59","ruta":"","id_asesor":"92","nombre_persona":"JEAN PAUL CHOQUEHUANCA APAZA","nro_identidad":"76007025","num_unidad":null,"nombre_asesor":"jeferson chopita ","tipo_persona":"cliente","tipo_pago":"contado","estado_contrato":null,"facturado":"0","fecha_facturacion":null}
[14-Mar-2026 10:14:32 America/Lima] Fila encontrada: {"id_pago":"67","monto":"100.00","fecha_emision":"2026-02-10 14:44:45","ruta":"","id_asesor":"79","nombre_persona":"MARIBEL IVONNE TURPO TURPO","nro_identidad":"61039529","num_unidad":null,"nombre_asesor":"Lorena Diaz","tipo_persona":"cliente","tipo_pago":"contado","estado_contrato":null,"facturado":"0","fecha_facturacion":null}
[14-Mar-2026 10:14:32 America/Lima] Fila encontrada: {"id_pago":"66","monto":"100.00","fecha_emision":"2026-02-10 14:09:32","ruta":"","id_asesor":"102","nombre_persona":"MARCO ANTONIO PACCO HUAMANSULCA","nro_identidad":"78635852","num_unidad":null,"nombre_asesor":"Ankarii ","tipo_persona":"cliente","tipo_pago":"contado","estado_contrato":null,"facturado":"0","fecha_facturacion":null}
[14-Mar-2026 10:14:32 America/Lima] Fila encontrada: {"id_pago":"308","monto":"110.00","fecha_emision":"2026-02-10 12:32:39","ruta":"files\/notasPagoInscripcion\/nota_venta_315.pdf","id_asesor":"110","nombre_persona":"JUAN CARLOS CONDORIMAY QUISPE","nro_identidad":"43095128","num_unidad":"338","nombre_asesor":"ArequipaGo ","tipo_persona":"conductor","tipo_pago":"cuotas","estado_contrato":null,"facturado":"0","fecha_facturacion":null}
[14-Mar-2026 10:14:32 America/Lima] Fila encontrada: {"id_pago":"307","monto":"50.00","fecha_emision":"2026-02-10 12:31:50","ruta":"files\/notasPagoInscripcion\/nota_venta_314.pdf","id_asesor":"110","nombre_persona":"JUAN CARLOS CONDORIMAY QUISPE","nro_identidad":"43095128","num_unidad":"338","nombre_asesor":"ArequipaGo ","tipo_persona":"conductor","tipo_pago":"cuotas","estado_contrato":null,"facturado":"0","fecha_facturacion":null}
[14-Mar-2026 10:14:32 America/Lima] Fila encontrada: {"id_pago":"65","monto":"100.00","fecha_emision":"2026-02-07 11:24:21","ruta":"","id_asesor":"92","nombre_persona":"LUIS ALBERTO GUTIERREZ CRUZ","nro_identidad":"42903005","num_unidad":null,"nombre_asesor":"jeferson chopita ","tipo_persona":"cliente","tipo_pago":"contado","estado_contrato":null,"facturado":"0","fecha_facturacion":null}
[14-Mar-2026 10:14:32 America/Lima] Fila encontrada: {"id_pago":"64","monto":"100.00","fecha_emision":"2026-02-04 16:57:06","ruta":"","id_asesor":"92","nombre_persona":"DIEGO HAIR AYALA PARI","nro_identidad":"74526463","num_unidad":null,"nombre_asesor":"jeferson chopita ","tipo_persona":"cliente","tipo_pago":"contado","estado_contrato":null,"facturado":"0","fecha_facturacion":null}
[14-Mar-2026 10:14:32 America/Lima] Fila encontrada: {"id_pago":"63","monto":"100.00","fecha_emision":"2026-02-03 21:00:34","ruta":"","id_asesor":"106","nombre_persona":"RONALD CIRO QUISPE YANA","nro_identidad":"70288452","num_unidad":null,"nombre_asesor":"Maria Fernanda ofic 2 ","tipo_persona":"cliente","tipo_pago":"contado","estado_contrato":null,"facturado":"0","fecha_facturacion":null}
[14-Mar-2026 10:14:32 America/Lima] Fila encontrada: {"id_pago":"62","monto":"100.00","fecha_emision":"2026-02-01 15:39:40","ruta":"","id_asesor":"105","nombre_persona":"SANTIAGO JOSE FLORES CRUCES","nro_identidad":"75217252","num_unidad":null,"nombre_asesor":"Sebastian ","tipo_persona":"cliente","tipo_pago":"contado","estado_contrato":null,"facturado":"0","fecha_facturacion":null}
[14-Mar-2026 10:14:32 America/Lima] Fila encontrada: {"id_pago":"61","monto":"100.00","fecha_emision":"2026-02-01 15:39:29","ruta":"","id_asesor":"99","nombre_persona":"JOSUE ZEGARRA VELASCO","nro_identidad":"47792873","num_unidad":null,"nombre_asesor":"Nixo S\u00e1nchez ","tipo_persona":"cliente","tipo_pago":"contado","estado_contrato":null,"facturado":"0","fecha_facturacion":null}
[14-Mar-2026 10:14:32 America/Lima] Fila encontrada: {"id_pago":"60","monto":"100.00","fecha_emision":"2026-01-29 14:25:22","ruta":"","id_asesor":"82","nombre_persona":"ROLY RODRIGO CUTIRE HUILLCA","nro_identidad":"75658299","num_unidad":null,"nombre_asesor":"Leslie Machaca","tipo_persona":"cliente","tipo_pago":"contado","estado_contrato":null,"facturado":"0","fecha_facturacion":null}
[14-Mar-2026 10:14:32 America/Lima] Fila encontrada: {"id_pago":"59","monto":"100.00","fecha_emision":"2026-01-27 22:27:21","ruta":"","id_asesor":"103","nombre_persona":"Jonathan Vidal  Ria\u00f1o Ereu","nro_identidad":"006254200","num_unidad":null,"nombre_asesor":"Kristopher Salgado ","tipo_persona":"cliente","tipo_pago":"contado","estado_contrato":null,"facturado":"0","fecha_facturacion":null}
[14-Mar-2026 10:14:32 America/Lima] Fila encontrada: {"id_pago":"305","monto":"150.00","fecha_emision":"2026-01-26 18:47:29","ruta":"files\/notasPagoInscripcion\/nota_venta_461.pdf","id_asesor":"110","nombre_persona":"Jose Rafael  Hernandez Mora","nro_identidad":"006254987","num_unidad":"21","nombre_asesor":"ArequipaGo ","tipo_persona":"conductor","tipo_pago":"contado","estado_contrato":null,"facturado":"0","fecha_facturacion":null}
[14-Mar-2026 10:14:32 America/Lima] Fila encontrada: {"id_pago":"58","monto":"100.00","fecha_emision":"2026-01-26 14:14:40","ruta":"","id_asesor":"121","nombre_persona":"JOEL NELSON MAMANI SUMARINI","nro_identidad":"42975533","num_unidad":null,"nombre_asesor":"ALEJANDRO VALDIVIA ","tipo_persona":"cliente","tipo_pago":"contado","estado_contrato":null,"facturado":"0","fecha_facturacion":null}
[14-Mar-2026 10:14:32 America/Lima] Fila encontrada: {"id_pago":"57","monto":"100.00","fecha_emision":"2026-01-24 13:16:02","ruta":"","id_asesor":"85","nombre_persona":"CESAR AUGUSTO HUACOTO RIVERA","nro_identidad":"61755450","num_unidad":null,"nombre_asesor":"yessenia avalos ","tipo_persona":"cliente","tipo_pago":"contado","estado_contrato":null,"facturado":"0","fecha_facturacion":null}
[14-Mar-2026 10:14:32 America/Lima] Fila encontrada: {"id_pago":"56","monto":"100.00","fecha_emision":"2026-01-23 13:56:04","ruta":"","id_asesor":"105","nombre_persona":"Andres Wilfredo Callata Yucra","nro_identidad":"29711810","num_unidad":null,"nombre_asesor":"Sebastian ","tipo_persona":"cliente","tipo_pago":"contado","estado_contrato":null,"facturado":"0","fecha_facturacion":null}
[14-Mar-2026 10:14:32 America/Lima] Fila encontrada: {"id_pago":"55","monto":"100.00","fecha_emision":"2026-01-23 11:35:03","ruta":"","id_asesor":"105","nombre_persona":"NIVER RAUL VILLA ESPINAL","nro_identidad":"44630601","num_unidad":null,"nombre_asesor":"Sebastian ","tipo_persona":"cliente","tipo_pago":"contado","estado_contrato":null,"facturado":"0","fecha_facturacion":null}
[14-Mar-2026 10:14:32 America/Lima] Fila encontrada: {"id_pago":"54","monto":"100.00","fecha_emision":"2026-01-23 11:35:00","ruta":"","id_asesor":"82","nombre_persona":"ALBERTO MARTIN FUENTES CASTILLO","nro_identidad":"47364528","num_unidad":null,"nombre_asesor":"Leslie Machaca","tipo_persona":"cliente","tipo_pago":"contado","estado_contrato":null,"facturado":"0","fecha_facturacion":null}
[14-Mar-2026 10:14:32 America/Lima] Fila encontrada: {"id_pago":"53","monto":"100.00","fecha_emision":"2026-01-23 10:52:33","ruta":"","id_asesor":"99","nombre_persona":"STHEFANY CASTILLA SARAVIA","nro_identidad":"72889281","num_unidad":null,"nombre_asesor":"Nixo S\u00e1nchez ","tipo_persona":"cliente","tipo_pago":"contado","estado_contrato":null,"facturado":"0","fecha_facturacion":null}
[14-Mar-2026 10:14:32 America/Lima] Fila encontrada: {"id_pago":"52","monto":"100.00","fecha_emision":"2026-01-16 11:53:35","ruta":"","id_asesor":"111","nombre_persona":"JHON THOP LAURA HUARCAYA","nro_identidad":"70379876","num_unidad":null,"nombre_asesor":"YONNY ","tipo_persona":"cliente","tipo_pago":"contado","estado_contrato":null,"facturado":"0","fecha_facturacion":null}
[14-Mar-2026 10:14:32 America/Lima] Fila encontrada: {"id_pago":"304","monto":"150.00","fecha_emision":"2026-01-16 11:29:05","ruta":"files\/notasPagoInscripcion\/nota_venta_460.pdf","id_asesor":"110","nombre_persona":"Nathan Antonio Valencia Antonio","nro_identidad":"02883163","num_unidad":"20","nombre_asesor":"ArequipaGo ","tipo_persona":"conductor","tipo_pago":"contado","estado_contrato":null,"facturado":"0","fecha_facturacion":null}
[14-Mar-2026 10:14:32 America/Lima] Fila encontrada: {"id_pago":"303","monto":"150.00","fecha_emision":"2026-01-12 14:38:46","ruta":"files\/notasPagoInscripcion\/nota_venta_459.pdf","id_asesor":"110","nombre_persona":"JOSE ERNESTO  CHIVICO TONITO","nro_identidad":"006795416","num_unidad":"19","nombre_asesor":"ArequipaGo ","tipo_persona":"conductor","tipo_pago":"contado","estado_contrato":null,"facturado":"0","fecha_facturacion":null}
[14-Mar-2026 10:14:32 America/Lima] Fila encontrada: {"id_pago":"302","monto":"150.00","fecha_emision":"2026-01-12 13:51:58","ruta":"files\/notasPagoInscripcion\/nota_venta_458.pdf","id_asesor":"110","nombre_persona":"EDWARD ALEJANDRO GONZALEZ -","nro_identidad":"007537933","num_unidad":"18","nombre_asesor":"ArequipaGo ","tipo_persona":"conductor","tipo_pago":"contado","estado_contrato":null,"facturado":"0","fecha_facturacion":null}
[14-Mar-2026 10:14:32 America/Lima] Fila encontrada: {"id_pago":"51","monto":"100.00","fecha_emision":"2026-01-09 10:39:08","ruta":"","id_asesor":"110","nombre_persona":"ANTONY STEVE CARLOS MAMANI","nro_identidad":"70580837","num_unidad":null,"nombre_asesor":"ArequipaGo ","tipo_persona":"cliente","tipo_pago":"contado","estado_contrato":null,"facturado":"0","fecha_facturacion":null}
[14-Mar-2026 10:14:32 America/Lima] Fila encontrada: {"id_pago":"301","monto":"100.00","fecha_emision":"2026-01-07 18:24:54","ruta":"files\/notasPagoInscripcion\/nota_venta_457.pdf","id_asesor":"110","nombre_persona":"YONATHAN LEOPOLDO ARIAS PAZOS","nro_identidad":"41094118","num_unidad":"7","nombre_asesor":"ArequipaGo ","tipo_persona":"conductor","tipo_pago":"contado","estado_contrato":null,"facturado":"0","fecha_facturacion":null}
[14-Mar-2026 10:14:32 America/Lima] Fila encontrada: {"id_pago":"300","monto":"100.00","fecha_emision":"2026-01-07 18:24:06","ruta":"files\/notasPagoInscripcion\/nota_venta_456.pdf","id_asesor":"110","nombre_persona":"DAVID MARIO PAJARES PAREDES","nro_identidad":"07765709","num_unidad":"6","nombre_asesor":"ArequipaGo ","tipo_persona":"conductor","tipo_pago":"contado","estado_contrato":null,"facturado":"0","fecha_facturacion":null}
[14-Mar-2026 10:14:32 America/Lima] Fila encontrada: {"id_pago":"299","monto":"100.00","fecha_emision":"2026-01-07 17:51:39","ruta":"files\/notasPagoInscripcion\/nota_venta_455.pdf","id_asesor":"110","nombre_persona":"LISSET CARMEN PAJARES PAREDES","nro_identidad":"40053182","num_unidad":"5","nombre_asesor":"ArequipaGo ","tipo_persona":"conductor","tipo_pago":"contado","estado_contrato":null,"facturado":"0","fecha_facturacion":null}
[14-Mar-2026 10:14:32 America/Lima] Fila encontrada: {"id_pago":"50","monto":"100.00","fecha_emision":"2026-01-07 12:09:13","ruta":"","id_asesor":"82","nombre_persona":"JUAN COPARA PADILLA","nro_identidad":"44409558","num_unidad":null,"nombre_asesor":"Leslie Machaca","tipo_persona":"cliente","tipo_pago":"contado","estado_contrato":null,"facturado":"0","fecha_facturacion":null}
[14-Mar-2026 10:14:32 America/Lima] Fila encontrada: {"id_pago":"49","monto":"100.00","fecha_emision":"2026-01-07 12:09:09","ruta":"","id_asesor":"99","nombre_persona":"HERMENEGILDO RICARDO ARESTEGUI MOTTA","nro_identidad":"74118552","num_unidad":null,"nombre_asesor":"Nixo S\u00e1nchez ","tipo_persona":"cliente","tipo_pago":"contado","estado_contrato":null,"facturado":"0","fecha_facturacion":null}
[14-Mar-2026 10:14:32 America/Lima] Fila encontrada: {"id_pago":"48","monto":"100.00","fecha_emision":"2026-01-06 08:34:36","ruta":"","id_asesor":"105","nombre_persona":"JUAN WILFREDO TOHALINO FLORES","nro_identidad":"45728315","num_unidad":null,"nombre_asesor":"Sebastian ","tipo_persona":"cliente","tipo_pago":"contado","estado_contrato":null,"facturado":"0","fecha_facturacion":null}
[14-Mar-2026 10:14:32 America/Lima] Fila encontrada: {"id_pago":"298","monto":"150.00","fecha_emision":"2025-12-31 15:09:34","ruta":"files\/notasPagoInscripcion\/nota_venta_454.pdf","id_asesor":"110","nombre_persona":"SERGIO ANDRES SANCHEZ ALCOS","nro_identidad":"72693765","num_unidad":"17","nombre_asesor":"ArequipaGo ","tipo_persona":"conductor","tipo_pago":"contado","estado_contrato":null,"facturado":"0","fecha_facturacion":null}
[14-Mar-2026 10:14:32 America/Lima] Fila encontrada: {"id_pago":"47","monto":"100.00","fecha_emision":"2025-12-31 14:12:43","ruta":"","id_asesor":"105","nombre_persona":"RUBEN WILDRAN MAMANI MAMANI","nro_identidad":"73342808","num_unidad":null,"nombre_asesor":"Sebastian ","tipo_persona":"cliente","tipo_pago":"contado","estado_contrato":null,"facturado":"0","fecha_facturacion":null}
[14-Mar-2026 10:14:32 America/Lima] Fila encontrada: {"id_pago":"46","monto":"100.00","fecha_emision":"2025-12-31 14:11:58","ruta":"","id_asesor":"82","nombre_persona":"VICTOR RAUL LLACMA VARGAS","nro_identidad":"46023550","num_unidad":null,"nombre_asesor":"Leslie Machaca","tipo_persona":"cliente","tipo_pago":"contado","estado_contrato":null,"facturado":"0","fecha_facturacion":null}
[14-Mar-2026 10:14:32 America/Lima] Fila encontrada: {"id_pago":"45","monto":"100.00","fecha_emision":"2025-12-31 14:11:34","ruta":"","id_asesor":"105","nombre_persona":"CELSO RICHARD VILCAHUAMAN CHURATA","nro_identidad":"41339192","num_unidad":null,"nombre_asesor":"Sebastian ","tipo_persona":"cliente","tipo_pago":"contado","estado_contrato":null,"facturado":"0","fecha_facturacion":null}
[14-Mar-2026 10:14:32 America/Lima] Fila encontrada: {"id_pago":"44","monto":"100.00","fecha_emision":"2025-12-31 14:10:39","ruta":"","id_asesor":"82","nombre_persona":"WILBER FELICIANO MEJIA MAMANI","nro_identidad":"46184944","num_unidad":null,"nombre_asesor":"Leslie Machaca","tipo_persona":"cliente","tipo_pago":"contado","estado_contrato":null,"facturado":"0","fecha_facturacion":null}
[14-Mar-2026 10:14:32 America/Lima] Fila encontrada: {"id_pago":"43","monto":"100.00","fecha_emision":"2025-12-30 17:28:18","ruta":"","id_asesor":"105","nombre_persona":"EDUARDO DERLY CALDERON SARMIENTO","nro_identidad":"46678652","num_unidad":null,"nombre_asesor":"Sebastian ","tipo_persona":"cliente","tipo_pago":"contado","estado_contrato":null,"facturado":"0","fecha_facturacion":null}
[14-Mar-2026 10:14:32 America/Lima] Fila encontrada: {"id_pago":"42","monto":"100.00","fecha_emision":"2025-12-18 09:26:32","ruta":"","id_asesor":"125","nombre_persona":"AIDAN ANDRE TORREBLANCA CARRASCO","nro_identidad":"72247775","num_unidad":null,"nombre_asesor":"Leones Go ","tipo_persona":"cliente","tipo_pago":"contado","estado_contrato":null,"facturado":"0","fecha_facturacion":null}
[14-Mar-2026 10:14:32 America/Lima] Fila encontrada: {"id_pago":"41","monto":"100.00","fecha_emision":"2025-12-04 12:26:09","ruta":"","id_asesor":"78","nombre_persona":"JOSE MARIA SAMOS QUIROZ","nro_identidad":"72040390","num_unidad":null,"nombre_asesor":"GianJesus Ramos","tipo_persona":"cliente","tipo_pago":"contado","estado_contrato":null,"facturado":"0","fecha_facturacion":null}
[14-Mar-2026 10:14:32 America/Lima] Fila encontrada: {"id_pago":"40","monto":"100.00","fecha_emision":"2025-12-04 12:19:05","ruta":"","id_asesor":"78","nombre_persona":"JEFERSON ANTONIO  MONTES RIVERA","nro_identidad":"46934410","num_unidad":null,"nombre_asesor":"GianJesus Ramos","tipo_persona":"cliente","tipo_pago":"contado","estado_contrato":null,"facturado":"0","fecha_facturacion":null}
[14-Mar-2026 10:14:32 America/Lima] Fila encontrada: {"id_pago":"297","monto":"150.00","fecha_emision":"2025-12-03 12:32:14","ruta":"files\/notasPagoInscripcion\/nota_venta_305.pdf","id_asesor":"78","nombre_persona":"GABRIEL ANTONIO MONTA\u00d1O RUIZ","nro_identidad":"006512363","num_unidad":"270","nombre_asesor":"GianJesus Ramos","tipo_persona":"conductor","tipo_pago":"cuotas","estado_contrato":null,"facturado":"0","fecha_facturacion":null}
[14-Mar-2026 10:14:32 America/Lima] Fila encontrada: {"id_pago":"39","monto":"100.00","fecha_emision":"2025-11-26 13:51:47","ruta":"","id_asesor":"110","nombre_persona":"NATALY MERCEDES CANAZA BELIZARIO","nro_identidad":"45589803","num_unidad":null,"nombre_asesor":"ArequipaGo ","tipo_persona":"cliente","tipo_pago":"contado","estado_contrato":null,"facturado":"0","fecha_facturacion":null}
[14-Mar-2026 10:14:32 America/Lima] Fila encontrada: {"id_pago":"38","monto":"100.00","fecha_emision":"2025-11-26 13:51:30","ruta":"","id_asesor":"110","nombre_persona":"DIANA LORENA SANCHEZ DIAZ","nro_identidad":"72693626","num_unidad":null,"nombre_asesor":"ArequipaGo ","tipo_persona":"cliente","tipo_pago":"contado","estado_contrato":null,"facturado":"0","fecha_facturacion":null}
[14-Mar-2026 10:14:32 America/Lima] Fila encontrada: {"id_pago":"37","monto":"100.00","fecha_emision":"2025-11-26 13:51:04","ruta":"","id_asesor":"110","nombre_persona":"GIANCARLOS JESUS RAMOS LEZAMA","nro_identidad":"47606585","num_unidad":null,"nombre_asesor":"ArequipaGo ","tipo_persona":"cliente","tipo_pago":"contado","estado_contrato":null,"facturado":"0","fecha_facturacion":null}
[14-Mar-2026 10:14:32 America/Lima] Fila encontrada: {"id_pago":"296","monto":"150.00","fecha_emision":"2025-11-18 22:02:50","ruta":"files\/notasPagoInscripcion\/nota_venta_453.pdf","id_asesor":"110","nombre_persona":"Jose Rodrigo Velazco Zu\u00f1iga","nro_identidad":"76610693","num_unidad":"16","nombre_asesor":"ArequipaGo ","tipo_persona":"conductor","tipo_pago":"contado","estado_contrato":null,"facturado":"0","fecha_facturacion":null}
[14-Mar-2026 10:14:32 America/Lima] Fila encontrada: {"id_pago":"35","monto":"100.00","fecha_emision":"2025-11-18 15:47:28","ruta":"","id_asesor":"103","nombre_persona":"Jesus Rodrigo  Ria\u00f1o Ereu","nro_identidad":"005411300","num_unidad":null,"nombre_asesor":"Kristopher Salgado ","tipo_persona":"cliente","tipo_pago":"contado","estado_contrato":null,"facturado":"0","fecha_facturacion":null}
[14-Mar-2026 10:14:32 America/Lima] Fila encontrada: {"id_pago":"33","monto":"100.00","fecha_emision":"2025-11-11 10:55:01","ruta":"","id_asesor":"79","nombre_persona":"MOISES FAUSTO ZAPANA CHARRES","nro_identidad":"29443124","num_unidad":null,"nombre_asesor":"Lorena Diaz","tipo_persona":"cliente","tipo_pago":"contado","estado_contrato":null,"facturado":"0","fecha_facturacion":null}
[14-Mar-2026 10:14:32 America/Lima] Fila encontrada: {"id_pago":"32","monto":"100.00","fecha_emision":"2025-11-10 14:56:24","ruta":"","id_asesor":"106","nombre_persona":"ALAN WILFREDO LANZA SUCNO","nro_identidad":"43208793","num_unidad":null,"nombre_asesor":"Maria Fernanda ofic 2 ","tipo_persona":"cliente","tipo_pago":"contado","estado_contrato":null,"facturado":"0","fecha_facturacion":null}
[14-Mar-2026 10:14:32 America/Lima] Fila encontrada: {"id_pago":"295","monto":"100.00","fecha_emision":"2025-11-10 10:34:49","ruta":"files\/notasPagoInscripcion\/nota_venta_452.pdf","id_asesor":"110","nombre_persona":"JUAN CARLOS CONDORIMAY QUISPE","nro_identidad":"43095128","num_unidad":"338","nombre_asesor":"ArequipaGo ","tipo_persona":"conductor","tipo_pago":"cuotas","estado_contrato":null,"facturado":"0","fecha_facturacion":null}
[14-Mar-2026 10:14:32 America/Lima] Fila encontrada: {"id_pago":"294","monto":"150.00","fecha_emision":"2025-11-08 14:43:20","ruta":"files\/notasPagoInscripcion\/nota_venta_448.pdf","id_asesor":"79","nombre_persona":"GEANFRANCO LEONARDO MORA TICONA","nro_identidad":"76293171","num_unidad":"15","nombre_asesor":"Lorena Diaz","tipo_persona":"conductor","tipo_pago":"contado","estado_contrato":null,"facturado":"0","fecha_facturacion":null}
[14-Mar-2026 10:14:32 America/Lima] Fila encontrada: {"id_pago":"31","monto":"100.00","fecha_emision":"2025-11-08 10:45:39","ruta":"","id_asesor":"123","nombre_persona":"jose carlos arestegui mollepaza","nro_identidad":"47490530","num_unidad":null,"nombre_asesor":"DANIA COPARA ","tipo_persona":"cliente","tipo_pago":"contado","estado_contrato":null,"facturado":"0","fecha_facturacion":null}
[14-Mar-2026 10:14:32 America/Lima] Fila encontrada: {"id_pago":"30","monto":"100.00","fecha_emision":"2025-11-06 16:16:57","ruta":"","id_asesor":"106","nombre_persona":"VICTOR FERNANDO TACO PACHECO","nro_identidad":"46860785","num_unidad":null,"nombre_asesor":"Maria Fernanda ofic 2 ","tipo_persona":"cliente","tipo_pago":"contado","estado_contrato":null,"facturado":"0","fecha_facturacion":null}
[14-Mar-2026 10:14:32 America/Lima] Fila encontrada: {"id_pago":"293","monto":"250.00","fecha_emision":"2025-11-06 15:55:26","ruta":"files\/notasPagoInscripcion\/nota_venta_447.pdf","id_asesor":"110","nombre_persona":"LEONIDAS BEJAR CALLA\u00d1AUPA","nro_identidad":"42904616","num_unidad":"305","nombre_asesor":"ArequipaGo ","tipo_persona":"conductor","tipo_pago":"contado","estado_contrato":null,"facturado":"0","fecha_facturacion":null}
[14-Mar-2026 10:14:32 America/Lima] Fila encontrada: {"id_pago":"292","monto":"50.00","fecha_emision":"2025-11-06 13:18:05","ruta":"files\/notasPagoInscripcion\/nota_venta_300.pdf","id_asesor":"104","nombre_persona":"ANIUSKA KARINA RODRIGUEZ MARQUEZ","nro_identidad":"003720136","num_unidad":"4","nombre_asesor":"Joel Ojeda ","tipo_persona":"conductor","tipo_pago":"cuotas","estado_contrato":null,"facturado":"0","fecha_facturacion":null}
[14-Mar-2026 10:14:32 America/Lima] Fila encontrada: {"id_pago":"29","monto":"100.00","fecha_emision":"2025-11-03 18:15:51","ruta":"","id_asesor":"105","nombre_persona":"GILBERTO ANTONIO - MONTA\u00d1O","nro_identidad":"006411421","num_unidad":null,"nombre_asesor":"Sebastian ","tipo_persona":"cliente","tipo_pago":"contado","estado_contrato":null,"facturado":"0","fecha_facturacion":null}
[14-Mar-2026 10:14:32 America/Lima] Fila encontrada: {"id_pago":"291","monto":"50.00","fecha_emision":"2025-10-31 10:51:51","ruta":"files\/notasPagoInscripcion\/nota_venta_299.pdf","id_asesor":"104","nombre_persona":"ANIUSKA KARINA RODRIGUEZ MARQUEZ","nro_identidad":"003720136","num_unidad":"4","nombre_asesor":"Joel Ojeda ","tipo_persona":"conductor","tipo_pago":"cuotas","estado_contrato":null,"facturado":"0","fecha_facturacion":null}
[14-Mar-2026 10:14:32 America/Lima] Fila encontrada: {"id_pago":"28","monto":"100.00","fecha_emision":"2025-10-31 09:40:15","ruta":"","id_asesor":"110","nombre_persona":"JOSE LUIS BETANCUR ACSARA","nro_identidad":"46206748","num_unidad":null,"nombre_asesor":"ArequipaGo ","tipo_persona":"cliente","tipo_pago":"contado","estado_contrato":null,"facturado":"0","fecha_facturacion":null}
[14-Mar-2026 10:14:32 America/Lima] Fila encontrada: {"id_pago":"27","monto":"100.00","fecha_emision":"2025-10-31 09:39:09","ruta":"","id_asesor":"110","nombre_persona":"SANTIAGO CCAPA LAROTA","nro_identidad":"40676766","num_unidad":null,"nombre_asesor":"ArequipaGo ","tipo_persona":"cliente","tipo_pago":"contado","estado_contrato":null,"facturado":"0","fecha_facturacion":null}
[14-Mar-2026 10:14:32 America/Lima] Fila encontrada: {"id_pago":"26","monto":"100.00","fecha_emision":"2025-10-31 09:37:22","ruta":"","id_asesor":"110","nombre_persona":"ELVIS DAVID CAYLLAHUA MAMANI","nro_identidad":"47971550","num_unidad":null,"nombre_asesor":"ArequipaGo ","tipo_persona":"cliente","tipo_pago":"contado","estado_contrato":null,"facturado":"0","fecha_facturacion":null}
[14-Mar-2026 10:14:32 America/Lima] Fila encontrada: {"id_pago":"22","monto":"100.00","fecha_emision":"2025-10-30 12:11:17","ruta":"","id_asesor":"79","nombre_persona":"LUZ MARINA TURPO TURPO","nro_identidad":"47175951","num_unidad":null,"nombre_asesor":"Lorena Diaz","tipo_persona":"cliente","tipo_pago":"contado","estado_contrato":null,"facturado":"0","fecha_facturacion":null}
[14-Mar-2026 10:14:32 America/Lima] Fila encontrada: {"id_pago":"21","monto":"100.00","fecha_emision":"2025-10-30 12:02:11","ruta":"","id_asesor":"79","nombre_persona":"MIJAEL LENNINS TURPO TURPO","nro_identidad":"75321040","num_unidad":null,"nombre_asesor":"Lorena Diaz","tipo_persona":"cliente","tipo_pago":"contado","estado_contrato":null,"facturado":"0","fecha_facturacion":null}
[14-Mar-2026 10:14:32 America/Lima] Fila encontrada: {"id_pago":"290","monto":"50.00","fecha_emision":"2025-10-16 17:18:28","ruta":"files\/notasPagoInscripcion\/nota_venta_446.pdf","id_asesor":"110","nombre_persona":"ANIUSKA KARINA RODRIGUEZ MARQUEZ","nro_identidad":"003720136","num_unidad":"4","nombre_asesor":"ArequipaGo ","tipo_persona":"conductor","tipo_pago":"cuotas","estado_contrato":null,"facturado":"0","fecha_facturacion":null}
[14-Mar-2026 10:14:32 America/Lima] Fila encontrada: {"id_pago":"18","monto":"100.00","fecha_emision":"2025-10-15 14:29:46","ruta":"","id_asesor":"78","nombre_persona":"Dania Heimy Copara Padilla","nro_identidad":"42796891","num_unidad":null,"nombre_asesor":"GianJesus Ramos","tipo_persona":"cliente","tipo_pago":"contado","estado_contrato":null,"facturado":"0","fecha_facturacion":null}
[14-Mar-2026 10:14:32 America/Lima] Fila encontrada: {"id_pago":"288","monto":"100.00","fecha_emision":"2025-10-14 16:30:03","ruta":"files\/notasPagoInscripcion\/nota_venta_296.pdf","id_asesor":"122","nombre_persona":"carlos luis segarra guerrero","nro_identidad":"006821198","num_unidad":"3","nombre_asesor":"Marcelo Vega ","tipo_persona":"conductor","tipo_pago":"cuotas","estado_contrato":null,"facturado":"0","fecha_facturacion":null}
[14-Mar-2026 10:14:32 America/Lima] Fila encontrada: {"id_pago":"287","monto":"50.00","fecha_emision":"2025-10-14 16:22:40","ruta":"files\/notasPagoInscripcion\/nota_venta_444.pdf","id_asesor":"110","nombre_persona":"carlos luis segarra guerrero","nro_identidad":"006821198","num_unidad":"3","nombre_asesor":"ArequipaGo ","tipo_persona":"conductor","tipo_pago":"cuotas","estado_contrato":null,"facturado":"0","fecha_facturacion":null}
[14-Mar-2026 10:14:32 America/Lima] Fila encontrada: {"id_pago":"286","monto":"100.00","fecha_emision":"2025-10-14 16:15:56","ruta":"files\/notasPagoInscripcion\/nota_venta_443.pdf","id_asesor":"110","nombre_persona":"CESIBEL SALAS SANCHEZ","nro_identidad":"10266553","num_unidad":"2","nombre_asesor":"ArequipaGo ","tipo_persona":"conductor","tipo_pago":"contado","estado_contrato":null,"facturado":"0","fecha_facturacion":null}
[14-Mar-2026 10:14:32 America/Lima] Fila encontrada: {"id_pago":"285","monto":"100.00","fecha_emision":"2025-10-14 13:00:26","ruta":"files\/notasPagoInscripcion\/nota_venta_442.pdf","id_asesor":"110","nombre_persona":"JOEL RICHARD OJEDA TUYA","nro_identidad":"09901322","num_unidad":"1","nombre_asesor":"ArequipaGo ","tipo_persona":"conductor","tipo_pago":"contado","estado_contrato":null,"facturado":"0","fecha_facturacion":null}
[14-Mar-2026 10:14:32 America/Lima] Fila encontrada: {"id_pago":"284","monto":"250.00","fecha_emision":"2025-10-13 18:26:22","ruta":"files\/notasPagoInscripcion\/nota_venta_441.pdf","id_asesor":"100","nombre_persona":"JAVIER AMADOR CHIRINOS SARDI","nro_identidad":"29670558","num_unidad":"337","nombre_asesor":"melvin manrique ","tipo_persona":"conductor","tipo_pago":"contado","estado_contrato":null,"facturado":"0","fecha_facturacion":null}
[14-Mar-2026 10:14:32 America/Lima] Fila encontrada: {"id_pago":"17","monto":"100.00","fecha_emision":"2025-10-10 11:17:02","ruta":"","id_asesor":"106","nombre_persona":"JAVIER EDUARDO TALAVERA MOTTA","nro_identidad":"40177337","num_unidad":null,"nombre_asesor":"Maria Fernanda ofic 2 ","tipo_persona":"cliente","tipo_pago":"contado","estado_contrato":null,"facturado":"0","fecha_facturacion":null}
[14-Mar-2026 10:14:32 America/Lima] Fila encontrada: {"id_pago":"16","monto":"100.00","fecha_emision":"2025-10-10 10:10:53","ruta":"","id_asesor":"105","nombre_persona":"MARIA FERNANDA YUCRA LOPEZ","nro_identidad":"77143373","num_unidad":null,"nombre_asesor":"Sebastian ","tipo_persona":"cliente","tipo_pago":"contado","estado_contrato":null,"facturado":"0","fecha_facturacion":null}
[14-Mar-2026 10:14:32 America/Lima] Fila encontrada: {"id_pago":"15","monto":"100.00","fecha_emision":"2025-10-10 10:00:17","ruta":"","id_asesor":"105","nombre_persona":"LESLIE ELIZABETH MACHACA FLORES","nro_identidad":"46584978","num_unidad":null,"nombre_asesor":"Sebastian ","tipo_persona":"cliente","tipo_pago":"contado","estado_contrato":null,"facturado":"0","fecha_facturacion":null}
[14-Mar-2026 10:14:32 America/Lima] Fila encontrada: {"id_pago":"13","monto":"100.00","fecha_emision":"2025-10-07 17:28:35","ruta":"","id_asesor":"105","nombre_persona":"VICTOR MONASTERIO CCOSI","nro_identidad":"42728921","num_unidad":null,"nombre_asesor":"Sebastian ","tipo_persona":"cliente","tipo_pago":"contado","estado_contrato":null,"facturado":"0","fecha_facturacion":null}
[14-Mar-2026 10:14:32 America/Lima] Fila encontrada: {"id_pago":"283","monto":"100.00","fecha_emision":"2025-10-07 09:47:11","ruta":"files\/notasPagoInscripcion\/nota_venta_291.pdf","id_asesor":"82","nombre_persona":"DARWIN FRANKS CHALCO MANSILLA","nro_identidad":"41249285","num_unidad":"333","nombre_asesor":"Leslie Machaca","tipo_persona":"conductor","tipo_pago":"cuotas","estado_contrato":null,"facturado":"0","fecha_facturacion":null}
[14-Mar-2026 10:14:32 America/Lima] Fila encontrada: {"id_pago":"282","monto":"50.00","fecha_emision":"2025-10-06 09:37:10","ruta":"files\/notasPagoInscripcion\/nota_venta_290.pdf","id_asesor":"106","nombre_persona":"RONY BRANK SUBIA ALIAGA","nro_identidad":"72566838","num_unidad":"334","nombre_asesor":"Maria Fernanda ofic 2 ","tipo_persona":"conductor","tipo_pago":"cuotas","estado_contrato":null,"facturado":"0","fecha_facturacion":null}
[14-Mar-2026 10:14:32 America/Lima] Fila encontrada: {"id_pago":"10","monto":"100.00","fecha_emision":"2025-10-02 16:08:43","ruta":"","id_asesor":"102","nombre_persona":"ANDRE VIVAR ORBEGOZO","nro_identidad":"43012900","num_unidad":null,"nombre_asesor":"Ankarii ","tipo_persona":"cliente","tipo_pago":"contado","estado_contrato":null,"facturado":"0","fecha_facturacion":null}
[14-Mar-2026 10:14:32 America/Lima] Fila encontrada: {"id_pago":"281","monto":"250.00","fecha_emision":"2025-09-30 15:12:11","ruta":"files\/notasPagoInscripcion\/nota_venta_440.pdf","id_asesor":"97","nombre_persona":"JOE PAUL CHARCA MOLINA","nro_identidad":"29630796","num_unidad":"336","nombre_asesor":"AqpgoBox ","tipo_persona":"conductor","tipo_pago":"contado","estado_contrato":null,"facturado":"0","fecha_facturacion":null}
[14-Mar-2026 10:14:32 America/Lima] Fila encontrada: {"id_pago":"280","monto":"250.00","fecha_emision":"2025-09-29 17:48:32","ruta":"files\/notasPagoInscripcion\/nota_venta_439.pdf","id_asesor":"97","nombre_persona":"SAMUEL ANDRESS CHARCA QUISPE","nro_identidad":"76609220","num_unidad":"335","nombre_asesor":"AqpgoBox ","tipo_persona":"conductor","tipo_pago":"contado","estado_contrato":null,"facturado":"0","fecha_facturacion":null}
[14-Mar-2026 10:14:32 America/Lima] Fila encontrada: {"id_pago":"279","monto":"50.00","fecha_emision":"2025-09-29 14:09:51","ruta":"files\/notasPagoInscripcion\/nota_venta_287.pdf","id_asesor":"106","nombre_persona":"RONY BRANK SUBIA ALIAGA","nro_identidad":"72566838","num_unidad":"334","nombre_asesor":"Maria Fernanda ofic 2 ","tipo_persona":"conductor","tipo_pago":"cuotas","estado_contrato":null,"facturado":"0","fecha_facturacion":null}
[14-Mar-2026 10:14:32 America/Lima] Fila encontrada: {"id_pago":"9","monto":"100.00","fecha_emision":"2025-09-26 14:28:25","ruta":"","id_asesor":"110","nombre_persona":"LUIS ALBERTO QUISPE MAMANI","nro_identidad":"45412922","num_unidad":null,"nombre_asesor":"ArequipaGo ","tipo_persona":"cliente","tipo_pago":"contado","estado_contrato":null,"facturado":"0","fecha_facturacion":null}
[14-Mar-2026 10:14:32 America/Lima] Fila encontrada: {"id_pago":"8","monto":"100.00","fecha_emision":"2025-09-26 14:12:51","ruta":"","id_asesor":"110","nombre_persona":"WILBER ANGEIL RUIZ SALCEDO","nro_identidad":"40285714","num_unidad":null,"nombre_asesor":"ArequipaGo ","tipo_persona":"cliente","tipo_pago":"contado","estado_contrato":null,"facturado":"0","fecha_facturacion":null}
[14-Mar-2026 10:14:32 America/Lima] Fila encontrada: {"id_pago":"277","monto":"50.00","fecha_emision":"2025-09-25 14:36:49","ruta":"files\/notasPagoInscripcion\/nota_venta_285.pdf","id_asesor":"82","nombre_persona":"RONY BRANK SUBIA ALIAGA","nro_identidad":"72566838","num_unidad":"334","nombre_asesor":"Leslie Machaca","tipo_persona":"conductor","tipo_pago":"cuotas","estado_contrato":null,"facturado":"0","fecha_facturacion":null}
[14-Mar-2026 10:14:32 America/Lima] Fila encontrada: {"id_pago":"275","monto":"50.00","fecha_emision":"2025-09-23 12:43:30","ruta":"files\/notasPagoInscripcion\/nota_venta_283.pdf","id_asesor":"106","nombre_persona":"EYCOL DULAN VELASQUEZ MERINO","nro_identidad":"43070307","num_unidad":"319","nombre_asesor":"Maria Fernanda ofic 2 ","tipo_persona":"conductor","tipo_pago":"cuotas","estado_contrato":null,"facturado":"0","fecha_facturacion":null}
[14-Mar-2026 10:14:32 America/Lima] Fila encontrada: {"id_pago":"274","monto":"50.00","fecha_emision":"2025-09-22 13:51:19","ruta":"files\/notasPagoInscripcion\/nota_venta_282.pdf","id_asesor":"106","nombre_persona":"SIXTO RAUL MENDIZABAL OCSA","nro_identidad":"73450609","num_unidad":"328","nombre_asesor":"Maria Fernanda ofic 2 ","tipo_persona":"conductor","tipo_pago":"cuotas","estado_contrato":null,"facturado":"0","fecha_facturacion":null}
[14-Mar-2026 10:14:32 America/Lima] Fila encontrada: {"id_pago":"273","monto":"50.00","fecha_emision":"2025-09-22 13:23:28","ruta":"files\/notasPagoInscripcion\/nota_venta_281.pdf","id_asesor":"106","nombre_persona":"PERCY CESAR GONZALES ASIN","nro_identidad":"29590459","num_unidad":"329","nombre_asesor":"Maria Fernanda ofic 2 ","tipo_persona":"conductor","tipo_pago":"cuotas","estado_contrato":null,"facturado":"0","fecha_facturacion":null}
[14-Mar-2026 10:14:32 America/Lima] Fila encontrada: {"id_pago":"272","monto":"50.00","fecha_emision":"2025-09-22 12:52:35","ruta":"files\/notasPagoInscripcion\/nota_venta_280.pdf","id_asesor":"106","nombre_persona":"YOE MARCO VALDIVIA ANCO","nro_identidad":"71978313","num_unidad":"317","nombre_asesor":"Maria Fernanda ofic 2 ","tipo_persona":"conductor","tipo_pago":"cuotas","estado_contrato":null,"facturado":"0","fecha_facturacion":null}
[14-Mar-2026 10:14:32 America/Lima] Fila encontrada: {"id_pago":"271","monto":"50.00","fecha_emision":"2025-09-20 09:41:36","ruta":"files\/notasPagoInscripcion\/nota_venta_279.pdf","id_asesor":"82","nombre_persona":"DARWIN FRANKS CHALCO MANSILLA","nro_identidad":"41249285","num_unidad":"333","nombre_asesor":"Leslie Machaca","tipo_persona":"conductor","tipo_pago":"cuotas","estado_contrato":null,"facturado":"0","fecha_facturacion":null}
[14-Mar-2026 10:14:32 America/Lima] Fila encontrada: {"id_pago":"270","monto":"50.00","fecha_emision":"2025-09-17 18:19:08","ruta":"files\/notasPagoInscripcion\/nota_venta_278.pdf","id_asesor":"105","nombre_persona":"EYCOL DULAN VELASQUEZ MERINO","nro_identidad":"43070307","num_unidad":"319","nombre_asesor":"Sebastian ","tipo_persona":"conductor","tipo_pago":"cuotas","estado_contrato":null,"facturado":"0","fecha_facturacion":null}
[14-Mar-2026 10:14:32 America/Lima] Fila encontrada: {"id_pago":"269","monto":"50.00","fecha_emision":"2025-09-17 14:46:36","ruta":"files\/notasPagoInscripcion\/nota_venta_277.pdf","id_asesor":"82","nombre_persona":"FERNANDO JUNIOR MACEDO CASAPIA","nro_identidad":"44545306","num_unidad":"325","nombre_asesor":"Leslie Machaca","tipo_persona":"conductor","tipo_pago":"cuotas","estado_contrato":null,"facturado":"0","fecha_facturacion":null}
[14-Mar-2026 10:14:32 America/Lima] Fila encontrada: {"id_pago":"268","monto":"100.00","fecha_emision":"2025-09-17 13:14:46","ruta":"files\/notasPagoInscripcion\/nota_venta_276.pdf","id_asesor":"82","nombre_persona":"ALEXIS GRIMALDO MERCADO SOTO","nro_identidad":"72162233","num_unidad":"310","nombre_asesor":"Leslie Machaca","tipo_persona":"conductor","tipo_pago":"cuotas","estado_contrato":null,"facturado":"0","fecha_facturacion":null}
[14-Mar-2026 10:14:32 America/Lima] Fila encontrada: {"id_pago":"267","monto":"50.00","fecha_emision":"2025-09-16 12:10:23","ruta":"files\/notasPagoInscripcion\/nota_venta_275.pdf","id_asesor":"99","nombre_persona":"ERICK MARTIN ZAMORA VARGAS","nro_identidad":"70664292","num_unidad":"324","nombre_asesor":"Nixo S\u00e1nchez ","tipo_persona":"conductor","tipo_pago":"cuotas","estado_contrato":null,"facturado":"0","fecha_facturacion":null}
[14-Mar-2026 10:14:32 America/Lima] Fila encontrada: {"id_pago":"266","monto":"50.00","fecha_emision":"2025-09-16 00:26:28","ruta":"files\/notasPagoInscripcion\/nota_venta_274.pdf","id_asesor":"99","nombre_persona":"RENATO ANDRE NAVARRO VARGAS","nro_identidad":"74226987","num_unidad":"323","nombre_asesor":"Nixo S\u00e1nchez ","tipo_persona":"conductor","tipo_pago":"cuotas","estado_contrato":null,"facturado":"0","fecha_facturacion":null}
[14-Mar-2026 10:14:32 America/Lima] Fila encontrada: {"id_pago":"265","monto":"50.00","fecha_emision":"2025-09-15 17:13:47","ruta":"files\/notasPagoInscripcion\/nota_venta_273.pdf","id_asesor":"106","nombre_persona":"DANIEL EDUARDO RODRIGUEZ GARCIA","nro_identidad":"42562329","num_unidad":"318","nombre_asesor":"Maria Fernanda ofic 2 ","tipo_persona":"conductor","tipo_pago":"cuotas","estado_contrato":null,"facturado":"0","fecha_facturacion":null}
[14-Mar-2026 10:14:32 America/Lima] Fila encontrada: {"id_pago":"264","monto":"50.00","fecha_emision":"2025-09-15 16:28:40","ruta":"files\/notasPagoInscripcion\/nota_venta_272.pdf","id_asesor":"105","nombre_persona":"SIXTO RAUL MENDIZABAL OCSA","nro_identidad":"73450609","num_unidad":"328","nombre_asesor":"Sebastian ","tipo_persona":"conductor","tipo_pago":"cuotas","estado_contrato":null,"facturado":"0","fecha_facturacion":null}
[14-Mar-2026 10:14:32 America/Lima] Fila encontrada: {"id_pago":"263","monto":"50.00","fecha_emision":"2025-09-15 16:12:21","ruta":"files\/notasPagoInscripcion\/nota_venta_271.pdf","id_asesor":"82","nombre_persona":"YASMANI FREDY BUSTINZA GUTIERREZ","nro_identidad":"47941003","num_unidad":"313","nombre_asesor":"Leslie Machaca","tipo_persona":"conductor","tipo_pago":"cuotas","estado_contrato":null,"facturado":"0","fecha_facturacion":null}
[14-Mar-2026 10:14:32 America/Lima] Fila encontrada: {"id_pago":"262","monto":"50.00","fecha_emision":"2025-09-15 14:17:38","ruta":"files\/notasPagoInscripcion\/nota_venta_270.pdf","id_asesor":"111","nombre_persona":"PERCY CESAR GONZALES ASIN","nro_identidad":"29590459","num_unidad":"329","nombre_asesor":"YONNY ","tipo_persona":"conductor","tipo_pago":"cuotas","estado_contrato":null,"facturado":"0","fecha_facturacion":null}
[14-Mar-2026 10:14:32 America/Lima] Fila encontrada: {"id_pago":"261","monto":"50.00","fecha_emision":"2025-09-15 12:14:31","ruta":"files\/notasPagoInscripcion\/nota_venta_269.pdf","id_asesor":"79","nombre_persona":"JOSE ROGER LARA FLORES","nro_identidad":"30425596","num_unidad":"316","nombre_asesor":"Lorena Diaz","tipo_persona":"conductor","tipo_pago":"cuotas","estado_contrato":null,"facturado":"0","fecha_facturacion":null}
[14-Mar-2026 10:14:32 America/Lima] Fila encontrada: {"id_pago":"260","monto":"100.00","fecha_emision":"2025-09-15 11:58:51","ruta":"files\/notasPagoInscripcion\/nota_venta_436.pdf","id_asesor":"82","nombre_persona":"RONY BRANK SUBIA ALIAGA","nro_identidad":"72566838","num_unidad":"334","nombre_asesor":"Leslie Machaca","tipo_persona":"conductor","tipo_pago":"cuotas","estado_contrato":null,"facturado":"0","fecha_facturacion":null}
[14-Mar-2026 10:14:32 America/Lima] Fila encontrada: {"id_pago":"259","monto":"50.00","fecha_emision":"2025-09-14 15:38:45","ruta":"files\/notasPagoInscripcion\/nota_venta_267.pdf","id_asesor":"85","nombre_persona":"DANIEL GONZALO RAMOS MAQUERA","nro_identidad":"46561071","num_unidad":"315","nombre_asesor":"yessenia avalos ","tipo_persona":"conductor","tipo_pago":"cuotas","estado_contrato":null,"facturado":"0","fecha_facturacion":null}
[14-Mar-2026 10:14:32 America/Lima] Fila encontrada: {"id_pago":"258","monto":"50.00","fecha_emision":"2025-09-13 10:38:37","ruta":"files\/notasPagoInscripcion\/nota_venta_266.pdf","id_asesor":"105","nombre_persona":"YOE MARCO VALDIVIA ANCO","nro_identidad":"71978313","num_unidad":"317","nombre_asesor":"Sebastian ","tipo_persona":"conductor","tipo_pago":"cuotas","estado_contrato":null,"facturado":"0","fecha_facturacion":null}
[14-Mar-2026 10:14:32 America/Lima] Fila encontrada: {"id_pago":"257","monto":"50.00","fecha_emision":"2025-09-12 10:39:13","ruta":"files\/notasPagoInscripcion\/nota_venta_265.pdf","id_asesor":"106","nombre_persona":"YURI WALTER MEJIA TORRES","nro_identidad":"29610319","num_unidad":"321","nombre_asesor":"Maria Fernanda ofic 2 ","tipo_persona":"conductor","tipo_pago":"cuotas","estado_contrato":null,"facturado":"0","fecha_facturacion":null}
[14-Mar-2026 10:14:32 America/Lima] Fila encontrada: {"id_pago":"256","monto":"50.00","fecha_emision":"2025-09-12 10:37:48","ruta":"files\/notasPagoInscripcion\/nota_venta_264.pdf","id_asesor":"106","nombre_persona":"YURI WALTER MEJIA TORRES","nro_identidad":"29610319","num_unidad":"321","nombre_asesor":"Maria Fernanda ofic 2 ","tipo_persona":"conductor","tipo_pago":"cuotas","estado_contrato":null,"facturado":"0","fecha_facturacion":null}
[14-Mar-2026 10:14:32 America/Lima] Fila encontrada: {"id_pago":"2","monto":"100.00","fecha_emision":"2025-09-11 12:22:21","ruta":"","id_asesor":"78","nombre_persona":"ALEJANDRO PORFIDIO VALDIVIA VALDIVIA","nro_identidad":"47860234","num_unidad":null,"nombre_asesor":"GianJesus Ramos","tipo_persona":"cliente","tipo_pago":"contado","estado_contrato":null,"facturado":"0","fecha_facturacion":null}
[14-Mar-2026 10:14:32 America/Lima] Fila encontrada: {"id_pago":"255","monto":"100.00","fecha_emision":"2025-09-10 19:05:33","ruta":"files\/notasPagoInscripcion\/nota_venta_435.pdf","id_asesor":"105","nombre_persona":"DARWIN FRANKS CHALCO MANSILLA","nro_identidad":"41249285","num_unidad":"333","nombre_asesor":"Sebastian ","tipo_persona":"conductor","tipo_pago":"cuotas","estado_contrato":null,"facturado":"0","fecha_facturacion":null}
[14-Mar-2026 10:14:32 America/Lima] Fila encontrada: {"id_pago":"254","monto":"50.00","fecha_emision":"2025-09-08 23:32:12","ruta":"files\/notasPagoInscripcion\/nota_venta_262.pdf","id_asesor":"99","nombre_persona":"ERICK MARTIN ZAMORA VARGAS","nro_identidad":"70664292","num_unidad":"324","nombre_asesor":"Nixo S\u00e1nchez ","tipo_persona":"conductor","tipo_pago":"cuotas","estado_contrato":null,"facturado":"0","fecha_facturacion":null}
[14-Mar-2026 10:14:32 America/Lima] Fila encontrada: {"id_pago":"253","monto":"250.00","fecha_emision":"2025-09-08 18:35:54","ruta":"files\/notasPagoInscripcion\/nota_venta_434.pdf","id_asesor":"97","nombre_persona":"JUAN JHOEL QUISPE MAMANI","nro_identidad":"72080663","num_unidad":"332","nombre_asesor":"AqpgoBox ","tipo_persona":"conductor","tipo_pago":"contado","estado_contrato":null,"facturado":"0","fecha_facturacion":null}
[14-Mar-2026 10:14:32 America/Lima] Fila encontrada: {"id_pago":"252","monto":"50.00","fecha_emision":"2025-09-08 18:22:09","ruta":"files\/notasPagoInscripcion\/nota_venta_260.pdf","id_asesor":"99","nombre_persona":"FERNANDO JUNIOR MACEDO CASAPIA","nro_identidad":"44545306","num_unidad":"325","nombre_asesor":"Nixo S\u00e1nchez ","tipo_persona":"conductor","tipo_pago":"cuotas","estado_contrato":null,"facturado":"0","fecha_facturacion":null}
[14-Mar-2026 10:14:32 America/Lima] Fila encontrada: {"id_pago":"251","monto":"50.00","fecha_emision":"2025-09-08 18:05:38","ruta":"files\/notasPagoInscripcion\/nota_venta_259.pdf","id_asesor":"99","nombre_persona":"RENATO ANDRE NAVARRO VARGAS","nro_identidad":"74226987","num_unidad":"323","nombre_asesor":"Nixo S\u00e1nchez ","tipo_persona":"conductor","tipo_pago":"cuotas","estado_contrato":null,"facturado":"0","fecha_facturacion":null}
[14-Mar-2026 10:14:32 America/Lima] Fila encontrada: {"id_pago":"250","monto":"50.00","fecha_emision":"2025-09-08 18:03:41","ruta":"files\/notasPagoInscripcion\/nota_venta_258.pdf","id_asesor":"106","nombre_persona":"DANIEL EDUARDO RODRIGUEZ GARCIA","nro_identidad":"42562329","num_unidad":"318","nombre_asesor":"Maria Fernanda ofic 2 ","tipo_persona":"conductor","tipo_pago":"cuotas","estado_contrato":null,"facturado":"0","fecha_facturacion":null}
[14-Mar-2026 10:14:32 America/Lima] Fila encontrada: {"id_pago":"249","monto":"50.00","fecha_emision":"2025-09-08 12:06:08","ruta":"files\/notasPagoInscripcion\/nota_venta_257.pdf","id_asesor":"82","nombre_persona":"SIXTO RAUL MENDIZABAL OCSA","nro_identidad":"73450609","num_unidad":"328","nombre_asesor":"Leslie Machaca","tipo_persona":"conductor","tipo_pago":"cuotas","estado_contrato":null,"facturado":"0","fecha_facturacion":null}
[14-Mar-2026 10:14:32 America/Lima] Fila encontrada: {"id_pago":"248","monto":"50.00","fecha_emision":"2025-09-08 11:44:03","ruta":"files\/notasPagoInscripcion\/nota_venta_256.pdf","id_asesor":"106","nombre_persona":"PERCY CESAR GONZALES ASIN","nro_identidad":"29590459","num_unidad":"329","nombre_asesor":"Maria Fernanda ofic 2 ","tipo_persona":"conductor","tipo_pago":"cuotas","estado_contrato":null,"facturado":"0","fecha_facturacion":null}
[14-Mar-2026 10:14:32 America/Lima] Fila encontrada: {"id_pago":"247","monto":"50.00","fecha_emision":"2025-09-08 11:10:21","ruta":"files\/notasPagoInscripcion\/nota_venta_255.pdf","id_asesor":"82","nombre_persona":"JOSE ROGER LARA FLORES","nro_identidad":"30425596","num_unidad":"316","nombre_asesor":"Leslie Machaca","tipo_persona":"conductor","tipo_pago":"cuotas","estado_contrato":null,"facturado":"0","fecha_facturacion":null}
[14-Mar-2026 10:14:32 America/Lima] Fila encontrada: {"id_pago":"246","monto":"100.00","fecha_emision":"2025-09-08 10:57:39","ruta":"files\/notasPagoInscripcion\/nota_venta_254.pdf","id_asesor":"82","nombre_persona":"YASMANI FREDY BUSTINZA GUTIERREZ","nro_identidad":"47941003","num_unidad":"313","nombre_asesor":"Leslie Machaca","tipo_persona":"conductor","tipo_pago":"cuotas","estado_contrato":null,"facturado":"0","fecha_facturacion":null}
[14-Mar-2026 10:14:32 America/Lima] Fila encontrada: {"id_pago":"245","monto":"50.00","fecha_emision":"2025-09-08 08:57:12","ruta":"files\/notasPagoInscripcion\/nota_venta_253.pdf","id_asesor":"79","nombre_persona":"EYCOL DULAN VELASQUEZ MERINO","nro_identidad":"43070307","num_unidad":"319","nombre_asesor":"Lorena Diaz","tipo_persona":"conductor","tipo_pago":"cuotas","estado_contrato":null,"facturado":"0","fecha_facturacion":null}
[14-Mar-2026 10:14:32 America/Lima] Fila encontrada: {"id_pago":"244","monto":"150.00","fecha_emision":"2025-09-05 15:55:59","ruta":"files\/notasPagoInscripcion\/nota_venta_433.pdf","id_asesor":"108","nombre_persona":"CARLOS ALBERTO DELGADO BURGOS","nro_identidad":"76420519","num_unidad":"14","nombre_asesor":"Genessis Ofic 2 ","tipo_persona":"conductor","tipo_pago":"contado","estado_contrato":null,"facturado":"0","fecha_facturacion":null}
[14-Mar-2026 10:14:32 America/Lima] Fila encontrada: {"id_pago":"243","monto":"50.00","fecha_emision":"2025-09-05 10:16:48","ruta":"files\/notasPagoInscripcion\/nota_venta_251.pdf","id_asesor":"106","nombre_persona":"YURI WALTER MEJIA TORRES","nro_identidad":"29610319","num_unidad":"321","nombre_asesor":"Maria Fernanda ofic 2 ","tipo_persona":"conductor","tipo_pago":"cuotas","estado_contrato":null,"facturado":"0","fecha_facturacion":null}
[14-Mar-2026 10:14:32 America/Lima] Fila encontrada: {"id_pago":"242","monto":"50.00","fecha_emision":"2025-09-05 09:21:07","ruta":"files\/notasPagoInscripcion\/nota_venta_250.pdf","id_asesor":"82","nombre_persona":"YOE MARCO VALDIVIA ANCO","nro_identidad":"71978313","num_unidad":"317","nombre_asesor":"Leslie Machaca","tipo_persona":"conductor","tipo_pago":"cuotas","estado_contrato":null,"facturado":"0","fecha_facturacion":null}
[14-Mar-2026 10:14:32 America/Lima] Fila encontrada: {"id_pago":"241","monto":"100.00","fecha_emision":"2025-09-04 16:32:44","ruta":"files\/notasPagoInscripcion\/nota_venta_249.pdf","id_asesor":"105","nombre_persona":"DANIEL GONZALO RAMOS MAQUERA","nro_identidad":"46561071","num_unidad":"315","nombre_asesor":"Sebastian ","tipo_persona":"conductor","tipo_pago":"cuotas","estado_contrato":null,"facturado":"0","fecha_facturacion":null}
[14-Mar-2026 10:14:32 America/Lima] Fila encontrada: {"id_pago":"240","monto":"150.00","fecha_emision":"2025-09-04 13:43:36","ruta":"files\/notasPagoInscripcion\/nota_venta_432.pdf","id_asesor":"108","nombre_persona":"HENRY KEIVI CHAFLOQUE ROMERO","nro_identidad":"49004053","num_unidad":"13","nombre_asesor":"Genessis Ofic 2 ","tipo_persona":"conductor","tipo_pago":"contado","estado_contrato":null,"facturado":"0","fecha_facturacion":null}
[14-Mar-2026 10:14:32 America/Lima] Fila encontrada: {"id_pago":"239","monto":"150.00","fecha_emision":"2025-09-03 17:59:02","ruta":"files\/notasPagoInscripcion\/nota_venta_431.pdf","id_asesor":"108","nombre_persona":"JEFRYN JOSE  LEA\u00d1EZ GARCIA","nro_identidad":"003190775","num_unidad":"12","nombre_asesor":"Genessis Ofic 2 ","tipo_persona":"conductor","tipo_pago":"contado","estado_contrato":null,"facturado":"0","fecha_facturacion":null}
[14-Mar-2026 10:14:32 America/Lima] Fila encontrada: {"id_pago":"237","monto":"50.00","fecha_emision":"2025-09-02 17:06:08","ruta":"files\/notasPagoInscripcion\/nota_venta_245.pdf","id_asesor":"99","nombre_persona":"ERICK MARTIN ZAMORA VARGAS","nro_identidad":"70664292","num_unidad":"324","nombre_asesor":"Nixo S\u00e1nchez ","tipo_persona":"conductor","tipo_pago":"cuotas","estado_contrato":null,"facturado":"0","fecha_facturacion":null}
[14-Mar-2026 10:14:32 America/Lima] Fila encontrada: {"id_pago":"236","monto":"250.00","fecha_emision":"2025-09-02 14:28:56","ruta":"files\/notasPagoInscripcion\/nota_venta_429.pdf","id_asesor":"82","nombre_persona":"FERNANDO RICHARD CRUZ SOSA","nro_identidad":"80265683","num_unidad":"330","nombre_asesor":"Leslie Machaca","tipo_persona":"conductor","tipo_pago":"contado","estado_contrato":null,"facturado":"0","fecha_facturacion":null}
[14-Mar-2026 10:14:32 America/Lima] Fila encontrada: {"id_pago":"235","monto":"100.00","fecha_emision":"2025-09-02 13:41:15","ruta":"files\/notasPagoInscripcion\/nota_venta_428.pdf","id_asesor":"106","nombre_persona":"PERCY CESAR GONZALES ASIN","nro_identidad":"29590459","num_unidad":"329","nombre_asesor":"Maria Fernanda ofic 2 ","tipo_persona":"conductor","tipo_pago":"cuotas","estado_contrato":null,"facturado":"0","fecha_facturacion":null}
[14-Mar-2026 10:14:32 America/Lima] Fila encontrada: {"id_pago":"234","monto":"100.00","fecha_emision":"2025-09-02 13:15:17","ruta":"files\/notasPagoInscripcion\/nota_venta_427.pdf","id_asesor":"106","nombre_persona":"SIXTO RAUL MENDIZABAL OCSA","nro_identidad":"73450609","num_unidad":"328","nombre_asesor":"Maria Fernanda ofic 2 ","tipo_persona":"conductor","tipo_pago":"cuotas","estado_contrato":null,"facturado":"0","fecha_facturacion":null}
[14-Mar-2026 10:14:32 America/Lima] Fila encontrada: {"id_pago":"233","monto":"100.00","fecha_emision":"2025-09-02 11:25:54","ruta":"files\/notasPagoInscripcion\/nota_venta_426.pdf","id_asesor":"82","nombre_persona":"MAGALY MARGOT MEDINA DIAZ","nro_identidad":"44930451","num_unidad":"327","nombre_asesor":"Leslie Machaca","tipo_persona":"conductor","tipo_pago":"cuotas","estado_contrato":null,"facturado":"0","fecha_facturacion":null}
[14-Mar-2026 10:14:32 America/Lima] Fila encontrada: {"id_pago":"232","monto":"50.00","fecha_emision":"2025-09-01 20:34:18","ruta":"files\/notasPagoInscripcion\/nota_venta_240.pdf","id_asesor":"99","nombre_persona":"FERNANDO JUNIOR MACEDO CASAPIA","nro_identidad":"44545306","num_unidad":"325","nombre_asesor":"Nixo S\u00e1nchez ","tipo_persona":"conductor","tipo_pago":"cuotas","estado_contrato":null,"facturado":"0","fecha_facturacion":null}
[14-Mar-2026 10:14:32 America/Lima] Fila encontrada: {"id_pago":"231","monto":"50.00","fecha_emision":"2025-09-01 20:29:28","ruta":"files\/notasPagoInscripcion\/nota_venta_239.pdf","id_asesor":"99","nombre_persona":"RENATO ANDRE NAVARRO VARGAS","nro_identidad":"74226987","num_unidad":"323","nombre_asesor":"Nixo S\u00e1nchez ","tipo_persona":"conductor","tipo_pago":"cuotas","estado_contrato":null,"facturado":"0","fecha_facturacion":null}
[14-Mar-2026 10:14:32 America/Lima] Fila encontrada: {"id_pago":"230","monto":"250.00","fecha_emision":"2025-09-01 15:17:51","ruta":"files\/notasPagoInscripcion\/nota_venta_425.pdf","id_asesor":"109","nombre_persona":"RIGOBERTO DANTE CARI CHECA","nro_identidad":"01544723","num_unidad":"326","nombre_asesor":"HUNTER ","tipo_persona":"conductor","tipo_pago":"contado","estado_contrato":null,"facturado":"0","fecha_facturacion":null}
[14-Mar-2026 10:14:32 America/Lima] Fila encontrada: {"id_pago":"229","monto":"50.00","fecha_emision":"2025-09-01 14:22:25","ruta":"files\/notasPagoInscripcion\/nota_venta_237.pdf","id_asesor":"106","nombre_persona":"DANIEL EDUARDO RODRIGUEZ GARCIA","nro_identidad":"42562329","num_unidad":"318","nombre_asesor":"Maria Fernanda ofic 2 ","tipo_persona":"conductor","tipo_pago":"cuotas","estado_contrato":null,"facturado":"0","fecha_facturacion":null}
[14-Mar-2026 10:14:32 America/Lima] Fila encontrada: {"id_pago":"228","monto":"50.00","fecha_emision":"2025-09-01 14:08:38","ruta":"files\/notasPagoInscripcion\/nota_venta_236.pdf","id_asesor":"106","nombre_persona":"JOSE ROGER LARA FLORES","nro_identidad":"30425596","num_unidad":"316","nombre_asesor":"Maria Fernanda ofic 2 ","tipo_persona":"conductor","tipo_pago":"cuotas","estado_contrato":null,"facturado":"0","fecha_facturacion":null}
[14-Mar-2026 10:14:32 America/Lima] Fila encontrada: {"id_pago":"227","monto":"100.00","fecha_emision":"2025-08-30 01:54:49","ruta":"files\/notasPagoInscripcion\/nota_venta_424.pdf","id_asesor":"99","nombre_persona":"FERNANDO JUNIOR MACEDO CASAPIA","nro_identidad":"44545306","num_unidad":"325","nombre_asesor":"Nixo S\u00e1nchez ","tipo_persona":"conductor","tipo_pago":"cuotas","estado_contrato":null,"facturado":"0","fecha_facturacion":null}
[14-Mar-2026 10:14:32 America/Lima] Fila encontrada: {"id_pago":"226","monto":"100.00","fecha_emision":"2025-08-30 01:34:07","ruta":"files\/notasPagoInscripcion\/nota_venta_423.pdf","id_asesor":"99","nombre_persona":"ERICK MARTIN ZAMORA VARGAS","nro_identidad":"70664292","num_unidad":"324","nombre_asesor":"Nixo S\u00e1nchez ","tipo_persona":"conductor","tipo_pago":"cuotas","estado_contrato":null,"facturado":"0","fecha_facturacion":null}
[14-Mar-2026 10:14:32 America/Lima] Fila encontrada: {"id_pago":"225","monto":"100.00","fecha_emision":"2025-08-30 01:13:04","ruta":"files\/notasPagoInscripcion\/nota_venta_422.pdf","id_asesor":"99","nombre_persona":"RENATO ANDRE NAVARRO VARGAS","nro_identidad":"74226987","num_unidad":"323","nombre_asesor":"Nixo S\u00e1nchez ","tipo_persona":"conductor","tipo_pago":"cuotas","estado_contrato":null,"facturado":"0","fecha_facturacion":null}
[14-Mar-2026 10:14:32 America/Lima] Fila encontrada: {"id_pago":"224","monto":"250.00","fecha_emision":"2025-08-29 22:58:08","ruta":"files\/notasPagoInscripcion\/nota_venta_421.pdf","id_asesor":"99","nombre_persona":"ALEXANDER YAKU VARGAS HUANCA","nro_identidad":"41405968","num_unidad":"322","nombre_asesor":"Nixo S\u00e1nchez ","tipo_persona":"conductor","tipo_pago":"contado","estado_contrato":null,"facturado":"0","fecha_facturacion":null}
[14-Mar-2026 10:14:32 America/Lima] Fila encontrada: {"id_pago":"223","monto":"100.00","fecha_emision":"2025-08-29 19:39:12","ruta":"files\/notasPagoInscripcion\/nota_venta_420.pdf","id_asesor":"105","nombre_persona":"YURI WALTER MEJIA TORRES","nro_identidad":"29610319","num_unidad":"321","nombre_asesor":"Sebastian ","tipo_persona":"conductor","tipo_pago":"cuotas","estado_contrato":null,"facturado":"0","fecha_facturacion":null}
[14-Mar-2026 10:14:32 America/Lima] Fila encontrada: {"id_pago":"222","monto":"250.00","fecha_emision":"2025-08-29 18:36:00","ruta":"files\/notasPagoInscripcion\/nota_venta_419.pdf","id_asesor":"105","nombre_persona":"LUIS EDUARDO RABANAL RAMOS","nro_identidad":"70991526","num_unidad":"320","nombre_asesor":"Sebastian ","tipo_persona":"conductor","tipo_pago":"contado","estado_contrato":null,"facturado":"0","fecha_facturacion":null}
[14-Mar-2026 10:14:32 America/Lima] Fila encontrada: {"id_pago":"221","monto":"100.00","fecha_emision":"2025-08-29 17:38:40","ruta":"files\/notasPagoInscripcion\/nota_venta_418.pdf","id_asesor":"105","nombre_persona":"EYCOL DULAN VELASQUEZ MERINO","nro_identidad":"43070307","num_unidad":"319","nombre_asesor":"Sebastian ","tipo_persona":"conductor","tipo_pago":"cuotas","estado_contrato":null,"facturado":"0","fecha_facturacion":null}
[14-Mar-2026 10:14:32 America/Lima] Fila encontrada: {"id_pago":"220","monto":"100.00","fecha_emision":"2025-08-29 17:14:30","ruta":"files\/notasPagoInscripcion\/nota_venta_417.pdf","id_asesor":"106","nombre_persona":"DANIEL EDUARDO RODRIGUEZ GARCIA","nro_identidad":"42562329","num_unidad":"318","nombre_asesor":"Maria Fernanda ofic 2 ","tipo_persona":"conductor","tipo_pago":"cuotas","estado_contrato":null,"facturado":"0","fecha_facturacion":null}
[14-Mar-2026 10:14:32 America/Lima] Fila encontrada: {"id_pago":"219","monto":"100.00","fecha_emision":"2025-08-29 16:00:50","ruta":"files\/notasPagoInscripcion\/nota_venta_416.pdf","id_asesor":"105","nombre_persona":"YOE MARCO VALDIVIA ANCO","nro_identidad":"71978313","num_unidad":"317","nombre_asesor":"Sebastian ","tipo_persona":"conductor","tipo_pago":"cuotas","estado_contrato":null,"facturado":"0","fecha_facturacion":null}
[14-Mar-2026 10:14:32 America/Lima] Fila encontrada: {"id_pago":"218","monto":"100.00","fecha_emision":"2025-08-29 12:24:03","ruta":"files\/notasPagoInscripcion\/nota_venta_415.pdf","id_asesor":"106","nombre_persona":"JOSE ROGER LARA FLORES","nro_identidad":"30425596","num_unidad":"316","nombre_asesor":"Maria Fernanda ofic 2 ","tipo_persona":"conductor","tipo_pago":"cuotas","estado_contrato":null,"facturado":"0","fecha_facturacion":null}
[14-Mar-2026 10:14:32 America/Lima] Fila encontrada: {"id_pago":"217","monto":"150.00","fecha_emision":"2025-08-28 18:03:33","ruta":"files\/notasPagoInscripcion\/nota_venta_414.pdf","id_asesor":"99","nombre_persona":"SERGIO EDGAR HUAYNASI CONDORI","nro_identidad":"47046048","num_unidad":"11","nombre_asesor":"Nixo S\u00e1nchez ","tipo_persona":"conductor","tipo_pago":"contado","estado_contrato":null,"facturado":"0","fecha_facturacion":null}
[14-Mar-2026 10:14:32 America/Lima] Fila encontrada: {"id_pago":"216","monto":"100.00","fecha_emision":"2025-08-27 20:52:01","ruta":"files\/notasPagoInscripcion\/nota_venta_413.pdf","id_asesor":"85","nombre_persona":"DANIEL GONZALO RAMOS MAQUERA","nro_identidad":"46561071","num_unidad":"315","nombre_asesor":"yessenia avalos ","tipo_persona":"conductor","tipo_pago":"cuotas","estado_contrato":null,"facturado":"0","fecha_facturacion":null}
[14-Mar-2026 10:14:32 America/Lima] Fila encontrada: {"id_pago":"215","monto":"250.00","fecha_emision":"2025-08-27 19:30:47","ruta":"files\/notasPagoInscripcion\/nota_venta_412.pdf","id_asesor":"109","nombre_persona":"CRISTOFFER RAUL BERLANGA SALAZAR","nro_identidad":"72612854","num_unidad":"314","nombre_asesor":"HUNTER ","tipo_persona":"conductor","tipo_pago":"contado","estado_contrato":null,"facturado":"0","fecha_facturacion":null}
[14-Mar-2026 10:14:32 America/Lima] Fila encontrada: {"id_pago":"214","monto":"100.00","fecha_emision":"2025-08-27 17:26:25","ruta":"files\/notasPagoInscripcion\/nota_venta_411.pdf","id_asesor":"82","nombre_persona":"YASMANI FREDY BUSTINZA GUTIERREZ","nro_identidad":"47941003","num_unidad":"313","nombre_asesor":"Leslie Machaca","tipo_persona":"conductor","tipo_pago":"cuotas","estado_contrato":null,"facturado":"0","fecha_facturacion":null}
[14-Mar-2026 10:14:32 America/Lima] Fila encontrada: {"id_pago":"213","monto":"100.00","fecha_emision":"2025-08-27 11:46:55","ruta":"files\/notasPagoInscripcion\/nota_venta_410.pdf","id_asesor":"82","nombre_persona":"GUIDO ROLANDO YUTO ZEGARRA","nro_identidad":"75657179","num_unidad":"312","nombre_asesor":"Leslie Machaca","tipo_persona":"conductor","tipo_pago":"cuotas","estado_contrato":null,"facturado":"0","fecha_facturacion":null}
[14-Mar-2026 10:14:32 America/Lima] Fila encontrada: {"id_pago":"212","monto":"100.00","fecha_emision":"2025-08-25 12:10:49","ruta":"files\/notasPagoInscripcion\/nota_venta_409.pdf","id_asesor":"82","nombre_persona":"LUIS FERNANDO PAGAZA CASTRO","nro_identidad":"74355744","num_unidad":"311","nombre_asesor":"Leslie Machaca","tipo_persona":"conductor","tipo_pago":"cuotas","estado_contrato":null,"facturado":"0","fecha_facturacion":null}
[14-Mar-2026 10:14:32 America/Lima] Fila encontrada: {"id_pago":"211","monto":"50.00","fecha_emision":"2025-08-22 17:13:06","ruta":"files\/notasPagoInscripcion\/nota_venta_219.pdf","id_asesor":"79","nombre_persona":"KAREN CCOA CACERES","nro_identidad":"48363685","num_unidad":"293","nombre_asesor":"Lorena Diaz","tipo_persona":"conductor","tipo_pago":"cuotas","estado_contrato":null,"facturado":"0","fecha_facturacion":null}
[14-Mar-2026 10:14:32 America/Lima] Fila encontrada: {"id_pago":"210","monto":"150.00","fecha_emision":"2025-08-19 18:21:34","ruta":"files\/notasPagoInscripcion\/nota_venta_408.pdf","id_asesor":"108","nombre_persona":"LUIS MIGUEL CRUZ INCA","nro_identidad":"77813178","num_unidad":"10","nombre_asesor":"Genessis Ofic 2 ","tipo_persona":"conductor","tipo_pago":"contado","estado_contrato":null,"facturado":"0","fecha_facturacion":null}
[14-Mar-2026 10:14:32 America/Lima] Fila encontrada: {"id_pago":"208","monto":"50.00","fecha_emision":"2025-08-18 15:30:52","ruta":"files\/notasPagoInscripcion\/nota_venta_216.pdf","id_asesor":"106","nombre_persona":"KEVYN WILLY LUPO DIAZ","nro_identidad":"77036056","num_unidad":"8","nombre_asesor":"Maria Fernanda ofic 2 ","tipo_persona":"conductor","tipo_pago":"cuotas","estado_contrato":null,"facturado":"0","fecha_facturacion":null}
[14-Mar-2026 10:14:32 America/Lima] Fila encontrada: {"id_pago":"207","monto":"50.00","fecha_emision":"2025-08-18 13:57:54","ruta":"files\/notasPagoInscripcion\/nota_venta_215.pdf","id_asesor":"82","nombre_persona":"WILBER ALONSO VILLALTA ZEGARRA","nro_identidad":"72895471","num_unidad":"307","nombre_asesor":"Leslie Machaca","tipo_persona":"conductor","tipo_pago":"cuotas","estado_contrato":null,"facturado":"0","fecha_facturacion":null}
[14-Mar-2026 10:14:32 America/Lima] Fila encontrada: {"id_pago":"206","monto":"150.00","fecha_emision":"2025-08-12 14:32:43","ruta":"files\/notasPagoInscripcion\/nota_venta_407.pdf","id_asesor":"108","nombre_persona":"MIGUEL ANGEL MATEO DUFFOO","nro_identidad":"45619110","num_unidad":"9","nombre_asesor":"Genessis Ofic 2 ","tipo_persona":"conductor","tipo_pago":"contado","estado_contrato":null,"facturado":"0","fecha_facturacion":null}
[14-Mar-2026 10:14:32 America/Lima] Fila encontrada: {"id_pago":"205","monto":"100.00","fecha_emision":"2025-08-12 13:14:56","ruta":"files\/notasPagoInscripcion\/nota_venta_406.pdf","id_asesor":"106","nombre_persona":"KEVYN WILLY LUPO DIAZ","nro_identidad":"77036056","num_unidad":"8","nombre_asesor":"Maria Fernanda ofic 2 ","tipo_persona":"conductor","tipo_pago":"cuotas","estado_contrato":null,"facturado":"0","fecha_facturacion":null}
[14-Mar-2026 10:14:32 America/Lima] Fila encontrada: {"id_pago":"204","monto":"50.00","fecha_emision":"2025-08-11 18:29:58","ruta":"files\/notasPagoInscripcion\/nota_venta_212.pdf","id_asesor":"105","nombre_persona":"ALEXIS GRIMALDO MERCADO SOTO","nro_identidad":"72162233","num_unidad":"310","nombre_asesor":"Sebastian ","tipo_persona":"conductor","tipo_pago":"cuotas","estado_contrato":null,"facturado":"0","fecha_facturacion":null}
[14-Mar-2026 10:14:32 America/Lima] Fila encontrada: {"id_pago":"203","monto":"100.00","fecha_emision":"2025-08-05 13:58:51","ruta":"files\/notasPagoInscripcion\/nota_venta_405.pdf","id_asesor":"82","nombre_persona":"ALEXIS GRIMALDO MERCADO SOTO","nro_identidad":"72162233","num_unidad":"310","nombre_asesor":"Leslie Machaca","tipo_persona":"conductor","tipo_pago":"cuotas","estado_contrato":null,"facturado":"0","fecha_facturacion":null}
[14-Mar-2026 10:14:32 America/Lima] Fila encontrada: {"id_pago":"202","monto":"50.00","fecha_emision":"2025-08-04 12:12:49","ruta":"files\/notasPagoInscripcion\/nota_venta_210.pdf","id_asesor":"82","nombre_persona":"WILBER ALONSO VILLALTA ZEGARRA","nro_identidad":"72895471","num_unidad":"307","nombre_asesor":"Leslie Machaca","tipo_persona":"conductor","tipo_pago":"cuotas","estado_contrato":null,"facturado":"0","fecha_facturacion":null}
[14-Mar-2026 10:14:32 America/Lima] Fila encontrada: {"id_pago":"201","monto":"250.00","fecha_emision":"2025-08-01 14:49:12","ruta":"files\/notasPagoInscripcion\/nota_venta_404.pdf","id_asesor":"82","nombre_persona":"LUIS ENRIQUE PAREDES APAZA","nro_identidad":"71844563","num_unidad":"309","nombre_asesor":"Leslie Machaca","tipo_persona":"conductor","tipo_pago":"contado","estado_contrato":null,"facturado":"0","fecha_facturacion":null}
[14-Mar-2026 10:14:32 America/Lima] Fila encontrada: {"id_pago":"200","monto":"50.00","fecha_emision":"2025-07-30 18:19:41","ruta":"files\/notasPagoInscripcion\/nota_venta_208.pdf","id_asesor":"83","nombre_persona":"KAREN CCOA CACERES","nro_identidad":"48363685","num_unidad":"293","nombre_asesor":"Angel Mu\u00f1oz","tipo_persona":"conductor","tipo_pago":"cuotas","estado_contrato":null,"facturado":"0","fecha_facturacion":null}
[14-Mar-2026 10:14:32 America/Lima] Fila encontrada: {"id_pago":"199","monto":"50.00","fecha_emision":"2025-07-30 18:19:37","ruta":"files\/notasPagoInscripcion\/nota_venta_207.pdf","id_asesor":"83","nombre_persona":"KAREN CCOA CACERES","nro_identidad":"48363685","num_unidad":"293","nombre_asesor":"Angel Mu\u00f1oz","tipo_persona":"conductor","tipo_pago":"cuotas","estado_contrato":null,"facturado":"0","fecha_facturacion":null}
[14-Mar-2026 10:14:32 America/Lima] Fila encontrada: {"id_pago":"198","monto":"50.00","fecha_emision":"2025-07-30 16:25:18","ruta":"files\/notasPagoInscripcion\/nota_venta_206.pdf","id_asesor":"97","nombre_persona":"JOSEPH AUGUSTO CUSI QUI\u00d1O","nro_identidad":"75410342","num_unidad":"303","nombre_asesor":"AqpgoBox ","tipo_persona":"conductor","tipo_pago":"cuotas","estado_contrato":null,"facturado":"0","fecha_facturacion":null}
[14-Mar-2026 10:14:32 America/Lima] Fila encontrada: {"id_pago":"197","monto":"50.00","fecha_emision":"2025-07-29 11:26:44","ruta":"files\/notasPagoInscripcion\/nota_venta_205.pdf","id_asesor":"82","nombre_persona":"WILBER ALONSO VILLALTA ZEGARRA","nro_identidad":"72895471","num_unidad":"307","nombre_asesor":"Leslie Machaca","tipo_persona":"conductor","tipo_pago":"cuotas","estado_contrato":null,"facturado":"0","fecha_facturacion":null}
[14-Mar-2026 10:14:32 America/Lima] Fila encontrada: {"id_pago":"196","monto":"150.00","fecha_emision":"2025-07-25 19:21:34","ruta":"files\/notasPagoInscripcion\/nota_venta_403.pdf","id_asesor":"83","nombre_persona":"WALTER DANIEL NAVARRO TUESTA","nro_identidad":"73302059","num_unidad":"7","nombre_asesor":"Angel Mu\u00f1oz","tipo_persona":"conductor","tipo_pago":"contado","estado_contrato":null,"facturado":"0","fecha_facturacion":null}
[14-Mar-2026 10:14:32 America/Lima] Fila encontrada: {"id_pago":"195","monto":"50.00","fecha_emision":"2025-07-24 18:30:53","ruta":"files\/notasPagoInscripcion\/nota_venta_203.pdf","id_asesor":"97","nombre_persona":"JOSEPH AUGUSTO CUSI QUI\u00d1O","nro_identidad":"75410342","num_unidad":"303","nombre_asesor":"AqpgoBox ","tipo_persona":"conductor","tipo_pago":"cuotas","estado_contrato":null,"facturado":"0","fecha_facturacion":null}
[14-Mar-2026 10:14:32 America/Lima] Fila encontrada: {"id_pago":"194","monto":"150.00","fecha_emision":"2025-07-24 15:38:54","ruta":"files\/notasPagoInscripcion\/nota_venta_402.pdf","id_asesor":"83","nombre_persona":"MARIANNYS DE  JESUS CEDE\u00d1O TAMOY","nro_identidad":"006610634","num_unidad":"6","nombre_asesor":"Angel Mu\u00f1oz","tipo_persona":"conductor","tipo_pago":"contado","estado_contrato":null,"facturado":"0","fecha_facturacion":null}
[14-Mar-2026 10:14:32 America/Lima] Fila encontrada: {"id_pago":"193","monto":"150.00","fecha_emision":"2025-07-24 12:23:13","ruta":"files\/notasPagoInscripcion\/nota_venta_401.pdf","id_asesor":"83","nombre_persona":"ANGEL SAMUEL RAMOS PILARES","nro_identidad":"72522530","num_unidad":"5","nombre_asesor":"Angel Mu\u00f1oz","tipo_persona":"conductor","tipo_pago":"contado","estado_contrato":null,"facturado":"0","fecha_facturacion":null}
[14-Mar-2026 10:14:32 America/Lima] Fila encontrada: {"id_pago":"192","monto":"50.00","fecha_emision":"2025-07-23 19:45:12","ruta":"files\/notasPagoInscripcion\/nota_venta_200.pdf","id_asesor":"105","nombre_persona":"PAUL EDINSON LLAYQUI CUTIPA","nro_identidad":"72907234","num_unidad":"301","nombre_asesor":"Sebastian ","tipo_persona":"conductor","tipo_pago":"cuotas","estado_contrato":null,"facturado":"0","fecha_facturacion":null}
[14-Mar-2026 10:14:32 America/Lima] Fila encontrada: {"id_pago":"191","monto":"250.00","fecha_emision":"2025-07-23 18:48:11","ruta":"files\/notasPagoInscripcion\/nota_venta_400.pdf","id_asesor":"97","nombre_persona":"JOSE VICTOR DEL PORTAL ALVA","nro_identidad":"72100555","num_unidad":"308","nombre_asesor":"AqpgoBox ","tipo_persona":"conductor","tipo_pago":"contado","estado_contrato":null,"facturado":"0","fecha_facturacion":null}
[14-Mar-2026 10:14:32 America/Lima] Fila encontrada: {"id_pago":"190","monto":"250.00","fecha_emision":"2025-07-23 18:32:24","ruta":"files\/notasPagoInscripcion\/nota_venta_399.pdf","id_asesor":"97","nombre_persona":"JOSE VICTOR DEL PORTAL ALVA","nro_identidad":"72100555","num_unidad":"308","nombre_asesor":"AqpgoBox ","tipo_persona":"conductor","tipo_pago":"cuotas","estado_contrato":null,"facturado":"0","fecha_facturacion":null}
[14-Mar-2026 10:14:32 America/Lima] Fila encontrada: {"id_pago":"189","monto":"250.00","fecha_emision":"2025-07-23 18:17:14","ruta":"files\/notasPagoInscripcion\/nota_venta_398.pdf","id_asesor":"97","nombre_persona":"JOSE VICTOR DEL PORTAL ALVA","nro_identidad":"72100555","num_unidad":"308","nombre_asesor":"AqpgoBox ","tipo_persona":"conductor","tipo_pago":"cuotas","estado_contrato":null,"facturado":"0","fecha_facturacion":null}
[14-Mar-2026 10:14:32 America/Lima] Fila encontrada: {"id_pago":"188","monto":"150.00","fecha_emision":"2025-07-23 14:22:39","ruta":"files\/notasPagoInscripcion\/nota_venta_196.pdf","id_asesor":"79","nombre_persona":"KATHERINE JIMENEZ VALDERRAMA","nro_identidad":"72378529","num_unidad":"300","nombre_asesor":"Lorena Diaz","tipo_persona":"conductor","tipo_pago":"cuotas","estado_contrato":null,"facturado":"0","fecha_facturacion":null}
[14-Mar-2026 10:14:32 America/Lima] Fila encontrada: {"id_pago":"187","monto":"100.00","fecha_emision":"2025-07-21 11:14:49","ruta":"files\/notasPagoInscripcion\/nota_venta_397.pdf","id_asesor":"83","nombre_persona":"WILBER ALONSO VILLALTA ZEGARRA","nro_identidad":"72895471","num_unidad":"307","nombre_asesor":"Angel Mu\u00f1oz","tipo_persona":"conductor","tipo_pago":"cuotas","estado_contrato":null,"facturado":"0","fecha_facturacion":null}
[14-Mar-2026 10:14:32 America/Lima] Fila encontrada: {"id_pago":"186","monto":"50.00","fecha_emision":"2025-07-18 17:39:26","ruta":"files\/notasPagoInscripcion\/nota_venta_194.pdf","id_asesor":"83","nombre_persona":"KAREN CCOA CACERES","nro_identidad":"48363685","num_unidad":"293","nombre_asesor":"Angel Mu\u00f1oz","tipo_persona":"conductor","tipo_pago":"cuotas","estado_contrato":null,"facturado":"0","fecha_facturacion":null}
[14-Mar-2026 10:14:32 America/Lima] Fila encontrada: {"id_pago":"185","monto":"50.00","fecha_emision":"2025-07-16 19:39:57","ruta":"files\/notasPagoInscripcion\/nota_venta_193.pdf","id_asesor":"97","nombre_persona":"JOSEPH AUGUSTO CUSI QUI\u00d1O","nro_identidad":"75410342","num_unidad":"303","nombre_asesor":"AqpgoBox ","tipo_persona":"conductor","tipo_pago":"cuotas","estado_contrato":null,"facturado":"0","fecha_facturacion":null}
[14-Mar-2026 10:14:32 America/Lima] Fila encontrada: {"id_pago":"184","monto":"50.00","fecha_emision":"2025-07-16 14:41:06","ruta":"files\/notasPagoInscripcion\/nota_venta_192.pdf","id_asesor":"82","nombre_persona":"PAUL EDINSON LLAYQUI CUTIPA","nro_identidad":"72907234","num_unidad":"301","nombre_asesor":"Leslie Machaca","tipo_persona":"conductor","tipo_pago":"cuotas","estado_contrato":null,"facturado":"0","fecha_facturacion":null}
[14-Mar-2026 10:14:32 America/Lima] Fila encontrada: {"id_pago":"183","monto":"50.00","fecha_emision":"2025-07-16 14:39:24","ruta":"files\/notasPagoInscripcion\/nota_venta_191.pdf","id_asesor":"82","nombre_persona":"PAUL EDINSON LLAYQUI CUTIPA","nro_identidad":"72907234","num_unidad":"301","nombre_asesor":"Leslie Machaca","tipo_persona":"conductor","tipo_pago":"cuotas","estado_contrato":null,"facturado":"0","fecha_facturacion":null}
[14-Mar-2026 10:14:32 America/Lima] Fila encontrada: {"id_pago":"182","monto":"100.00","fecha_emision":"2025-07-16 12:55:27","ruta":"files\/notasPagoInscripcion\/nota_venta_396.pdf","id_asesor":"105","nombre_persona":"SANDRO HAKIM PERALTA VALENCIA","nro_identidad":"76850988","num_unidad":"306","nombre_asesor":"Sebastian ","tipo_persona":"conductor","tipo_pago":"cuotas","estado_contrato":null,"facturado":"0","fecha_facturacion":null}
[14-Mar-2026 10:14:32 America/Lima] Fila encontrada: {"id_pago":"181","monto":"100.00","fecha_emision":"2025-07-14 20:33:24","ruta":"files\/notasPagoInscripcion\/nota_venta_189.pdf","id_asesor":"105","nombre_persona":"PETER TOTO ORTEGA TICONA","nro_identidad":"77821864","num_unidad":"297","nombre_asesor":"Sebastian ","tipo_persona":"conductor","tipo_pago":"cuotas","estado_contrato":null,"facturado":"0","fecha_facturacion":null}
[14-Mar-2026 10:14:32 America/Lima] Fila encontrada: {"id_pago":"180","monto":"50.00","fecha_emision":"2025-07-14 10:38:51","ruta":"files\/notasPagoInscripcion\/nota_venta_188.pdf","id_asesor":"105","nombre_persona":"RAUL HERNAN CONDORI LUQUE","nro_identidad":"72570984","num_unidad":"4","nombre_asesor":"Sebastian ","tipo_persona":"conductor","tipo_pago":"cuotas","estado_contrato":null,"facturado":"0","fecha_facturacion":null}
[14-Mar-2026 10:14:32 America/Lima] Fila encontrada: {"id_pago":"179","monto":"250.00","fecha_emision":"2025-07-09 13:35:26","ruta":"files\/notasPagoInscripcion\/nota_venta_395.pdf","id_asesor":"82","nombre_persona":"BENJAMIN HUGO CHURA RUELAS","nro_identidad":"75112767","num_unidad":"304","nombre_asesor":"Leslie Machaca","tipo_persona":"conductor","tipo_pago":"contado","estado_contrato":null,"facturado":"0","fecha_facturacion":null}
[14-Mar-2026 10:14:32 America/Lima] Fila encontrada: {"id_pago":"178","monto":"50.00","fecha_emision":"2025-07-08 18:17:54","ruta":"files\/notasPagoInscripcion\/nota_venta_186.pdf","id_asesor":"85","nombre_persona":"JUAN MANUEL FOLLANO GRANADA","nro_identidad":"45930482","num_unidad":"294","nombre_asesor":"yessenia avalos ","tipo_persona":"conductor","tipo_pago":"cuotas","estado_contrato":null,"facturado":"0","fecha_facturacion":null}
[14-Mar-2026 10:14:32 America/Lima] Fila encontrada: {"id_pago":"177","monto":"100.00","fecha_emision":"2025-07-08 00:16:32","ruta":"files\/notasPagoInscripcion\/nota_venta_394.pdf","id_asesor":"85","nombre_persona":"RAUL HERNAN CONDORI LUQUE","nro_identidad":"72570984","num_unidad":"4","nombre_asesor":"yessenia avalos ","tipo_persona":"conductor","tipo_pago":"cuotas","estado_contrato":null,"facturado":"0","fecha_facturacion":null}
[14-Mar-2026 10:14:32 America/Lima] Fila encontrada: {"id_pago":"176","monto":"150.00","fecha_emision":"2025-07-08 00:15:34","ruta":"files\/notasPagoInscripcion\/nota_venta_393.pdf","id_asesor":"85","nombre_persona":"RAUL HERNAN CONDORI LUQUE","nro_identidad":"72570984","num_unidad":"4","nombre_asesor":"yessenia avalos ","tipo_persona":"conductor","tipo_pago":"cuotas","estado_contrato":null,"facturado":"0","fecha_facturacion":null}
[14-Mar-2026 10:14:32 America/Lima] Fila encontrada: {"id_pago":"175","monto":"100.00","fecha_emision":"2025-07-08 00:11:43","ruta":"files\/notasPagoInscripcion\/nota_venta_392.pdf","id_asesor":"85","nombre_persona":"RAUL HERNAN CONDORI LUQUE","nro_identidad":"72570984","num_unidad":"4","nombre_asesor":"yessenia avalos ","tipo_persona":"conductor","tipo_pago":"cuotas","estado_contrato":null,"facturado":"0","fecha_facturacion":null}
[14-Mar-2026 10:14:32 America/Lima] Fila encontrada: {"id_pago":"174","monto":"100.00","fecha_emision":"2025-07-07 18:50:59","ruta":"files\/notasPagoInscripcion\/nota_venta_391.pdf","id_asesor":"97","nombre_persona":"JOSEPH AUGUSTO CUSI QUI\u00d1O","nro_identidad":"75410342","num_unidad":"303","nombre_asesor":"AqpgoBox ","tipo_persona":"conductor","tipo_pago":"cuotas","estado_contrato":null,"facturado":"0","fecha_facturacion":null}
[14-Mar-2026 10:14:32 America/Lima] Fila encontrada: {"id_pago":"173","monto":"250.00","fecha_emision":"2025-07-07 16:36:41","ruta":"files\/notasPagoInscripcion\/nota_venta_390.pdf","id_asesor":"105","nombre_persona":"RICARDO DELGADO CENTTY","nro_identidad":"70603636","num_unidad":"302","nombre_asesor":"Sebastian ","tipo_persona":"conductor","tipo_pago":"contado","estado_contrato":null,"facturado":"0","fecha_facturacion":null}
[14-Mar-2026 10:14:32 America/Lima] Fila encontrada: {"id_pago":"172","monto":"150.00","fecha_emision":"2025-07-07 11:55:36","ruta":"files\/notasPagoInscripcion\/nota_venta_389.pdf","id_asesor":"83","nombre_persona":"EDIMAR EDUARDO VASQUEZ SOLIS","nro_identidad":"72856944","num_unidad":"3","nombre_asesor":"Angel Mu\u00f1oz","tipo_persona":"conductor","tipo_pago":"contado","estado_contrato":null,"facturado":"0","fecha_facturacion":null}
[14-Mar-2026 10:14:32 America/Lima] Fila encontrada: {"id_pago":"171","monto":"150.00","fecha_emision":"2025-07-04 14:39:25","ruta":"files\/notasPagoInscripcion\/nota_venta_179.pdf","id_asesor":"82","nombre_persona":"EFRAIN OMAR BALBIN RAMIREZ","nro_identidad":"41506842","num_unidad":"280","nombre_asesor":"Leslie Machaca","tipo_persona":"conductor","tipo_pago":"cuotas","estado_contrato":null,"facturado":"0","fecha_facturacion":null}
[14-Mar-2026 10:14:32 America/Lima] Fila encontrada: {"id_pago":"170","monto":"100.00","fecha_emision":"2025-07-02 19:14:48","ruta":"files\/notasPagoInscripcion\/nota_venta_388.pdf","id_asesor":"82","nombre_persona":"PAUL EDINSON LLAYQUI CUTIPA","nro_identidad":"72907234","num_unidad":"301","nombre_asesor":"Leslie Machaca","tipo_persona":"conductor","tipo_pago":"cuotas","estado_contrato":null,"facturado":"0","fecha_facturacion":null}
[14-Mar-2026 10:14:32 America/Lima] Fila encontrada: {"id_pago":"169","monto":"100.00","fecha_emision":"2025-07-01 19:07:45","ruta":"files\/notasPagoInscripcion\/nota_venta_387.pdf","id_asesor":"82","nombre_persona":"KATHERINE JIMENEZ VALDERRAMA","nro_identidad":"72378529","num_unidad":"300","nombre_asesor":"Leslie Machaca","tipo_persona":"conductor","tipo_pago":"cuotas","estado_contrato":null,"facturado":"0","fecha_facturacion":null}
[14-Mar-2026 10:14:32 America/Lima] Fila encontrada: {"id_pago":"168","monto":"50.00","fecha_emision":"2025-07-01 13:44:01","ruta":"files\/notasPagoInscripcion\/nota_venta_176.pdf","id_asesor":"80","nombre_persona":"JUAN MANUEL FOLLANO GRANADA","nro_identidad":"45930482","num_unidad":"294","nombre_asesor":null,"tipo_persona":"conductor","tipo_pago":"cuotas","estado_contrato":null,"facturado":"0","fecha_facturacion":null}
[14-Mar-2026 10:14:32 America/Lima] Fila encontrada: {"id_pago":"167","monto":"50.00","fecha_emision":"2025-07-01 12:07:10","ruta":"files\/notasPagoInscripcion\/nota_venta_175.pdf","id_asesor":"80","nombre_persona":"PETER TOTO ORTEGA TICONA","nro_identidad":"77821864","num_unidad":"297","nombre_asesor":null,"tipo_persona":"conductor","tipo_pago":"cuotas","estado_contrato":null,"facturado":"0","fecha_facturacion":null}
[14-Mar-2026 10:14:32 America/Lima] Fila encontrada: {"id_pago":"166","monto":"150.00","fecha_emision":"2025-07-01 12:02:16","ruta":"files\/notasPagoInscripcion\/nota_venta_174.pdf","id_asesor":"80","nombre_persona":"ROLANDO DAVID VILCA MAMANI","nro_identidad":"43242132","num_unidad":"291","nombre_asesor":null,"tipo_persona":"conductor","tipo_pago":"cuotas","estado_contrato":null,"facturado":"0","fecha_facturacion":null}
[14-Mar-2026 10:14:32 America/Lima] Fila encontrada: {"id_pago":"165","monto":"200.00","fecha_emision":"2025-07-01 11:43:03","ruta":"files\/notasPagoInscripcion\/nota_venta_386.pdf","id_asesor":"97","nombre_persona":"GUSTAVO ALONSO BANDA RIVERA","nro_identidad":"70360289","num_unidad":"299","nombre_asesor":"AqpgoBox ","tipo_persona":"conductor","tipo_pago":"contado","estado_contrato":null,"facturado":"0","fecha_facturacion":null}
[14-Mar-2026 10:14:32 America/Lima] Fila encontrada: {"id_pago":"164","monto":"150.00","fecha_emision":"2025-06-27 17:31:37","ruta":"files\/notasPagoInscripcion\/nota_venta_385.pdf","id_asesor":"83","nombre_persona":"AGSEL GUILLERMO GONZALES ARCE","nro_identidad":"75594783","num_unidad":"1","nombre_asesor":"Angel Mu\u00f1oz","tipo_persona":"conductor","tipo_pago":"contado","estado_contrato":null,"facturado":"0","fecha_facturacion":null}
[14-Mar-2026 10:14:32 America/Lima] Fila encontrada: {"id_pago":"163","monto":"250.00","fecha_emision":"2025-06-24 20:28:11","ruta":"files\/notasPagoInscripcion\/nota_venta_384.pdf","id_asesor":"82","nombre_persona":"DANIEL EDUARDO MOLLEPAZA CHURAPA","nro_identidad":"47259596","num_unidad":"298","nombre_asesor":"Leslie Machaca","tipo_persona":"conductor","tipo_pago":"contado","estado_contrato":null,"facturado":"0","fecha_facturacion":null}
[14-Mar-2026 10:14:32 America/Lima] Fila encontrada: {"id_pago":"162","monto":"50.00","fecha_emision":"2025-06-23 17:02:22","ruta":"files\/notasPagoInscripcion\/nota_venta_170.pdf","id_asesor":"80","nombre_persona":"JUAN MANUEL FOLLANO GRANADA","nro_identidad":"45930482","num_unidad":"294","nombre_asesor":null,"tipo_persona":"conductor","tipo_pago":"cuotas","estado_contrato":null,"facturado":"0","fecha_facturacion":null}
[14-Mar-2026 10:14:32 America/Lima] Fila encontrada: {"id_pago":"161","monto":"250.00","fecha_emision":"2025-06-20 11:41:55","ruta":"files\/notasPagoInscripcion\/nota_venta_383.pdf","id_asesor":"80","nombre_persona":"ARNOLD RAMIRO NARVAEZ INFA","nro_identidad":"45686567","num_unidad":"295","nombre_asesor":null,"tipo_persona":"conductor","tipo_pago":"contado","estado_contrato":null,"facturado":"0","fecha_facturacion":null}
[14-Mar-2026 10:14:32 America/Lima] Fila encontrada: {"id_pago":"160","monto":"100.00","fecha_emision":"2025-06-20 11:16:24","ruta":"files\/notasPagoInscripcion\/nota_venta_382.pdf","id_asesor":"82","nombre_persona":"PETER TOTO ORTEGA TICONA","nro_identidad":"77821864","num_unidad":"297","nombre_asesor":"Leslie Machaca","tipo_persona":"conductor","tipo_pago":"cuotas","estado_contrato":null,"facturado":"0","fecha_facturacion":null}
[14-Mar-2026 10:14:32 America/Lima] Fila encontrada: {"id_pago":"159","monto":"250.00","fecha_emision":"2025-06-19 11:32:47","ruta":"files\/notasPagoInscripcion\/nota_venta_381.pdf","id_asesor":"82","nombre_persona":"JUAN CARLOS MAMANI HUAYNAPATA","nro_identidad":"80614085","num_unidad":"296","nombre_asesor":"Leslie Machaca","tipo_persona":"conductor","tipo_pago":"contado","estado_contrato":null,"facturado":"0","fecha_facturacion":null}
[14-Mar-2026 10:14:32 America/Lima] Fila encontrada: {"id_pago":"158","monto":"150.00","fecha_emision":"2025-06-17 19:07:22","ruta":"files\/notasPagoInscripcion\/nota_venta_380.pdf","id_asesor":"90","nombre_persona":"ARNOLD RAMIRO NARVAEZ INFA","nro_identidad":"45686567","num_unidad":"295","nombre_asesor":null,"tipo_persona":"conductor","tipo_pago":"cuotas","estado_contrato":null,"facturado":"0","fecha_facturacion":null}
[14-Mar-2026 10:14:32 America/Lima] Fila encontrada: {"id_pago":"157","monto":"100.00","fecha_emision":"2025-06-14 13:50:31","ruta":"files\/notasPagoInscripcion\/nota_venta_379.pdf","id_asesor":"85","nombre_persona":"JUAN MANUEL FOLLANO GRANADA","nro_identidad":"45930482","num_unidad":"294","nombre_asesor":"yessenia avalos ","tipo_persona":"conductor","tipo_pago":"cuotas","estado_contrato":null,"facturado":"0","fecha_facturacion":null}
[14-Mar-2026 10:14:32 America/Lima] Fila encontrada: {"id_pago":"156","monto":"100.00","fecha_emision":"2025-06-10 17:09:29","ruta":"files\/notasPagoInscripcion\/nota_venta_378.pdf","id_asesor":"83","nombre_persona":"KAREN CCOA CACERES","nro_identidad":"48363685","num_unidad":"293","nombre_asesor":"Angel Mu\u00f1oz","tipo_persona":"conductor","tipo_pago":"cuotas","estado_contrato":null,"facturado":"0","fecha_facturacion":null}
[14-Mar-2026 10:14:32 America/Lima] Fila encontrada: {"id_pago":"155","monto":"150.00","fecha_emision":"2025-06-09 14:45:20","ruta":"files\/notasPagoInscripcion\/nota_venta_377.pdf","id_asesor":"90","nombre_persona":"Jose Alejandro Rodriguez Velasquez","nro_identidad":"007309912","num_unidad":"2","nombre_asesor":null,"tipo_persona":"conductor","tipo_pago":"contado","estado_contrato":null,"facturado":"0","fecha_facturacion":null}
[14-Mar-2026 10:14:32 America/Lima] Fila encontrada: {"id_pago":"154","monto":"50.00","fecha_emision":"2025-06-02 11:00:25","ruta":"files\/notasPagoInscripcion\/nota_venta_162.pdf","id_asesor":"80","nombre_persona":"IVAN ELIAZAR CRUZ NINA","nro_identidad":"47301907","num_unidad":"289","nombre_asesor":null,"tipo_persona":"conductor","tipo_pago":"cuotas","estado_contrato":null,"facturado":"0","fecha_facturacion":null}
[14-Mar-2026 10:14:32 America/Lima] Fila encontrada: {"id_pago":"153","monto":"50.00","fecha_emision":"2025-05-29 09:49:03","ruta":"files\/notasPagoInscripcion\/nota_venta_161.pdf","id_asesor":"80","nombre_persona":"CESAR AUGUSTO MORAN DIAZ","nro_identidad":"29703708","num_unidad":"288","nombre_asesor":null,"tipo_persona":"conductor","tipo_pago":"cuotas","estado_contrato":null,"facturado":"0","fecha_facturacion":null}
[14-Mar-2026 10:14:32 America/Lima] Fila encontrada: {"id_pago":"152","monto":"50.00","fecha_emision":"2025-05-29 09:30:32","ruta":"files\/notasPagoInscripcion\/nota_venta_160.pdf","id_asesor":"80","nombre_persona":"EDUARDO OMAR AGOSTINELLI SAMANEZ","nro_identidad":"40198061","num_unidad":"287","nombre_asesor":null,"tipo_persona":"conductor","tipo_pago":"cuotas","estado_contrato":null,"facturado":"0","fecha_facturacion":null}
[14-Mar-2026 10:14:32 America/Lima] Fila encontrada: {"id_pago":"151","monto":"250.00","fecha_emision":"2025-05-28 18:39:44","ruta":"files\/notasPagoInscripcion\/nota_venta_376.pdf","id_asesor":"83","nombre_persona":"JONATHAN ALFREDO CLAVERIAS ROMAN","nro_identidad":"76384781","num_unidad":"292","nombre_asesor":"Angel Mu\u00f1oz","tipo_persona":"conductor","tipo_pago":"contado","estado_contrato":null,"facturado":"0","fecha_facturacion":null}
[14-Mar-2026 10:14:32 America/Lima] Fila encontrada: {"id_pago":"150","monto":"50.00","fecha_emision":"2025-05-26 13:29:16","ruta":"files\/notasPagoInscripcion\/nota_venta_158.pdf","id_asesor":"82","nombre_persona":"WILDER AMERICO TIPULA GUTIERREZ","nro_identidad":"74325995","num_unidad":"286","nombre_asesor":"Leslie Machaca","tipo_persona":"conductor","tipo_pago":"cuotas","estado_contrato":null,"facturado":"0","fecha_facturacion":null}
[14-Mar-2026 10:14:32 America/Lima] Fila encontrada: {"id_pago":"149","monto":"50.00","fecha_emision":"2025-05-26 12:06:59","ruta":"files\/notasPagoInscripcion\/nota_venta_157.pdf","id_asesor":"82","nombre_persona":"IVAN ELIAZAR CRUZ NINA","nro_identidad":"47301907","num_unidad":"289","nombre_asesor":"Leslie Machaca","tipo_persona":"conductor","tipo_pago":"cuotas","estado_contrato":null,"facturado":"0","fecha_facturacion":null}
[14-Mar-2026 10:14:32 America/Lima] Fila encontrada: {"id_pago":"148","monto":"50.00","fecha_emision":"2025-05-26 10:20:32","ruta":"files\/notasPagoInscripcion\/nota_venta_156.pdf","id_asesor":"80","nombre_persona":"CESAR AUGUSTO MORAN DIAZ","nro_identidad":"29703708","num_unidad":"288","nombre_asesor":null,"tipo_persona":"conductor","tipo_pago":"cuotas","estado_contrato":null,"facturado":"0","fecha_facturacion":null}
[14-Mar-2026 10:14:32 America/Lima] Fila encontrada: {"id_pago":"147","monto":"100.00","fecha_emision":"2025-05-21 16:11:59","ruta":"files\/notasPagoInscripcion\/nota_venta_375.pdf","id_asesor":"80","nombre_persona":"ROLANDO DAVID VILCA MAMANI","nro_identidad":"43242132","num_unidad":"291","nombre_asesor":null,"tipo_persona":"conductor","tipo_pago":"cuotas","estado_contrato":null,"facturado":"0","fecha_facturacion":null}
[14-Mar-2026 10:14:32 America/Lima] Fila encontrada: {"id_pago":"146","monto":"100.00","fecha_emision":"2025-05-21 15:49:49","ruta":"files\/notasPagoInscripcion\/nota_venta_374.pdf","id_asesor":"82","nombre_persona":"ROLANDO DAVID VILCA MAMANI","nro_identidad":"43242132","num_unidad":"291","nombre_asesor":"Leslie Machaca","tipo_persona":"conductor","tipo_pago":"cuotas","estado_contrato":null,"facturado":"0","fecha_facturacion":null}
[14-Mar-2026 10:14:32 America/Lima] Fila encontrada: {"id_pago":"145","monto":"50.00","fecha_emision":"2025-05-21 11:58:37","ruta":"files\/notasPagoInscripcion\/nota_venta_153.pdf","id_asesor":"82","nombre_persona":"EDUARDO OMAR AGOSTINELLI SAMANEZ","nro_identidad":"40198061","num_unidad":"287","nombre_asesor":"Leslie Machaca","tipo_persona":"conductor","tipo_pago":"cuotas","estado_contrato":null,"facturado":"0","fecha_facturacion":null}
[14-Mar-2026 10:14:32 America/Lima] Fila encontrada: {"id_pago":"144","monto":"50.00","fecha_emision":"2025-05-21 09:50:00","ruta":"files\/notasPagoInscripcion\/nota_venta_152.pdf","id_asesor":"82","nombre_persona":"JOHNNY ABEL YEPEZ CHURA","nro_identidad":"46617912","num_unidad":"244","nombre_asesor":"Leslie Machaca","tipo_persona":"conductor","tipo_pago":"cuotas","estado_contrato":null,"facturado":"0","fecha_facturacion":null}
[14-Mar-2026 10:14:32 America/Lima] Fila encontrada: {"id_pago":"142","monto":"50.00","fecha_emision":"2025-05-20 10:59:11","ruta":"files\/notasPagoInscripcion\/nota_venta_150.pdf","id_asesor":"80","nombre_persona":"WILDER AMERICO TIPULA GUTIERREZ","nro_identidad":"74325995","num_unidad":"286","nombre_asesor":null,"tipo_persona":"conductor","tipo_pago":"cuotas","estado_contrato":null,"facturado":"0","fecha_facturacion":null}
[14-Mar-2026 10:14:32 America/Lima] Fila encontrada: {"id_pago":"141","monto":"50.00","fecha_emision":"2025-05-20 10:54:02","ruta":"files\/notasPagoInscripcion\/nota_venta_149.pdf","id_asesor":"80","nombre_persona":"IVAN ELIAZAR CRUZ NINA","nro_identidad":"47301907","num_unidad":"289","nombre_asesor":null,"tipo_persona":"conductor","tipo_pago":"cuotas","estado_contrato":null,"facturado":"0","fecha_facturacion":null}
[14-Mar-2026 10:14:32 America/Lima] Fila encontrada: {"id_pago":"140","monto":"50.00","fecha_emision":"2025-05-20 10:52:06","ruta":"files\/notasPagoInscripcion\/nota_venta_148.pdf","id_asesor":"80","nombre_persona":"MIGUEL ANGEL PINO LUNA","nro_identidad":"23980346","num_unidad":"283","nombre_asesor":null,"tipo_persona":"conductor","tipo_pago":"cuotas","estado_contrato":null,"facturado":"0","fecha_facturacion":null}
[14-Mar-2026 10:14:32 America/Lima] Fila encontrada: {"id_pago":"139","monto":"50.00","fecha_emision":"2025-05-19 11:11:58","ruta":"files\/notasPagoInscripcion\/nota_venta_147.pdf","id_asesor":"82","nombre_persona":"MANUEL ENRIQUE CHAFLOQUE AQUIJE","nro_identidad":"40535394","num_unidad":"282","nombre_asesor":"Leslie Machaca","tipo_persona":"conductor","tipo_pago":"cuotas","estado_contrato":null,"facturado":"0","fecha_facturacion":null}
[14-Mar-2026 10:14:32 America/Lima] Fila encontrada: {"id_pago":"138","monto":"50.00","fecha_emision":"2025-05-16 10:02:01","ruta":"files\/notasPagoInscripcion\/nota_venta_146.pdf","id_asesor":"80","nombre_persona":"MIGUEL ANGEL PINO LUNA","nro_identidad":"23980346","num_unidad":"283","nombre_asesor":null,"tipo_persona":"conductor","tipo_pago":"cuotas","estado_contrato":null,"facturado":"0","fecha_facturacion":null}
[14-Mar-2026 10:14:32 America/Lima] Fila encontrada: {"id_pago":"137","monto":"50.00","fecha_emision":"2025-05-15 13:55:30","ruta":"files\/notasPagoInscripcion\/nota_venta_145.pdf","id_asesor":"82","nombre_persona":"CESAR AUGUSTO MORAN DIAZ","nro_identidad":"29703708","num_unidad":"288","nombre_asesor":"Leslie Machaca","tipo_persona":"conductor","tipo_pago":"cuotas","estado_contrato":null,"facturado":"0","fecha_facturacion":null}
[14-Mar-2026 10:14:32 America/Lima] Fila encontrada: {"id_pago":"136","monto":"250.00","fecha_emision":"2025-05-15 12:43:52","ruta":"files\/notasPagoInscripcion\/nota_venta_372.pdf","id_asesor":"82","nombre_persona":"JAVIER ALONSO SALAS SIERRA","nro_identidad":"29721214","num_unidad":"290","nombre_asesor":"Leslie Machaca","tipo_persona":"conductor","tipo_pago":"contado","estado_contrato":null,"facturado":"0","fecha_facturacion":null}
[14-Mar-2026 10:14:32 America/Lima] Fila encontrada: {"id_pago":"135","monto":"50.00","fecha_emision":"2025-05-14 10:41:25","ruta":"files\/notasPagoInscripcion\/nota_venta_143.pdf","id_asesor":"82","nombre_persona":"EDUARDO OMAR AGOSTINELLI SAMANEZ","nro_identidad":"40198061","num_unidad":"287","nombre_asesor":"Leslie Machaca","tipo_persona":"conductor","tipo_pago":"cuotas","estado_contrato":null,"facturado":"0","fecha_facturacion":null}
[14-Mar-2026 10:14:32 America/Lima] Fila encontrada: {"id_pago":"134","monto":"50.00","fecha_emision":"2025-05-12 12:56:27","ruta":"files\/notasPagoInscripcion\/nota_venta_142.pdf","id_asesor":"82","nombre_persona":"WILDER AMERICO TIPULA GUTIERREZ","nro_identidad":"74325995","num_unidad":"286","nombre_asesor":"Leslie Machaca","tipo_persona":"conductor","tipo_pago":"cuotas","estado_contrato":null,"facturado":"0","fecha_facturacion":null}
[14-Mar-2026 10:14:32 America/Lima] Fila encontrada: {"id_pago":"133","monto":"100.00","fecha_emision":"2025-05-12 12:12:21","ruta":"files\/notasPagoInscripcion\/nota_venta_371.pdf","id_asesor":"82","nombre_persona":"IVAN ELIAZAR CRUZ NINA","nro_identidad":"47301907","num_unidad":"289","nombre_asesor":"Leslie Machaca","tipo_persona":"conductor","tipo_pago":"cuotas","estado_contrato":null,"facturado":"0","fecha_facturacion":null}
[14-Mar-2026 10:14:32 America/Lima] Fila encontrada: {"id_pago":"132","monto":"100.00","fecha_emision":"2025-05-10 12:00:26","ruta":"files\/notasPagoInscripcion\/nota_venta_140.pdf","id_asesor":"82","nombre_persona":"MANUEL ENRIQUE CHAFLOQUE AQUIJE","nro_identidad":"40535394","num_unidad":"282","nombre_asesor":"Leslie Machaca","tipo_persona":"conductor","tipo_pago":"cuotas","estado_contrato":null,"facturado":"0","fecha_facturacion":null}
[14-Mar-2026 10:14:32 America/Lima] Fila encontrada: {"id_pago":"131","monto":"100.00","fecha_emision":"2025-05-08 11:19:51","ruta":"files\/notasPagoInscripcion\/nota_venta_370.pdf","id_asesor":"80","nombre_persona":"CESAR AUGUSTO MORAN DIAZ","nro_identidad":"29703708","num_unidad":"288","nombre_asesor":null,"tipo_persona":"conductor","tipo_pago":"cuotas","estado_contrato":null,"facturado":"0","fecha_facturacion":null}
[14-Mar-2026 10:14:32 America/Lima] Fila encontrada: {"id_pago":"130","monto":"50.00","fecha_emision":"2025-05-08 09:38:59","ruta":"files\/notasPagoInscripcion\/nota_venta_138.pdf","id_asesor":"80","nombre_persona":"SMIT MARIO ROQUE ITO","nro_identidad":"47020552","num_unidad":"281","nombre_asesor":null,"tipo_persona":"conductor","tipo_pago":"cuotas","estado_contrato":null,"facturado":"0","fecha_facturacion":null}
[14-Mar-2026 10:14:32 America/Lima] Fila encontrada: {"id_pago":"129","monto":"50.00","fecha_emision":"2025-05-07 11:43:11","ruta":"files\/notasPagoInscripcion\/nota_venta_137.pdf","id_asesor":"80","nombre_persona":"JESUS JORDAN SALAS VALENCIA","nro_identidad":"45573648","num_unidad":"276","nombre_asesor":null,"tipo_persona":"conductor","tipo_pago":"cuotas","estado_contrato":null,"facturado":"0","fecha_facturacion":null}
[14-Mar-2026 10:14:32 America/Lima] Fila encontrada: {"id_pago":"128","monto":"100.00","fecha_emision":"2025-05-07 10:30:59","ruta":"files\/notasPagoInscripcion\/nota_venta_369.pdf","id_asesor":"80","nombre_persona":"EDUARDO OMAR AGOSTINELLI SAMANEZ","nro_identidad":"40198061","num_unidad":"287","nombre_asesor":null,"tipo_persona":"conductor","tipo_pago":"cuotas","estado_contrato":null,"facturado":"0","fecha_facturacion":null}
[14-Mar-2026 10:14:32 America/Lima] Fila encontrada: {"id_pago":"127","monto":"100.00","fecha_emision":"2025-05-05 15:44:59","ruta":"files\/notasPagoInscripcion\/nota_venta_368.pdf","id_asesor":"82","nombre_persona":"WILDER AMERICO TIPULA GUTIERREZ","nro_identidad":"74325995","num_unidad":"286","nombre_asesor":"Leslie Machaca","tipo_persona":"conductor","tipo_pago":"cuotas","estado_contrato":null,"facturado":"0","fecha_facturacion":null}
[14-Mar-2026 10:14:32 America/Lima] Fila encontrada: {"id_pago":"126","monto":"50.00","fecha_emision":"2025-05-05 12:46:09","ruta":"files\/notasPagoInscripcion\/nota_venta_134.pdf","id_asesor":"80","nombre_persona":"NESTOR EDUARDO ARANCIBIA PINEDA","nro_identidad":"76644271","num_unidad":"277","nombre_asesor":null,"tipo_persona":"conductor","tipo_pago":"cuotas","estado_contrato":null,"facturado":"0","fecha_facturacion":null}
[14-Mar-2026 10:14:32 America/Lima] Fila encontrada: {"id_pago":"125","monto":"50.00","fecha_emision":"2025-05-05 11:55:17","ruta":"files\/notasPagoInscripcion\/nota_venta_133.pdf","id_asesor":"80","nombre_persona":"MIGUEL ANGEL PINO LUNA","nro_identidad":"23980346","num_unidad":"283","nombre_asesor":null,"tipo_persona":"conductor","tipo_pago":"cuotas","estado_contrato":null,"facturado":"0","fecha_facturacion":null}
[14-Mar-2026 10:14:32 America/Lima] Fila encontrada: {"id_pago":"124","monto":"50.00","fecha_emision":"2025-05-01 10:07:32","ruta":"files\/notasPagoInscripcion\/nota_venta_132.pdf","id_asesor":"80","nombre_persona":"SMIT MARIO ROQUE ITO","nro_identidad":"47020552","num_unidad":"281","nombre_asesor":null,"tipo_persona":"conductor","tipo_pago":"cuotas","estado_contrato":null,"facturado":"0","fecha_facturacion":null}
[14-Mar-2026 10:14:32 America/Lima] Fila encontrada: {"id_pago":"123","monto":"50.00","fecha_emision":"2025-05-01 10:07:11","ruta":"files\/notasPagoInscripcion\/nota_venta_131.pdf","id_asesor":"80","nombre_persona":"SMIT MARIO ROQUE ITO","nro_identidad":"47020552","num_unidad":"281","nombre_asesor":null,"tipo_persona":"conductor","tipo_pago":"cuotas","estado_contrato":null,"facturado":"0","fecha_facturacion":null}
[14-Mar-2026 10:14:32 America/Lima] Fila encontrada: {"id_pago":"122","monto":"50.00","fecha_emision":"2025-04-30 11:57:07","ruta":"files\/notasPagoInscripcion\/nota_venta_130.pdf","id_asesor":"80","nombre_persona":"MARCO ANTONIO RIOS SANTOS","nro_identidad":"22100610","num_unidad":"274","nombre_asesor":null,"tipo_persona":"conductor","tipo_pago":"cuotas","estado_contrato":null,"facturado":"0","fecha_facturacion":null}
[14-Mar-2026 10:14:32 America/Lima] Fila encontrada: {"id_pago":"121","monto":"50.00","fecha_emision":"2025-04-29 10:50:40","ruta":"files\/notasPagoInscripcion\/nota_venta_129.pdf","id_asesor":"82","nombre_persona":"CARLOS MARTIN  RIVA CASTILLO","nro_identidad":"005622617","num_unidad":"273","nombre_asesor":"Leslie Machaca","tipo_persona":"conductor","tipo_pago":"cuotas","estado_contrato":null,"facturado":"0","fecha_facturacion":null}
[14-Mar-2026 10:14:32 America/Lima] Fila encontrada: {"id_pago":"120","monto":"150.00","fecha_emision":"2025-04-28 14:21:38","ruta":"files\/notasPagoInscripcion\/nota_venta_367.pdf","id_asesor":"82","nombre_persona":"EDGAR JUAN HUANCACHOQUE CHIJCHEAPAZA","nro_identidad":"42575441","num_unidad":"285","nombre_asesor":"Leslie Machaca","tipo_persona":"conductor","tipo_pago":"cuotas","estado_contrato":null,"facturado":"0","fecha_facturacion":null}
[14-Mar-2026 10:14:32 America/Lima] Fila encontrada: {"id_pago":"119","monto":"100.00","fecha_emision":"2025-04-28 13:51:13","ruta":"files\/notasPagoInscripcion\/nota_venta_366.pdf","id_asesor":"80","nombre_persona":"FRANCO RYAN MONTES DAVID","nro_identidad":"73861769","num_unidad":"284","nombre_asesor":null,"tipo_persona":"conductor","tipo_pago":"cuotas","estado_contrato":null,"facturado":"0","fecha_facturacion":null}
[14-Mar-2026 10:14:32 America/Lima] Fila encontrada: {"id_pago":"118","monto":"100.00","fecha_emision":"2025-04-28 11:49:46","ruta":"files\/notasPagoInscripcion\/nota_venta_365.pdf","id_asesor":"82","nombre_persona":"MIGUEL ANGEL PINO LUNA","nro_identidad":"23980346","num_unidad":"283","nombre_asesor":"Leslie Machaca","tipo_persona":"conductor","tipo_pago":"cuotas","estado_contrato":null,"facturado":"0","fecha_facturacion":null}
[14-Mar-2026 10:14:32 America/Lima] Fila encontrada: {"id_pago":"117","monto":"50.00","fecha_emision":"2025-04-28 09:42:52","ruta":"files\/notasPagoInscripcion\/nota_venta_125.pdf","id_asesor":"80","nombre_persona":"NESTOR EDUARDO ARANCIBIA PINEDA","nro_identidad":"76644271","num_unidad":"277","nombre_asesor":null,"tipo_persona":"conductor","tipo_pago":"cuotas","estado_contrato":null,"facturado":"0","fecha_facturacion":null}
[14-Mar-2026 10:14:32 America/Lima] Fila encontrada: {"id_pago":"116","monto":"100.00","fecha_emision":"2025-04-26 10:40:36","ruta":"files\/notasPagoInscripcion\/nota_venta_364.pdf","id_asesor":"80","nombre_persona":"MANUEL ENRIQUE CHAFLOQUE AQUIJE","nro_identidad":"40535394","num_unidad":"282","nombre_asesor":null,"tipo_persona":"conductor","tipo_pago":"cuotas","estado_contrato":null,"facturado":"0","fecha_facturacion":null}
[14-Mar-2026 10:14:32 America/Lima] Fila encontrada: {"id_pago":"115","monto":"50.00","fecha_emision":"2025-04-24 14:13:14","ruta":"files\/notasPagoInscripcion\/nota_venta_123.pdf","id_asesor":"82","nombre_persona":"JESUS JORDAN SALAS VALENCIA","nro_identidad":"45573648","num_unidad":"276","nombre_asesor":"Leslie Machaca","tipo_persona":"conductor","tipo_pago":"cuotas","estado_contrato":null,"facturado":"0","fecha_facturacion":null}
[14-Mar-2026 10:14:32 America/Lima] Fila encontrada: {"id_pago":"114","monto":"50.00","fecha_emision":"2025-04-24 09:16:36","ruta":"files\/notasPagoInscripcion\/nota_venta_122.pdf","id_asesor":"80","nombre_persona":"MIGUEL ANGEL CONDORI SALAS","nro_identidad":"75185244","num_unidad":"271","nombre_asesor":null,"tipo_persona":"conductor","tipo_pago":"cuotas","estado_contrato":null,"facturado":"0","fecha_facturacion":null}
[14-Mar-2026 10:14:32 America/Lima] Fila encontrada: {"id_pago":"112","monto":"50.00","fecha_emision":"2025-04-23 12:01:41","ruta":"files\/notasPagoInscripcion\/nota_venta_120.pdf","id_asesor":"80","nombre_persona":"MARCO ANTONIO RIOS SANTOS","nro_identidad":"22100610","num_unidad":"274","nombre_asesor":null,"tipo_persona":"conductor","tipo_pago":"cuotas","estado_contrato":null,"facturado":"0","fecha_facturacion":null}
[14-Mar-2026 10:14:32 America/Lima] Fila encontrada: {"id_pago":"111","monto":"100.00","fecha_emision":"2025-04-23 11:21:25","ruta":"files\/notasPagoInscripcion\/nota_venta_362.pdf","id_asesor":"80","nombre_persona":"SMIT MARIO ROQUE ITO","nro_identidad":"47020552","num_unidad":"281","nombre_asesor":null,"tipo_persona":"conductor","tipo_pago":"cuotas","estado_contrato":null,"facturado":"0","fecha_facturacion":null}
[14-Mar-2026 10:14:32 America/Lima] Fila encontrada: {"id_pago":"110","monto":"100.00","fecha_emision":"2025-04-22 13:00:24","ruta":"files\/notasPagoInscripcion\/nota_venta_118.pdf","id_asesor":"80","nombre_persona":"HUBERT JESUS ALVAREZ MAMANI","nro_identidad":"40198998","num_unidad":"248","nombre_asesor":null,"tipo_persona":"conductor","tipo_pago":"cuotas","estado_contrato":null,"facturado":"0","fecha_facturacion":null}
[14-Mar-2026 10:14:32 America/Lima] Fila encontrada: {"id_pago":"109","monto":"50.00","fecha_emision":"2025-04-22 12:05:38","ruta":"files\/notasPagoInscripcion\/nota_venta_117.pdf","id_asesor":"80","nombre_persona":"CARLOS MARTIN  RIVA CASTILLO","nro_identidad":"005622617","num_unidad":"273","nombre_asesor":null,"tipo_persona":"conductor","tipo_pago":"cuotas","estado_contrato":null,"facturado":"0","fecha_facturacion":null}
[14-Mar-2026 10:14:32 America/Lima] Fila encontrada: {"id_pago":"108","monto":"50.00","fecha_emision":"2025-04-22 10:07:49","ruta":"files\/notasPagoInscripcion\/nota_venta_116.pdf","id_asesor":"80","nombre_persona":"CARLOS ALBERTO LLUTARI HERRERA","nro_identidad":"46735447","num_unidad":"272","nombre_asesor":null,"tipo_persona":"conductor","tipo_pago":"cuotas","estado_contrato":null,"facturado":"0","fecha_facturacion":null}
[14-Mar-2026 10:14:32 America/Lima] Fila encontrada: {"id_pago":"107","monto":"100.00","fecha_emision":"2025-04-22 09:39:04","ruta":"files\/notasPagoInscripcion\/nota_venta_361.pdf","id_asesor":"80","nombre_persona":"EFRAIN OMAR BALBIN RAMIREZ","nro_identidad":"41506842","num_unidad":"280","nombre_asesor":null,"tipo_persona":"conductor","tipo_pago":"cuotas","estado_contrato":null,"facturado":"0","fecha_facturacion":null}
[14-Mar-2026 10:14:32 America/Lima] Fila encontrada: {"id_pago":"106","monto":"100.00","fecha_emision":"2025-04-21 16:43:40","ruta":"files\/notasPagoInscripcion\/nota_venta_360.pdf","id_asesor":"82","nombre_persona":"EFRAIN OMAR BALBIN RAMIREZ","nro_identidad":"41506842","num_unidad":"280","nombre_asesor":"Leslie Machaca","tipo_persona":"conductor","tipo_pago":"cuotas","estado_contrato":null,"facturado":"0","fecha_facturacion":null}
[14-Mar-2026 10:14:32 America/Lima] Fila encontrada: {"id_pago":"105","monto":"50.00","fecha_emision":"2025-04-21 09:59:36","ruta":"files\/notasPagoInscripcion\/nota_venta_113.pdf","id_asesor":"80","nombre_persona":"JESUS JORDAN SALAS VALENCIA","nro_identidad":"45573648","num_unidad":"276","nombre_asesor":null,"tipo_persona":"conductor","tipo_pago":"cuotas","estado_contrato":null,"facturado":"0","fecha_facturacion":null}
[14-Mar-2026 10:14:32 America/Lima] Fila encontrada: {"id_pago":"104","monto":"50.00","fecha_emision":"2025-04-21 09:41:32","ruta":"files\/notasPagoInscripcion\/nota_venta_112.pdf","id_asesor":"80","nombre_persona":"NESTOR EDUARDO ARANCIBIA PINEDA","nro_identidad":"76644271","num_unidad":"277","nombre_asesor":null,"tipo_persona":"conductor","tipo_pago":"cuotas","estado_contrato":null,"facturado":"0","fecha_facturacion":null}
[14-Mar-2026 10:14:32 America/Lima] Fila encontrada: {"id_pago":"103","monto":"50.00","fecha_emision":"2025-04-17 09:46:18","ruta":"files\/notasPagoInscripcion\/nota_venta_111.pdf","id_asesor":"80","nombre_persona":"MARCO ANTONIO RIOS SANTOS","nro_identidad":"22100610","num_unidad":"274","nombre_asesor":null,"tipo_persona":"conductor","tipo_pago":"cuotas","estado_contrato":null,"facturado":"0","fecha_facturacion":null}
[14-Mar-2026 10:14:32 America/Lima] Fila encontrada: {"id_pago":"102","monto":"250.00","fecha_emision":"2025-04-15 16:50:30","ruta":"files\/notasPagoInscripcion\/nota_venta_359.pdf","id_asesor":"83","nombre_persona":"JHON FREDY MALDONADO CJURO","nro_identidad":"74837672","num_unidad":"279","nombre_asesor":"Angel Mu\u00f1oz","tipo_persona":"conductor","tipo_pago":"contado","estado_contrato":null,"facturado":"0","fecha_facturacion":null}
[14-Mar-2026 10:14:32 America/Lima] Fila encontrada: {"id_pago":"101","monto":"50.00","fecha_emision":"2025-04-15 11:03:55","ruta":"files\/notasPagoInscripcion\/nota_venta_109.pdf","id_asesor":"80","nombre_persona":"CARLOS MARTIN  RIVA CASTILLO","nro_identidad":"005622617","num_unidad":"273","nombre_asesor":null,"tipo_persona":"conductor","tipo_pago":"cuotas","estado_contrato":null,"facturado":"0","fecha_facturacion":null}
[14-Mar-2026 10:14:32 America/Lima] Fila encontrada: {"id_pago":"100","monto":"250.00","fecha_emision":"2025-04-15 10:12:39","ruta":"files\/notasPagoInscripcion\/nota_venta_358.pdf","id_asesor":"80","nombre_persona":"EDWIN ALCANTARA CHURATA SULCA","nro_identidad":"44781781","num_unidad":"278","nombre_asesor":null,"tipo_persona":"conductor","tipo_pago":"contado","estado_contrato":null,"facturado":"0","fecha_facturacion":null}
[14-Mar-2026 10:14:32 America/Lima] Fila encontrada: {"id_pago":"99","monto":"100.00","fecha_emision":"2025-04-14 17:47:03","ruta":"files\/notasPagoInscripcion\/nota_venta_357.pdf","id_asesor":"81","nombre_persona":"NESTOR EDUARDO ARANCIBIA PINEDA","nro_identidad":"76644271","num_unidad":"277","nombre_asesor":null,"tipo_persona":"conductor","tipo_pago":"cuotas","estado_contrato":null,"facturado":"0","fecha_facturacion":null}
[14-Mar-2026 10:14:32 America/Lima] Fila encontrada: {"id_pago":"98","monto":"50.00","fecha_emision":"2025-04-14 13:05:50","ruta":"files\/notasPagoInscripcion\/nota_venta_106.pdf","id_asesor":"80","nombre_persona":"CARLOS ALBERTO LLUTARI HERRERA","nro_identidad":"46735447","num_unidad":"272","nombre_asesor":null,"tipo_persona":"conductor","tipo_pago":"cuotas","estado_contrato":null,"facturado":"0","fecha_facturacion":null}
[14-Mar-2026 10:14:32 America/Lima] Fila encontrada: {"id_pago":"97","monto":"100.00","fecha_emision":"2025-04-11 10:29:26","ruta":"files\/notasPagoInscripcion\/nota_venta_356.pdf","id_asesor":"80","nombre_persona":"JESUS JORDAN SALAS VALENCIA","nro_identidad":"45573648","num_unidad":"276","nombre_asesor":null,"tipo_persona":"conductor","tipo_pago":"cuotas","estado_contrato":null,"facturado":"0","fecha_facturacion":null}
[14-Mar-2026 10:14:32 America/Lima] Fila encontrada: {"id_pago":"96","monto":"250.00","fecha_emision":"2025-04-10 12:47:25","ruta":"files\/notasPagoInscripcion\/nota_venta_355.pdf","id_asesor":"82","nombre_persona":"JORGE LUIS ENRIQUEZ GUTIERREZ","nro_identidad":"76583585","num_unidad":"275","nombre_asesor":"Leslie Machaca","tipo_persona":"conductor","tipo_pago":"contado","estado_contrato":null,"facturado":"0","fecha_facturacion":null}
[14-Mar-2026 10:14:32 America/Lima] Fila encontrada: {"id_pago":"95","monto":"100.00","fecha_emision":"2025-04-09 16:20:34","ruta":"files\/notasPagoInscripcion\/nota_venta_354.pdf","id_asesor":"81","nombre_persona":"MARCO ANTONIO RIOS SANTOS","nro_identidad":"22100610","num_unidad":"274","nombre_asesor":null,"tipo_persona":"conductor","tipo_pago":"cuotas","estado_contrato":null,"facturado":"0","fecha_facturacion":null}
[14-Mar-2026 10:14:32 America/Lima] Fila encontrada: {"id_pago":"94","monto":"50.00","fecha_emision":"2025-04-09 11:11:30","ruta":"files\/notasPagoInscripcion\/nota_venta_102.pdf","id_asesor":"80","nombre_persona":"MIGUEL ANGEL CONDORI SALAS","nro_identidad":"75185244","num_unidad":"271","nombre_asesor":null,"tipo_persona":"conductor","tipo_pago":"cuotas","estado_contrato":null,"facturado":"0","fecha_facturacion":null}
[14-Mar-2026 10:14:32 America/Lima] Fila encontrada: {"id_pago":"93","monto":"50.00","fecha_emision":"2025-04-08 17:19:15","ruta":"files\/notasPagoInscripcion\/nota_venta_101.pdf","id_asesor":"80","nombre_persona":"MIGUEL ANGEL CONDORI SALAS","nro_identidad":"75185244","num_unidad":"271","nombre_asesor":null,"tipo_persona":"conductor","tipo_pago":"cuotas","estado_contrato":null,"facturado":"0","fecha_facturacion":null}
[14-Mar-2026 10:14:32 America/Lima] Fila encontrada: {"id_pago":"92","monto":"100.00","fecha_emision":"2025-04-08 11:36:37","ruta":"files\/notasPagoInscripcion\/nota_venta_353.pdf","id_asesor":"82","nombre_persona":"CARLOS MARTIN  RIVA CASTILLO","nro_identidad":"005622617","num_unidad":"273","nombre_asesor":"Leslie Machaca","tipo_persona":"conductor","tipo_pago":"cuotas","estado_contrato":null,"facturado":"0","fecha_facturacion":null}
[14-Mar-2026 10:14:32 America/Lima] Fila encontrada: {"id_pago":"91","monto":"50.00","fecha_emision":"2025-04-08 10:53:44","ruta":"files\/notasPagoInscripcion\/nota_venta_99.pdf","id_asesor":"80","nombre_persona":"CARLOS ALBERTO LLUTARI HERRERA","nro_identidad":"46735447","num_unidad":"272","nombre_asesor":null,"tipo_persona":"conductor","tipo_pago":"cuotas","estado_contrato":null,"facturado":"0","fecha_facturacion":null}
[14-Mar-2026 10:14:32 America/Lima] Fila encontrada: {"id_pago":"86","monto":"50.00","fecha_emision":"2025-04-04 17:54:30","ruta":"files\/notasPagoInscripcion\/nota_venta_94.pdf","id_asesor":"81","nombre_persona":"ADOLFO RODRIGO LARICO MAMANI","nro_identidad":"44285524","num_unidad":"268","nombre_asesor":null,"tipo_persona":"conductor","tipo_pago":"cuotas","estado_contrato":null,"facturado":"0","fecha_facturacion":null}
[14-Mar-2026 10:14:32 America/Lima] Fila encontrada: {"id_pago":"85","monto":"50.00","fecha_emision":"2025-04-04 10:26:53","ruta":"files\/notasPagoInscripcion\/nota_venta_93.pdf","id_asesor":"80","nombre_persona":"OBERTO SEGUNDO ROMERO  GARCES","nro_identidad":"003280193","num_unidad":"269","nombre_asesor":null,"tipo_persona":"conductor","tipo_pago":"cuotas","estado_contrato":null,"facturado":"0","fecha_facturacion":null}
[14-Mar-2026 10:14:32 America/Lima] Fila encontrada: {"id_pago":"84","monto":"200.00","fecha_emision":"2025-04-03 09:44:25","ruta":"files\/notasPagoInscripcion\/nota_venta_92.pdf","id_asesor":"80","nombre_persona":"EDGAR MAURO CANAZA YUCRA","nro_identidad":"76822310","num_unidad":"249","nombre_asesor":null,"tipo_persona":"conductor","tipo_pago":"cuotas","estado_contrato":null,"facturado":"0","fecha_facturacion":null}
[14-Mar-2026 10:14:32 America/Lima] Fila encontrada: {"id_pago":"83","monto":"50.00","fecha_emision":"2025-04-02 12:12:37","ruta":"files\/notasPagoInscripcion\/nota_venta_91.pdf","id_asesor":"80","nombre_persona":"MIRKO MOISES FLORES CASTILLO","nro_identidad":"46113743","num_unidad":"267","nombre_asesor":null,"tipo_persona":"conductor","tipo_pago":"cuotas","estado_contrato":null,"facturado":"0","fecha_facturacion":null}
[14-Mar-2026 10:14:32 America/Lima] Fila encontrada: {"id_pago":"82","monto":"50.00","fecha_emision":"2025-04-02 11:09:24","ruta":"files\/notasPagoInscripcion\/nota_venta_90.pdf","id_asesor":"80","nombre_persona":"ADOLFO RODRIGO LARICO MAMANI","nro_identidad":"44285524","num_unidad":"268","nombre_asesor":null,"tipo_persona":"conductor","tipo_pago":"cuotas","estado_contrato":null,"facturado":"0","fecha_facturacion":null}
[14-Mar-2026 10:14:32 America/Lima] Fila encontrada: {"id_pago":"81","monto":"50.00","fecha_emision":"2025-04-02 10:21:12","ruta":"files\/notasPagoInscripcion\/nota_venta_89.pdf","id_asesor":"80","nombre_persona":"ITALO LUCIANO CCAMA JUAREZ","nro_identidad":"76055912","num_unidad":"266","nombre_asesor":null,"tipo_persona":"conductor","tipo_pago":"cuotas","estado_contrato":null,"facturado":"0","fecha_facturacion":null}
[14-Mar-2026 10:14:32 America/Lima] Fila encontrada: {"id_pago":"80","monto":"100.00","fecha_emision":"2025-03-31 14:48:58","ruta":"files\/notasPagoInscripcion\/nota_venta_349.pdf","id_asesor":"83","nombre_persona":"CARLOS ALBERTO LLUTARI HERRERA","nro_identidad":"46735447","num_unidad":"272","nombre_asesor":"Angel Mu\u00f1oz","tipo_persona":"conductor","tipo_pago":"cuotas","estado_contrato":null,"facturado":"0","fecha_facturacion":null}
[14-Mar-2026 10:14:32 America/Lima] Fila encontrada: {"id_pago":"79","monto":"50.00","fecha_emision":"2025-03-28 09:42:00","ruta":"files\/notasPagoInscripcion\/nota_venta_87.pdf","id_asesor":"80","nombre_persona":"OBERTO SEGUNDO ROMERO  GARCES","nro_identidad":"003280193","num_unidad":"269","nombre_asesor":null,"tipo_persona":"conductor","tipo_pago":"cuotas","estado_contrato":null,"facturado":"0","fecha_facturacion":null}
[14-Mar-2026 10:14:32 America/Lima] Fila encontrada: {"id_pago":"77","monto":"50.00","fecha_emision":"2025-03-28 09:36:39","ruta":"files\/notasPagoInscripcion\/nota_venta_85.pdf","id_asesor":"80","nombre_persona":"LUIS DANIEL HURTADO BLANCO","nro_identidad":"03165444","num_unidad":"262","nombre_asesor":null,"tipo_persona":"conductor","tipo_pago":"cuotas","estado_contrato":null,"facturado":"0","fecha_facturacion":null}
[14-Mar-2026 10:14:32 America/Lima] Fila encontrada: {"id_pago":"78","monto":"50.00","fecha_emision":"2025-03-28 09:36:39","ruta":"files\/notasPagoInscripcion\/nota_venta_86.pdf","id_asesor":"80","nombre_persona":"LUIS DANIEL HURTADO BLANCO","nro_identidad":"03165444","num_unidad":"262","nombre_asesor":null,"tipo_persona":"conductor","tipo_pago":"cuotas","estado_contrato":null,"facturado":"0","fecha_facturacion":null}
[14-Mar-2026 10:14:32 America/Lima] Fila encontrada: {"id_pago":"76","monto":"50.00","fecha_emision":"2025-03-27 19:40:45","ruta":"files\/notasPagoInscripcion\/nota_venta_84.pdf","id_asesor":"83","nombre_persona":"RENE ALFONSO PUMA HUANCARA","nro_identidad":"44935157","num_unidad":"265","nombre_asesor":"Angel Mu\u00f1oz","tipo_persona":"conductor","tipo_pago":"cuotas","estado_contrato":null,"facturado":"0","fecha_facturacion":null}
[14-Mar-2026 10:14:32 America/Lima] Fila encontrada: {"id_pago":"75","monto":"50.00","fecha_emision":"2025-03-26 15:44:18","ruta":"files\/notasPagoInscripcion\/nota_venta_83.pdf","id_asesor":"83","nombre_persona":"ANDREI ENRIQUE RINCON MONTIEL","nro_identidad":"17737101","num_unidad":"263","nombre_asesor":"Angel Mu\u00f1oz","tipo_persona":"conductor","tipo_pago":"cuotas","estado_contrato":null,"facturado":"0","fecha_facturacion":null}
[14-Mar-2026 10:14:32 America/Lima] Fila encontrada: {"id_pago":"74","monto":"50.00","fecha_emision":"2025-03-26 15:41:53","ruta":"files\/notasPagoInscripcion\/nota_venta_82.pdf","id_asesor":"83","nombre_persona":"OSCAR ENRIQUE NU\u00d1EZ BUTRON","nro_identidad":"43741218","num_unidad":"261","nombre_asesor":"Angel Mu\u00f1oz","tipo_persona":"conductor","tipo_pago":"cuotas","estado_contrato":null,"facturado":"0","fecha_facturacion":null}
[14-Mar-2026 10:14:32 America/Lima] Fila encontrada: {"id_pago":"73","monto":"50.00","fecha_emision":"2025-03-26 12:55:16","ruta":"files\/notasPagoInscripcion\/nota_venta_81.pdf","id_asesor":"80","nombre_persona":"ADOLFO RODRIGO LARICO MAMANI","nro_identidad":"44285524","num_unidad":"268","nombre_asesor":null,"tipo_persona":"conductor","tipo_pago":"cuotas","estado_contrato":null,"facturado":"0","fecha_facturacion":null}
[14-Mar-2026 10:14:32 America/Lima] Fila encontrada: {"id_pago":"72","monto":"50.00","fecha_emision":"2025-03-26 12:54:00","ruta":"files\/notasPagoInscripcion\/nota_venta_80.pdf","id_asesor":"80","nombre_persona":"RENE ALFONSO PUMA HUANCARA","nro_identidad":"44935157","num_unidad":"265","nombre_asesor":null,"tipo_persona":"conductor","tipo_pago":"cuotas","estado_contrato":null,"facturado":"0","fecha_facturacion":null}
[14-Mar-2026 10:14:32 America/Lima] Fila encontrada: {"id_pago":"71","monto":"150.00","fecha_emision":"2025-03-26 12:51:20","ruta":"files\/notasPagoInscripcion\/nota_venta_79.pdf","id_asesor":"80","nombre_persona":"MIGUEL ANGEL ZAVALA BARRA","nro_identidad":"42918607","num_unidad":"259","nombre_asesor":null,"tipo_persona":"conductor","tipo_pago":"cuotas","estado_contrato":null,"facturado":"0","fecha_facturacion":null}
[14-Mar-2026 10:14:32 America/Lima] Fila encontrada: {"id_pago":"70","monto":"250.00","fecha_emision":"2025-03-26 12:50:30","ruta":"files\/notasPagoInscripcion\/nota_venta_78.pdf","id_asesor":"80","nombre_persona":"FRANK GABRIEL CANO MULLIZACA","nro_identidad":"41461862","num_unidad":"258","nombre_asesor":null,"tipo_persona":"conductor","tipo_pago":"cuotas","estado_contrato":null,"facturado":"0","fecha_facturacion":null}
[14-Mar-2026 10:14:32 America/Lima] Fila encontrada: {"id_pago":"69","monto":"250.00","fecha_emision":"2025-03-26 12:48:46","ruta":"files\/notasPagoInscripcion\/nota_venta_77.pdf","id_asesor":"80","nombre_persona":"ELVIS GODOFREDO ALVAREZ SALAZAR","nro_identidad":"43616046","num_unidad":"257","nombre_asesor":null,"tipo_persona":"conductor","tipo_pago":"cuotas","estado_contrato":null,"facturado":"0","fecha_facturacion":null}
[14-Mar-2026 10:14:32 America/Lima] Fila encontrada: {"id_pago":"68","monto":"250.00","fecha_emision":"2025-03-26 12:47:54","ruta":"files\/notasPagoInscripcion\/nota_venta_76.pdf","id_asesor":"80","nombre_persona":"CARLOS ELMER VILCA ASQUI","nro_identidad":"42161827","num_unidad":"255","nombre_asesor":null,"tipo_persona":"conductor","tipo_pago":"cuotas","estado_contrato":null,"facturado":"0","fecha_facturacion":null}
[14-Mar-2026 10:14:32 America/Lima] Fila encontrada: {"id_pago":"67","monto":"250.00","fecha_emision":"2025-03-26 12:47:14","ruta":"files\/notasPagoInscripcion\/nota_venta_75.pdf","id_asesor":"80","nombre_persona":"DAVID POCOHUANCA ALEJO","nro_identidad":"72481612","num_unidad":"254","nombre_asesor":null,"tipo_persona":"conductor","tipo_pago":"cuotas","estado_contrato":null,"facturado":"0","fecha_facturacion":null}
[14-Mar-2026 10:14:32 America/Lima] Fila encontrada: {"id_pago":"66","monto":"250.00","fecha_emision":"2025-03-26 12:43:50","ruta":"files\/notasPagoInscripcion\/nota_venta_74.pdf","id_asesor":"80","nombre_persona":"GIANMARCO EDSON NIETO LINARES","nro_identidad":"47844273","num_unidad":"253","nombre_asesor":null,"tipo_persona":"conductor","tipo_pago":"cuotas","estado_contrato":null,"facturado":"0","fecha_facturacion":null}
[14-Mar-2026 10:14:32 America/Lima] Fila encontrada: {"id_pago":"65","monto":"250.00","fecha_emision":"2025-03-26 12:42:22","ruta":"files\/notasPagoInscripcion\/nota_venta_73.pdf","id_asesor":"80","nombre_persona":"ARTURO PEDRO LLACHO QUISPE","nro_identidad":"47391287","num_unidad":"252","nombre_asesor":null,"tipo_persona":"conductor","tipo_pago":"cuotas","estado_contrato":null,"facturado":"0","fecha_facturacion":null}
[14-Mar-2026 10:14:32 America/Lima] Fila encontrada: {"id_pago":"64","monto":"250.00","fecha_emision":"2025-03-26 12:40:28","ruta":"files\/notasPagoInscripcion\/nota_venta_72.pdf","id_asesor":"80","nombre_persona":"JAIME GREGORIO ARENAS SANDOVAL","nro_identidad":"29566254","num_unidad":"251","nombre_asesor":null,"tipo_persona":"conductor","tipo_pago":"cuotas","estado_contrato":null,"facturado":"0","fecha_facturacion":null}
[14-Mar-2026 10:14:32 America/Lima] Fila encontrada: {"id_pago":"63","monto":"150.00","fecha_emision":"2025-03-26 12:33:03","ruta":"files\/notasPagoInscripcion\/nota_venta_71.pdf","id_asesor":"80","nombre_persona":"HUBERT JESUS ALVAREZ MAMANI","nro_identidad":"40198998","num_unidad":"248","nombre_asesor":null,"tipo_persona":"conductor","tipo_pago":"cuotas","estado_contrato":null,"facturado":"0","fecha_facturacion":null}
[14-Mar-2026 10:14:32 America/Lima] Fila encontrada: {"id_pago":"62","monto":"200.00","fecha_emision":"2025-03-26 12:28:51","ruta":"files\/notasPagoInscripcion\/nota_venta_70.pdf","id_asesor":"80","nombre_persona":"ALEJANDRO MESIAS OSORIO","nro_identidad":"001494887","num_unidad":"246","nombre_asesor":null,"tipo_persona":"conductor","tipo_pago":"cuotas","estado_contrato":null,"facturado":"0","fecha_facturacion":null}
[14-Mar-2026 10:14:32 America/Lima] Fila encontrada: {"id_pago":"61","monto":"150.00","fecha_emision":"2025-03-26 12:26:22","ruta":"files\/notasPagoInscripcion\/nota_venta_69.pdf","id_asesor":"80","nombre_persona":"JOHNNY ABEL YEPEZ CHURA","nro_identidad":"46617912","num_unidad":"244","nombre_asesor":null,"tipo_persona":"conductor","tipo_pago":"cuotas","estado_contrato":null,"facturado":"0","fecha_facturacion":null}
[14-Mar-2026 10:14:32 America/Lima] Fila encontrada: {"id_pago":"60","monto":"250.00","fecha_emision":"2025-03-26 12:19:28","ruta":"files\/notasPagoInscripcion\/nota_venta_348.pdf","id_asesor":"80","nombre_persona":"ERICK MANUEL CONDORI TANTALEAN","nro_identidad":"46670465","num_unidad":"242","nombre_asesor":null,"tipo_persona":"conductor","tipo_pago":"contado","estado_contrato":null,"facturado":"0","fecha_facturacion":null}
[14-Mar-2026 10:14:32 America/Lima] Fila encontrada: {"id_pago":"59","monto":"200.00","fecha_emision":"2025-03-26 12:11:46","ruta":"files\/notasPagoInscripcion\/nota_venta_347.pdf","id_asesor":"80","nombre_persona":"JHONATHAN ALEJANDRO MARQUEZ BURGOS","nro_identidad":"007571986","num_unidad":"237","nombre_asesor":null,"tipo_persona":"conductor","tipo_pago":"contado","estado_contrato":null,"facturado":"0","fecha_facturacion":null}
[14-Mar-2026 10:14:32 America/Lima] Fila encontrada: {"id_pago":"58","monto":"100.00","fecha_emision":"2025-03-24 16:51:20","ruta":"files\/notasPagoInscripcion\/nota_venta_346.pdf","id_asesor":"81","nombre_persona":"MIGUEL ANGEL CONDORI SALAS","nro_identidad":"75185244","num_unidad":"271","nombre_asesor":null,"tipo_persona":"conductor","tipo_pago":"cuotas","estado_contrato":null,"facturado":"0","fecha_facturacion":null}
[14-Mar-2026 10:14:32 America/Lima] Fila encontrada: {"id_pago":"57","monto":"50.00","fecha_emision":"2025-03-24 14:05:40","ruta":"files\/notasPagoInscripcion\/nota_venta_65.pdf","id_asesor":"80","nombre_persona":"ERICK MANUEL CONDORI TANTALEAN","nro_identidad":"46670465","num_unidad":"242","nombre_asesor":null,"tipo_persona":"conductor","tipo_pago":"cuotas","estado_contrato":null,"facturado":"0","fecha_facturacion":null}
[14-Mar-2026 10:14:32 America/Lima] Fila encontrada: {"id_pago":"56","monto":"100.00","fecha_emision":"2025-03-22 12:33:39","ruta":"files\/notasPagoInscripcion\/nota_venta_345.pdf","id_asesor":"83","nombre_persona":"GABRIEL ANTONIO MONTA\u00d1O RUIZ","nro_identidad":"006512363","num_unidad":"270","nombre_asesor":"Angel Mu\u00f1oz","tipo_persona":"conductor","tipo_pago":"cuotas","estado_contrato":null,"facturado":"0","fecha_facturacion":null}
[14-Mar-2026 10:14:32 America/Lima] Fila encontrada: {"id_pago":"55","monto":"250.00","fecha_emision":"2025-03-22 11:53:45","ruta":"files\/notasPagoInscripcion\/nota_venta_63.pdf","id_asesor":"83","nombre_persona":"SERGIO ANDRE CALCINA MANCHEGO","nro_identidad":"76408958","num_unidad":"250","nombre_asesor":"Angel Mu\u00f1oz","tipo_persona":"conductor","tipo_pago":"cuotas","estado_contrato":null,"facturado":"0","fecha_facturacion":null}
[14-Mar-2026 10:14:32 America/Lima] Fila encontrada: {"id_pago":"54","monto":"50.00","fecha_emision":"2025-03-22 11:39:05","ruta":"files\/notasPagoInscripcion\/nota_venta_62.pdf","id_asesor":"83","nombre_persona":"MIRKO MOISES FLORES CASTILLO","nro_identidad":"46113743","num_unidad":"267","nombre_asesor":"Angel Mu\u00f1oz","tipo_persona":"conductor","tipo_pago":"cuotas","estado_contrato":null,"facturado":"0","fecha_facturacion":null}
[14-Mar-2026 10:14:32 America/Lima] Fila encontrada: {"id_pago":"53","monto":"50.00","fecha_emision":"2025-03-21 20:37:18","ruta":"files\/notasPagoInscripcion\/nota_venta_61.pdf","id_asesor":"82","nombre_persona":"DIEGO MIGUEL ARRIARAN HERRERA","nro_identidad":"73061472","num_unidad":"256","nombre_asesor":"Leslie Machaca","tipo_persona":"conductor","tipo_pago":"cuotas","estado_contrato":null,"facturado":"0","fecha_facturacion":null}
[14-Mar-2026 10:14:32 America/Lima] Fila encontrada: {"id_pago":"52","monto":"50.00","fecha_emision":"2025-03-21 20:34:36","ruta":"files\/notasPagoInscripcion\/nota_venta_60.pdf","id_asesor":"82","nombre_persona":"DIEGO MIGUEL ARRIARAN HERRERA","nro_identidad":"73061472","num_unidad":"256","nombre_asesor":"Leslie Machaca","tipo_persona":"conductor","tipo_pago":"cuotas","estado_contrato":null,"facturado":"0","fecha_facturacion":null}
[14-Mar-2026 10:14:32 America/Lima] Fila encontrada: {"id_pago":"51","monto":"50.00","fecha_emision":"2025-03-21 20:24:11","ruta":"files\/notasPagoInscripcion\/nota_venta_59.pdf","id_asesor":"82","nombre_persona":"LUIS DANIEL HURTADO BLANCO","nro_identidad":"03165444","num_unidad":"262","nombre_asesor":"Leslie Machaca","tipo_persona":"conductor","tipo_pago":"cuotas","estado_contrato":null,"facturado":"0","fecha_facturacion":null}
[14-Mar-2026 10:14:32 America/Lima] Fila encontrada: {"id_pago":"50","monto":"100.00","fecha_emision":"2025-03-20 12:50:55","ruta":"files\/notasPagoInscripcion\/nota_venta_344.pdf","id_asesor":"80","nombre_persona":"OBERTO SEGUNDO ROMERO  GARCES","nro_identidad":"003280193","num_unidad":"269","nombre_asesor":null,"tipo_persona":"conductor","tipo_pago":"cuotas","estado_contrato":null,"facturado":"0","fecha_facturacion":null}
[14-Mar-2026 10:14:32 America/Lima] Fila encontrada: {"id_pago":"49","monto":"100.00","fecha_emision":"2025-03-20 12:47:12","ruta":"files\/notasPagoInscripcion\/nota_venta_343.pdf","id_asesor":"83","nombre_persona":"OBERTO SEGUNDO ROMERO  GARCES","nro_identidad":"003280193","num_unidad":"269","nombre_asesor":"Angel Mu\u00f1oz","tipo_persona":"conductor","tipo_pago":"cuotas","estado_contrato":null,"facturado":"0","fecha_facturacion":null}
[14-Mar-2026 10:14:32 America/Lima] Fila encontrada: {"id_pago":"48","monto":"50.00","fecha_emision":"2025-03-20 12:17:18","ruta":"files\/notasPagoInscripcion\/nota_venta_56.pdf","id_asesor":"80","nombre_persona":"EDGAR MAURO CANAZA YUCRA","nro_identidad":"76822310","num_unidad":"249","nombre_asesor":null,"tipo_persona":"conductor","tipo_pago":"cuotas","estado_contrato":null,"facturado":"0","fecha_facturacion":null}
[14-Mar-2026 10:14:32 America/Lima] Fila encontrada: {"id_pago":"47","monto":"250.00","fecha_emision":"2025-03-20 10:20:43","ruta":"files\/notasPagoInscripcion\/nota_venta_55.pdf","id_asesor":"80","nombre_persona":"ULISES AVELINO CHAMBI VALDIVIA","nro_identidad":"47385683","num_unidad":"260","nombre_asesor":null,"tipo_persona":"conductor","tipo_pago":"cuotas","estado_contrato":null,"facturado":"0","fecha_facturacion":null}
[14-Mar-2026 10:14:32 America/Lima] Fila encontrada: {"id_pago":"46","monto":"200.00","fecha_emision":"2025-03-20 10:09:30","ruta":"files\/notasPagoInscripcion\/nota_venta_54.pdf","id_asesor":"80","nombre_persona":"JOSUE RANDU CABANA PALOMINO","nro_identidad":"76585536","num_unidad":"247","nombre_asesor":null,"tipo_persona":"conductor","tipo_pago":"cuotas","estado_contrato":null,"facturado":"0","fecha_facturacion":null}
[14-Mar-2026 10:14:32 America/Lima] Fila encontrada: {"id_pago":"45","monto":"50.00","fecha_emision":"2025-03-20 10:08:35","ruta":"files\/notasPagoInscripcion\/nota_venta_342.pdf","id_asesor":"80","nombre_persona":"JOSUE RANDU CABANA PALOMINO","nro_identidad":"76585536","num_unidad":"247","nombre_asesor":null,"tipo_persona":"conductor","tipo_pago":"cuotas","estado_contrato":null,"facturado":"0","fecha_facturacion":null}
[14-Mar-2026 10:14:32 America/Lima] Fila encontrada: {"id_pago":"44","monto":"250.00","fecha_emision":"2025-03-20 10:03:48","ruta":"files\/notasPagoInscripcion\/nota_venta_52.pdf","id_asesor":"80","nombre_persona":"JUAN CARLOS RIVERA SUCLLA","nro_identidad":"43480906","num_unidad":"142","nombre_asesor":null,"tipo_persona":"conductor","tipo_pago":"cuotas","estado_contrato":null,"facturado":"0","fecha_facturacion":null}
[14-Mar-2026 10:14:32 America/Lima] Fila encontrada: {"id_pago":"43","monto":"200.00","fecha_emision":"2025-03-19 19:49:40","ruta":"files\/notasPagoInscripcion\/nota_venta_51.pdf","id_asesor":"82","nombre_persona":"OSCAR ENRIQUE NU\u00d1EZ BUTRON","nro_identidad":"43741218","num_unidad":"261","nombre_asesor":"Leslie Machaca","tipo_persona":"conductor","tipo_pago":"cuotas","estado_contrato":null,"facturado":"0","fecha_facturacion":null}
[14-Mar-2026 10:14:32 America/Lima] Fila encontrada: {"id_pago":"42","monto":"250.00","fecha_emision":"2025-03-19 19:09:13","ruta":"files\/notasPagoInscripcion\/nota_venta_50.pdf","id_asesor":"82","nombre_persona":"DANIEL ALBERTO VILA DIAZ","nro_identidad":"70194858","num_unidad":"245","nombre_asesor":"Leslie Machaca","tipo_persona":"conductor","tipo_pago":"cuotas","estado_contrato":null,"facturado":"0","fecha_facturacion":null}
[14-Mar-2026 10:14:32 America/Lima] Fila encontrada: {"id_pago":"41","monto":"100.00","fecha_emision":"2025-03-19 16:09:48","ruta":"files\/notasPagoInscripcion\/nota_venta_49.pdf","id_asesor":"83","nombre_persona":"ANDREI ENRIQUE RINCON MONTIEL","nro_identidad":"17737101","num_unidad":"263","nombre_asesor":"Angel Mu\u00f1oz","tipo_persona":"conductor","tipo_pago":"cuotas","estado_contrato":null,"facturado":"0","fecha_facturacion":null}
[14-Mar-2026 10:14:32 America/Lima] Fila encontrada: {"id_pago":"40","monto":"100.00","fecha_emision":"2025-03-19 14:32:33","ruta":"files\/notasPagoInscripcion\/nota_venta_341.pdf","id_asesor":"80","nombre_persona":"ADOLFO RODRIGO LARICO MAMANI","nro_identidad":"44285524","num_unidad":"268","nombre_asesor":null,"tipo_persona":"conductor","tipo_pago":"cuotas","estado_contrato":null,"facturado":"0","fecha_facturacion":null}
[14-Mar-2026 10:14:32 America/Lima] Fila encontrada: {"id_pago":"39","monto":"100.00","fecha_emision":"2025-03-19 14:24:00","ruta":"files\/notasPagoInscripcion\/nota_venta_47.pdf","id_asesor":"80","nombre_persona":"LUIS DANIEL HURTADO BLANCO","nro_identidad":"03165444","num_unidad":"262","nombre_asesor":null,"tipo_persona":"conductor","tipo_pago":"cuotas","estado_contrato":null,"facturado":"0","fecha_facturacion":null}
[14-Mar-2026 10:14:32 America/Lima] Fila encontrada: {"id_pago":"38","monto":"50.00","fecha_emision":"2025-03-19 14:23:39","ruta":"files\/notasPagoInscripcion\/nota_venta_340.pdf","id_asesor":"80","nombre_persona":"LUIS DANIEL HURTADO BLANCO","nro_identidad":"03165444","num_unidad":"262","nombre_asesor":null,"tipo_persona":"conductor","tipo_pago":"cuotas","estado_contrato":null,"facturado":"0","fecha_facturacion":null}
[14-Mar-2026 10:14:32 America/Lima] Fila encontrada: {"id_pago":"37","monto":"50.00","fecha_emision":"2025-03-17 19:05:21","ruta":"files\/notasPagoInscripcion\/nota_venta_45.pdf","id_asesor":"81","nombre_persona":"RENE ALFONSO PUMA HUANCARA","nro_identidad":"44935157","num_unidad":"265","nombre_asesor":null,"tipo_persona":"conductor","tipo_pago":"cuotas","estado_contrato":null,"facturado":"0","fecha_facturacion":null}
[14-Mar-2026 10:14:32 America/Lima] Fila encontrada: {"id_pago":"34","monto":"150.00","fecha_emision":"2025-03-17 10:36:39","ruta":"files\/notasPagoInscripcion\/nota_venta_42.pdf","id_asesor":"82","nombre_persona":"DIEGO MIGUEL ARRIARAN HERRERA","nro_identidad":"73061472","num_unidad":"256","nombre_asesor":"Leslie Machaca","tipo_persona":"conductor","tipo_pago":"cuotas","estado_contrato":null,"facturado":"0","fecha_facturacion":null}
[14-Mar-2026 10:14:32 America/Lima] Fila encontrada: {"id_pago":"32","monto":"50.00","fecha_emision":"2025-03-17 09:23:03","ruta":"files\/notasPagoInscripcion\/nota_venta_40.pdf","id_asesor":"78","nombre_persona":"MIRKO MOISES FLORES CASTILLO","nro_identidad":"46113743","num_unidad":"267","nombre_asesor":"GianJesus Ramos","tipo_persona":"conductor","tipo_pago":"cuotas","estado_contrato":null,"facturado":"0","fecha_facturacion":null}
[14-Mar-2026 10:14:32 America/Lima] Fila encontrada: {"id_pago":"31","monto":"100.00","fecha_emision":"2025-03-17 09:17:18","ruta":"files\/notasPagoInscripcion\/nota_venta_338.pdf","id_asesor":"80","nombre_persona":"MIRKO MOISES FLORES CASTILLO","nro_identidad":"46113743","num_unidad":"267","nombre_asesor":null,"tipo_persona":"conductor","tipo_pago":"cuotas","estado_contrato":null,"facturado":"0","fecha_facturacion":null}
[14-Mar-2026 10:14:32 America/Lima] Fila encontrada: {"id_pago":"30","monto":"100.00","fecha_emision":"2025-03-17 09:13:11","ruta":"files\/notasPagoInscripcion\/nota_venta_337.pdf","id_asesor":"78","nombre_persona":"MIRKO MOISES FLORES CASTILLO","nro_identidad":"46113743","num_unidad":"267","nombre_asesor":"GianJesus Ramos","tipo_persona":"conductor","tipo_pago":"cuotas","estado_contrato":null,"facturado":"0","fecha_facturacion":null}
[14-Mar-2026 10:14:32 America/Lima] Fila encontrada: {"id_pago":"25","monto":"150.00","fecha_emision":"2025-03-12 14:19:47","ruta":"files\/notasPagoInscripcion\/nota_venta_33.pdf","id_asesor":"80","nombre_persona":"ERICK MANUEL CONDORI TANTALEAN","nro_identidad":"46670465","num_unidad":"242","nombre_asesor":null,"tipo_persona":"conductor","tipo_pago":"cuotas","estado_contrato":null,"facturado":"0","fecha_facturacion":null}
[14-Mar-2026 10:14:32 America/Lima] Fila encontrada: {"id_pago":"315","monto":"200.00","fecha_emision":"2025-03-12 00:00:00","ruta":null,"id_asesor":null,"nombre_persona":"LEYSON FRANCKLIN MONTOYA ANCO","nro_identidad":"46549235","num_unidad":"214","nombre_asesor":null,"tipo_persona":"conductor","tipo_pago":"contado","estado_contrato":null,"facturado":"0","fecha_facturacion":null}
[14-Mar-2026 10:14:32 America/Lima] Fila encontrada: {"id_pago":"316","monto":"200.00","fecha_emision":"2025-03-12 00:00:00","ruta":null,"id_asesor":null,"nombre_persona":"GIANCARLO MARAZO  COSY","nro_identidad":"45354419","num_unidad":"215","nombre_asesor":null,"tipo_persona":"conductor","tipo_pago":"contado","estado_contrato":null,"facturado":"0","fecha_facturacion":null}
[14-Mar-2026 10:14:32 America/Lima] Fila encontrada: {"id_pago":"317","monto":"200.00","fecha_emision":"2025-03-12 00:00:00","ruta":null,"id_asesor":null,"nombre_persona":"GLEN CARLO ALVAREZ NU\u00d1EZ","nro_identidad":"42187225","num_unidad":"217","nombre_asesor":null,"tipo_persona":"conductor","tipo_pago":"contado","estado_contrato":null,"facturado":"0","fecha_facturacion":null}
[14-Mar-2026 10:14:32 America/Lima] Fila encontrada: {"id_pago":"318","monto":"200.00","fecha_emision":"2025-03-12 00:00:00","ruta":null,"id_asesor":null,"nombre_persona":"ILDER INUMA ARCE","nro_identidad":"47141222","num_unidad":"219","nombre_asesor":null,"tipo_persona":"conductor","tipo_pago":"contado","estado_contrato":null,"facturado":"0","fecha_facturacion":null}
[14-Mar-2026 10:14:32 America/Lima] Fila encontrada: {"id_pago":"319","monto":"200.00","fecha_emision":"2025-03-12 00:00:00","ruta":null,"id_asesor":null,"nombre_persona":"JUAN CARLOS  HANCCO YUCRA","nro_identidad":"41656784","num_unidad":"224","nombre_asesor":null,"tipo_persona":"conductor","tipo_pago":"contado","estado_contrato":null,"facturado":"0","fecha_facturacion":null}
[14-Mar-2026 10:14:32 America/Lima] Fila encontrada: {"id_pago":"320","monto":"200.00","fecha_emision":"2025-03-12 00:00:00","ruta":null,"id_asesor":null,"nombre_persona":"MANUEL ENRIQUE  LAZO VILLANUEVA","nro_identidad":"60865426","num_unidad":"225","nombre_asesor":null,"tipo_persona":"conductor","tipo_pago":"contado","estado_contrato":null,"facturado":"0","fecha_facturacion":null}
[14-Mar-2026 10:14:32 America/Lima] Fila encontrada: {"id_pago":"321","monto":"200.00","fecha_emision":"2025-03-12 00:00:00","ruta":null,"id_asesor":null,"nombre_persona":"JOBELL JAIR EDU BENAVENTE ARIZAGA","nro_identidad":"44614705","num_unidad":"227","nombre_asesor":null,"tipo_persona":"conductor","tipo_pago":"contado","estado_contrato":null,"facturado":"0","fecha_facturacion":null}
[14-Mar-2026 10:14:32 America/Lima] Fila encontrada: {"id_pago":"322","monto":"200.00","fecha_emision":"2025-03-12 00:00:00","ruta":null,"id_asesor":null,"nombre_persona":"RONALD LUIS ZAPANA COQUE\u00d1A","nro_identidad":"73240449","num_unidad":"228","nombre_asesor":null,"tipo_persona":"conductor","tipo_pago":"contado","estado_contrato":null,"facturado":"0","fecha_facturacion":null}
[14-Mar-2026 10:14:32 America/Lima] Fila encontrada: {"id_pago":"324","monto":"200.00","fecha_emision":"2025-03-12 00:00:00","ruta":null,"id_asesor":null,"nombre_persona":"LUIS FERNANDO HERRERA HUAMAN","nro_identidad":"73144601","num_unidad":"230","nombre_asesor":null,"tipo_persona":"conductor","tipo_pago":"contado","estado_contrato":null,"facturado":"0","fecha_facturacion":null}
[14-Mar-2026 10:14:32 America/Lima] Fila encontrada: {"id_pago":"326","monto":"200.00","fecha_emision":"2025-03-12 00:00:00","ruta":null,"id_asesor":null,"nombre_persona":"JEAN CARLO FERNANDO CHIRINOS GARCIA","nro_identidad":"75150703","num_unidad":"234","nombre_asesor":null,"tipo_persona":"conductor","tipo_pago":"contado","estado_contrato":null,"facturado":"0","fecha_facturacion":null}
[14-Mar-2026 10:14:32 America/Lima] Fila encontrada: {"id_pago":"327","monto":"200.00","fecha_emision":"2025-03-12 00:00:00","ruta":null,"id_asesor":null,"nombre_persona":"CARLOS ANTONIO MANZANARES MOLINA","nro_identidad":"62593589","num_unidad":"235","nombre_asesor":null,"tipo_persona":"conductor","tipo_pago":"contado","estado_contrato":null,"facturado":"0","fecha_facturacion":null}
[14-Mar-2026 10:14:32 America/Lima] Fila encontrada: {"id_pago":"329","monto":"250.00","fecha_emision":"2025-03-12 00:00:00","ruta":null,"id_asesor":null,"nombre_persona":"JORGE EDUARDO CISNEROS PAREDES","nro_identidad":"73341621","num_unidad":"240","nombre_asesor":null,"tipo_persona":"conductor","tipo_pago":"contado","estado_contrato":null,"facturado":"0","fecha_facturacion":null}
[14-Mar-2026 10:14:32 America/Lima] Fila encontrada: {"id_pago":"292","monto":"100.00","fecha_emision":"2025-02-27 00:00:00","ruta":null,"id_asesor":null,"nombre_persona":"WILBERT UCHASARA GONZALES","nro_identidad":"61839879","num_unidad":"11","nombre_asesor":null,"tipo_persona":"conductor","tipo_pago":"contado","estado_contrato":null,"facturado":"0","fecha_facturacion":null}
[14-Mar-2026 10:14:32 America/Lima] Fila encontrada: {"id_pago":"293","monto":"100.00","fecha_emision":"2025-02-27 00:00:00","ruta":null,"id_asesor":null,"nombre_persona":"DEIVIS AURELIO IBARRA MACEDO","nro_identidad":"41201628","num_unidad":"121","nombre_asesor":null,"tipo_persona":"conductor","tipo_pago":"contado","estado_contrato":null,"facturado":"0","fecha_facturacion":null}
[14-Mar-2026 10:14:32 America/Lima] Fila encontrada: {"id_pago":"247","monto":"100.00","fecha_emision":"2025-02-17 00:00:00","ruta":null,"id_asesor":null,"nombre_persona":"CHRISTIAN NIELS NAVARRETE PEREZ","nro_identidad":"70040425","num_unidad":"180","nombre_asesor":null,"tipo_persona":"conductor","tipo_pago":"contado","estado_contrato":null,"facturado":"0","fecha_facturacion":null}
[14-Mar-2026 10:14:32 America/Lima] Fila encontrada: {"id_pago":"248","monto":"100.00","fecha_emision":"2025-02-17 00:00:00","ruta":null,"id_asesor":null,"nombre_persona":"EDWIN VIZCARRA APAZA","nro_identidad":"46667039","num_unidad":"181","nombre_asesor":null,"tipo_persona":"conductor","tipo_pago":"contado","estado_contrato":null,"facturado":"0","fecha_facturacion":null}
[14-Mar-2026 10:14:32 America/Lima] Fila encontrada: {"id_pago":"249","monto":"150.00","fecha_emision":"2025-02-17 00:00:00","ruta":null,"id_asesor":null,"nombre_persona":"DAVID LLAMOCA GASPAR","nro_identidad":"42961107","num_unidad":"182","nombre_asesor":null,"tipo_persona":"conductor","tipo_pago":"contado","estado_contrato":null,"facturado":"0","fecha_facturacion":null}
[14-Mar-2026 10:14:32 America/Lima] Fila encontrada: {"id_pago":"250","monto":"150.00","fecha_emision":"2025-02-17 00:00:00","ruta":null,"id_asesor":null,"nombre_persona":"GONZALO ALONSO TOLEDO VALENCIA","nro_identidad":"47409600","num_unidad":"203","nombre_asesor":null,"tipo_persona":"conductor","tipo_pago":"contado","estado_contrato":null,"facturado":"0","fecha_facturacion":null}
[14-Mar-2026 10:14:32 America/Lima] Fila encontrada: {"id_pago":"251","monto":"150.00","fecha_emision":"2025-02-17 00:00:00","ruta":null,"id_asesor":null,"nombre_persona":"WILLINGTON DIONI MARTINEZ HUAMAN","nro_identidad":"43405475","num_unidad":"202","nombre_asesor":null,"tipo_persona":"conductor","tipo_pago":"contado","estado_contrato":null,"facturado":"0","fecha_facturacion":null}
[14-Mar-2026 10:14:32 America/Lima] Fila encontrada: {"id_pago":"252","monto":"150.00","fecha_emision":"2025-02-17 00:00:00","ruta":null,"id_asesor":null,"nombre_persona":"JOHN MANUEL TORRES MAMANI","nro_identidad":"71318267","num_unidad":"201","nombre_asesor":null,"tipo_persona":"conductor","tipo_pago":"contado","estado_contrato":null,"facturado":"0","fecha_facturacion":null}
[14-Mar-2026 10:14:32 America/Lima] Fila encontrada: {"id_pago":"253","monto":"150.00","fecha_emision":"2025-02-17 00:00:00","ruta":null,"id_asesor":null,"nombre_persona":"EDER HUANCAPAZA MAMANI","nro_identidad":"45653526","num_unidad":"200","nombre_asesor":null,"tipo_persona":"conductor","tipo_pago":"contado","estado_contrato":null,"facturado":"0","fecha_facturacion":null}
[14-Mar-2026 10:14:32 America/Lima] Fila encontrada: {"id_pago":"254","monto":"100.00","fecha_emision":"2025-02-17 00:00:00","ruta":null,"id_asesor":null,"nombre_persona":"BERNARDINO PAREDES RAMIREZ","nro_identidad":"06038537","num_unidad":"171","nombre_asesor":null,"tipo_persona":"conductor","tipo_pago":"contado","estado_contrato":null,"facturado":"0","fecha_facturacion":null}
[14-Mar-2026 10:14:32 America/Lima] Fila encontrada: {"id_pago":"256","monto":"100.00","fecha_emision":"2025-02-17 00:00:00","ruta":null,"id_asesor":null,"nombre_persona":"KEVIN ABEL APAZA APAZA","nro_identidad":"76967248","num_unidad":"172","nombre_asesor":null,"tipo_persona":"conductor","tipo_pago":"contado","estado_contrato":null,"facturado":"0","fecha_facturacion":null}
[14-Mar-2026 10:14:32 America/Lima] Fila encontrada: {"id_pago":"257","monto":"100.00","fecha_emision":"2025-02-17 00:00:00","ruta":null,"id_asesor":null,"nombre_persona":"JIMMY MICHAEL ZU\u00d1IGA COLLADO","nro_identidad":"41930342","num_unidad":"173","nombre_asesor":null,"tipo_persona":"conductor","tipo_pago":"contado","estado_contrato":null,"facturado":"0","fecha_facturacion":null}
[14-Mar-2026 10:14:32 America/Lima] Fila encontrada: {"id_pago":"258","monto":"100.00","fecha_emision":"2025-02-17 00:00:00","ruta":null,"id_asesor":null,"nombre_persona":"CARLOS ALONSO APAZA PALLI","nro_identidad":"74917700","num_unidad":"174","nombre_asesor":null,"tipo_persona":"conductor","tipo_pago":"contado","estado_contrato":null,"facturado":"0","fecha_facturacion":null}
[14-Mar-2026 10:14:32 America/Lima] Fila encontrada: {"id_pago":"259","monto":"100.00","fecha_emision":"2025-02-17 00:00:00","ruta":null,"id_asesor":null,"nombre_persona":"RONALD JUNIOR APAZA SUCAPUCA","nro_identidad":"74943392","num_unidad":"175","nombre_asesor":null,"tipo_persona":"conductor","tipo_pago":"contado","estado_contrato":null,"facturado":"0","fecha_facturacion":null}
[14-Mar-2026 10:14:32 America/Lima] Fila encontrada: {"id_pago":"260","monto":"100.00","fecha_emision":"2025-02-17 00:00:00","ruta":null,"id_asesor":null,"nombre_persona":"JEAN PIERRE PUMA PILLCO","nro_identidad":"47750093","num_unidad":"179","nombre_asesor":null,"tipo_persona":"conductor","tipo_pago":"contado","estado_contrato":null,"facturado":"0","fecha_facturacion":null}
[14-Mar-2026 10:14:32 America/Lima] Fila encontrada: {"id_pago":"261","monto":"100.00","fecha_emision":"2025-02-17 00:00:00","ruta":null,"id_asesor":null,"nombre_persona":"JOEL JOSHUA PUMA PILLCO","nro_identidad":"77144330","num_unidad":"178","nombre_asesor":null,"tipo_persona":"conductor","tipo_pago":"contado","estado_contrato":null,"facturado":"0","fecha_facturacion":null}
[14-Mar-2026 10:14:32 America/Lima] Fila encontrada: {"id_pago":"262","monto":"100.00","fecha_emision":"2025-02-17 00:00:00","ruta":null,"id_asesor":null,"nombre_persona":"JUAN CARLOS QUISPE CCALLO","nro_identidad":"46180474","num_unidad":"177","nombre_asesor":null,"tipo_persona":"conductor","tipo_pago":"contado","estado_contrato":null,"facturado":"0","fecha_facturacion":null}
[14-Mar-2026 10:14:32 America/Lima] Fila encontrada: {"id_pago":"263","monto":"100.00","fecha_emision":"2025-02-17 00:00:00","ruta":null,"id_asesor":null,"nombre_persona":"ALVARO GREGORIO ALVAREZ QUISPE","nro_identidad":"44872788","num_unidad":"176","nombre_asesor":null,"tipo_persona":"conductor","tipo_pago":"contado","estado_contrato":null,"facturado":"0","fecha_facturacion":null}
[14-Mar-2026 10:14:32 America/Lima] Fila encontrada: {"id_pago":"264","monto":"100.00","fecha_emision":"2025-02-17 00:00:00","ruta":null,"id_asesor":null,"nombre_persona":"WILSON ALEX COPARA QUISPE","nro_identidad":"44240229","num_unidad":"99","nombre_asesor":null,"tipo_persona":"conductor","tipo_pago":"contado","estado_contrato":null,"facturado":"0","fecha_facturacion":null}
[14-Mar-2026 10:14:32 America/Lima] Fila encontrada: {"id_pago":"265","monto":"100.00","fecha_emision":"2025-02-17 00:00:00","ruta":null,"id_asesor":null,"nombre_persona":"LUIS REY QUISPE MAMANI","nro_identidad":"44224652","num_unidad":"100","nombre_asesor":null,"tipo_persona":"conductor","tipo_pago":"contado","estado_contrato":null,"facturado":"0","fecha_facturacion":null}
[14-Mar-2026 10:14:32 America/Lima] Fila encontrada: {"id_pago":"271","monto":"100.00","fecha_emision":"2025-02-17 00:00:00","ruta":null,"id_asesor":null,"nombre_persona":"ENDERSON ANTONIO GARCIA  ORELLANA","nro_identidad":"002569034","num_unidad":"101","nombre_asesor":null,"tipo_persona":"conductor","tipo_pago":"contado","estado_contrato":null,"facturado":"0","fecha_facturacion":null}
[14-Mar-2026 10:14:32 America/Lima] Fila encontrada: {"id_pago":"222","monto":"150.00","fecha_emision":"2025-02-14 00:00:00","ruta":null,"id_asesor":null,"nombre_persona":"JOSE CARLOS CHAVEZ ORBEGOSO","nro_identidad":"29614322","num_unidad":"198","nombre_asesor":null,"tipo_persona":"conductor","tipo_pago":"contado","estado_contrato":null,"facturado":"0","fecha_facturacion":null}
[14-Mar-2026 10:14:32 America/Lima] Fila encontrada: {"id_pago":"223","monto":"150.00","fecha_emision":"2025-02-14 00:00:00","ruta":null,"id_asesor":null,"nombre_persona":"LEONARDO ALEXANDER NAVARRO ROSAL","nro_identidad":"05777111","num_unidad":"209","nombre_asesor":null,"tipo_persona":"conductor","tipo_pago":"contado","estado_contrato":null,"facturado":"0","fecha_facturacion":null}
[14-Mar-2026 10:14:32 America/Lima] Fila encontrada: {"id_pago":"224","monto":"150.00","fecha_emision":"2025-02-14 00:00:00","ruta":null,"id_asesor":null,"nombre_persona":"MARCO POLO APAZA","nro_identidad":"75213781","num_unidad":"197","nombre_asesor":null,"tipo_persona":"conductor","tipo_pago":"contado","estado_contrato":null,"facturado":"0","fecha_facturacion":null}
[14-Mar-2026 10:14:32 America/Lima] Fila encontrada: {"id_pago":"226","monto":"200.00","fecha_emision":"2025-02-14 00:00:00","ruta":null,"id_asesor":null,"nombre_persona":"MIGUEL ANGEL ITO ARIZAPANA","nro_identidad":"48194897","num_unidad":"211","nombre_asesor":null,"tipo_persona":"conductor","tipo_pago":"contado","estado_contrato":null,"facturado":"0","fecha_facturacion":null}
[14-Mar-2026 10:14:32 America/Lima] Fila encontrada: {"id_pago":"227","monto":"150.00","fecha_emision":"2025-02-14 00:00:00","ruta":null,"id_asesor":null,"nombre_persona":"ELVIS BERLY PILARES ABERANGA","nro_identidad":"43892716","num_unidad":"196","nombre_asesor":null,"tipo_persona":"conductor","tipo_pago":"contado","estado_contrato":null,"facturado":"0","fecha_facturacion":null}
[14-Mar-2026 10:14:32 America/Lima] Fila encontrada: {"id_pago":"228","monto":"150.00","fecha_emision":"2025-02-14 00:00:00","ruta":null,"id_asesor":null,"nombre_persona":"ALEXZANDERT WILBER MACHACA HUAYTA","nro_identidad":"74029795","num_unidad":"195","nombre_asesor":null,"tipo_persona":"conductor","tipo_pago":"contado","estado_contrato":null,"facturado":"0","fecha_facturacion":null}
[14-Mar-2026 10:14:32 America/Lima] Fila encontrada: {"id_pago":"229","monto":"150.00","fecha_emision":"2025-02-14 00:00:00","ruta":null,"id_asesor":null,"nombre_persona":"JONATHAN ENRIQUE CHOQUEHUANCA HUANCA","nro_identidad":"47301919","num_unidad":"188","nombre_asesor":null,"tipo_persona":"conductor","tipo_pago":"contado","estado_contrato":null,"facturado":"0","fecha_facturacion":null}
[14-Mar-2026 10:14:32 America/Lima] Fila encontrada: {"id_pago":"230","monto":"150.00","fecha_emision":"2025-02-14 00:00:00","ruta":null,"id_asesor":null,"nombre_persona":"ERIC JOHAN GARATE VELAZCO","nro_identidad":"45926234","num_unidad":"194","nombre_asesor":null,"tipo_persona":"conductor","tipo_pago":"contado","estado_contrato":null,"facturado":"0","fecha_facturacion":null}
[14-Mar-2026 10:14:32 America/Lima] Fila encontrada: {"id_pago":"231","monto":"150.00","fecha_emision":"2025-02-14 00:00:00","ruta":null,"id_asesor":null,"nombre_persona":"YOHON CJURO MENDOZA","nro_identidad":"47674105","num_unidad":"187","nombre_asesor":null,"tipo_persona":"conductor","tipo_pago":"contado","estado_contrato":null,"facturado":"0","fecha_facturacion":null}
[14-Mar-2026 10:14:32 America/Lima] Fila encontrada: {"id_pago":"232","monto":"150.00","fecha_emision":"2025-02-14 00:00:00","ruta":null,"id_asesor":null,"nombre_persona":"JOAU ANTONIO LLACHO MERCADO","nro_identidad":"73349296","num_unidad":"193","nombre_asesor":null,"tipo_persona":"conductor","tipo_pago":"contado","estado_contrato":null,"facturado":"0","fecha_facturacion":null}
[14-Mar-2026 10:14:32 America/Lima] Fila encontrada: {"id_pago":"233","monto":"150.00","fecha_emision":"2025-02-14 00:00:00","ruta":null,"id_asesor":null,"nombre_persona":"JHIULENY JEIDY CCALLA MACHACA","nro_identidad":"46731458","num_unidad":"186","nombre_asesor":null,"tipo_persona":"conductor","tipo_pago":"contado","estado_contrato":null,"facturado":"0","fecha_facturacion":null}
[14-Mar-2026 10:14:32 America/Lima] Fila encontrada: {"id_pago":"234","monto":"150.00","fecha_emision":"2025-02-14 00:00:00","ruta":null,"id_asesor":null,"nombre_persona":"JUAN CORNEJO LEON","nro_identidad":"29727449","num_unidad":"192","nombre_asesor":null,"tipo_persona":"conductor","tipo_pago":"contado","estado_contrato":null,"facturado":"0","fecha_facturacion":null}
[14-Mar-2026 10:14:32 America/Lima] Fila encontrada: {"id_pago":"235","monto":"150.00","fecha_emision":"2025-02-14 00:00:00","ruta":null,"id_asesor":null,"nombre_persona":"MIGUEL ANGEL LLERENA AYBAR","nro_identidad":"41737584","num_unidad":"185","nombre_asesor":null,"tipo_persona":"conductor","tipo_pago":"contado","estado_contrato":null,"facturado":"0","fecha_facturacion":null}
[14-Mar-2026 10:14:32 America/Lima] Fila encontrada: {"id_pago":"236","monto":"150.00","fecha_emision":"2025-02-14 00:00:00","ruta":null,"id_asesor":null,"nombre_persona":"HENRY TOLA FLORES","nro_identidad":"40660902","num_unidad":"191","nombre_asesor":null,"tipo_persona":"conductor","tipo_pago":"contado","estado_contrato":null,"facturado":"0","fecha_facturacion":null}
[14-Mar-2026 10:14:32 America/Lima] Fila encontrada: {"id_pago":"237","monto":"150.00","fecha_emision":"2025-02-14 00:00:00","ruta":null,"id_asesor":null,"nombre_persona":"PEDRO ANTONIO SUYO ANCONEYRA","nro_identidad":"43272829","num_unidad":"208","nombre_asesor":null,"tipo_persona":"conductor","tipo_pago":"contado","estado_contrato":null,"facturado":"0","fecha_facturacion":null}
[14-Mar-2026 10:14:32 America/Lima] Fila encontrada: {"id_pago":"238","monto":"150.00","fecha_emision":"2025-02-14 00:00:00","ruta":null,"id_asesor":null,"nombre_persona":"JULIO CESAR BELLIDO BEJARANO","nro_identidad":"45855681","num_unidad":"190","nombre_asesor":null,"tipo_persona":"conductor","tipo_pago":"contado","estado_contrato":null,"facturado":"0","fecha_facturacion":null}
[14-Mar-2026 10:14:32 America/Lima] Fila encontrada: {"id_pago":"239","monto":"150.00","fecha_emision":"2025-02-14 00:00:00","ruta":null,"id_asesor":null,"nombre_persona":"GUSTAVO LEONARDO PUCHO CONDORI","nro_identidad":"45895513","num_unidad":"207","nombre_asesor":null,"tipo_persona":"conductor","tipo_pago":"contado","estado_contrato":null,"facturado":"0","fecha_facturacion":null}
[14-Mar-2026 10:14:32 America/Lima] Fila encontrada: {"id_pago":"240","monto":"150.00","fecha_emision":"2025-02-14 00:00:00","ruta":null,"id_asesor":null,"nombre_persona":"RICHARD EDILBERTO VARA SENCCA","nro_identidad":"76368409","num_unidad":"206","nombre_asesor":null,"tipo_persona":"conductor","tipo_pago":"contado","estado_contrato":null,"facturado":"0","fecha_facturacion":null}
[14-Mar-2026 10:14:32 America/Lima] Fila encontrada: {"id_pago":"241","monto":"150.00","fecha_emision":"2025-02-14 00:00:00","ruta":null,"id_asesor":null,"nombre_persona":"RICARDO JUNIOR CHAMPI PARI","nro_identidad":"72524100","num_unidad":"189","nombre_asesor":null,"tipo_persona":"conductor","tipo_pago":"contado","estado_contrato":null,"facturado":"0","fecha_facturacion":null}
[14-Mar-2026 10:14:32 America/Lima] Fila encontrada: {"id_pago":"242","monto":"150.00","fecha_emision":"2025-02-14 00:00:00","ruta":null,"id_asesor":null,"nombre_persona":"EDILBERTO CANAZA CARI","nro_identidad":"46208542","num_unidad":"205","nombre_asesor":null,"tipo_persona":"conductor","tipo_pago":"contado","estado_contrato":null,"facturado":"0","fecha_facturacion":null}
[14-Mar-2026 10:14:32 America/Lima] Fila encontrada: {"id_pago":"243","monto":"150.00","fecha_emision":"2025-02-14 00:00:00","ruta":null,"id_asesor":null,"nombre_persona":"JORGE LUIS MAMANI CHAVEZ","nro_identidad":"74026319","num_unidad":"183","nombre_asesor":null,"tipo_persona":"conductor","tipo_pago":"contado","estado_contrato":null,"facturado":"0","fecha_facturacion":null}
[14-Mar-2026 10:14:32 America/Lima] Fila encontrada: {"id_pago":"244","monto":"150.00","fecha_emision":"2025-02-14 00:00:00","ruta":null,"id_asesor":null,"nombre_persona":"KEVIN JEFFERSON ZAPANA CAPIRA","nro_identidad":"71486516","num_unidad":"204","nombre_asesor":null,"tipo_persona":"conductor","tipo_pago":"contado","estado_contrato":null,"facturado":"0","fecha_facturacion":null}
[14-Mar-2026 10:14:32 America/Lima] Fila encontrada: {"id_pago":"245","monto":"150.00","fecha_emision":"2025-02-14 00:00:00","ruta":null,"id_asesor":null,"nombre_persona":"JORGE EDUARDO MACHACA ARAPA","nro_identidad":"71501135","num_unidad":"199","nombre_asesor":null,"tipo_persona":"conductor","tipo_pago":"contado","estado_contrato":null,"facturado":"0","fecha_facturacion":null}
[14-Mar-2026 10:14:32 America/Lima] Fila encontrada: {"id_pago":"246","monto":"150.00","fecha_emision":"2025-02-14 00:00:00","ruta":null,"id_asesor":null,"nombre_persona":"ISMAEL HUARACHA MAMANI","nro_identidad":"76252187","num_unidad":"184","nombre_asesor":null,"tipo_persona":"conductor","tipo_pago":"contado","estado_contrato":null,"facturado":"0","fecha_facturacion":null}
[14-Mar-2026 10:14:32 America/Lima] Fila encontrada: {"id_pago":"306","monto":"200.00","fecha_emision":"2025-02-13 00:00:00","ruta":"files\/notasPagoInscripcion\/nota_venta_contado_194.pdf","id_asesor":null,"nombre_persona":"RUSSELL MARCELL PALOMINO CACERES","nro_identidad":"46497741","num_unidad":"222","nombre_asesor":null,"tipo_persona":"conductor","tipo_pago":"cuotas","estado_contrato":null,"facturado":"0","fecha_facturacion":null}
[14-Mar-2026 10:14:32 America/Lima] Fila encontrada: {"id_pago":"186","monto":"100.00","fecha_emision":"2025-02-13 00:00:00","ruta":null,"id_asesor":null,"nombre_persona":"MANUEL ALEJANDRO MACEDO CASAPIA","nro_identidad":"29709340","num_unidad":"96","nombre_asesor":null,"tipo_persona":"conductor","tipo_pago":"contado","estado_contrato":null,"facturado":"0","fecha_facturacion":null}
[14-Mar-2026 10:14:32 America/Lima] Fila encontrada: {"id_pago":"187","monto":"250.00","fecha_emision":"2025-02-13 00:00:00","ruta":null,"id_asesor":null,"nombre_persona":"JEAN PIERRE JAIME MANCHEGO VALVERDE","nro_identidad":"70441684","num_unidad":"239","nombre_asesor":null,"tipo_persona":"conductor","tipo_pago":"contado","estado_contrato":null,"facturado":"0","fecha_facturacion":null}
[14-Mar-2026 10:14:32 America/Lima] Fila encontrada: {"id_pago":"189","monto":"100.00","fecha_emision":"2025-02-13 00:00:00","ruta":null,"id_asesor":null,"nombre_persona":"ENRIQUE GERMAIN CALDERON GASPAR","nro_identidad":"005535234","num_unidad":"88","nombre_asesor":null,"tipo_persona":"conductor","tipo_pago":"contado","estado_contrato":null,"facturado":"0","fecha_facturacion":null}
[14-Mar-2026 10:14:32 America/Lima] Fila encontrada: {"id_pago":"190","monto":"200.00","fecha_emision":"2025-02-13 00:00:00","ruta":null,"id_asesor":null,"nombre_persona":"REYMUNDO EULOGIO TICONA CHOQUE","nro_identidad":"72246624","num_unidad":"232","nombre_asesor":null,"tipo_persona":"conductor","tipo_pago":"contado","estado_contrato":null,"facturado":"0","fecha_facturacion":null}
[14-Mar-2026 10:14:32 America/Lima] Fila encontrada: {"id_pago":"191","monto":"200.00","fecha_emision":"2025-02-13 00:00:00","ruta":null,"id_asesor":null,"nombre_persona":"RAFAEL ABRAHAN PE\u00d1A ROADES","nro_identidad":"004664336","num_unidad":"231","nombre_asesor":null,"tipo_persona":"conductor","tipo_pago":"contado","estado_contrato":null,"facturado":"0","fecha_facturacion":null}
[14-Mar-2026 10:14:32 America/Lima] Fila encontrada: {"id_pago":"192","monto":"100.00","fecha_emision":"2025-02-13 00:00:00","ruta":null,"id_asesor":null,"nombre_persona":"CLAUDIO SEBASTIAN PAREDES ZEBALLOS","nro_identidad":"70430494","num_unidad":"86","nombre_asesor":null,"tipo_persona":"conductor","tipo_pago":"contado","estado_contrato":null,"facturado":"0","fecha_facturacion":null}
[14-Mar-2026 10:14:32 America/Lima] Fila encontrada: {"id_pago":"194","monto":"200.00","fecha_emision":"2025-02-13 00:00:00","ruta":null,"id_asesor":null,"nombre_persona":"RUSSELL MARCELL PALOMINO CACERES","nro_identidad":"46497741","num_unidad":"222","nombre_asesor":null,"tipo_persona":"conductor","tipo_pago":"contado","estado_contrato":null,"facturado":"0","fecha_facturacion":null}
[14-Mar-2026 10:14:32 America/Lima] Fila encontrada: {"id_pago":"195","monto":"100.00","fecha_emision":"2025-02-13 00:00:00","ruta":null,"id_asesor":null,"nombre_persona":"OSCAR LUIS ALDAMA QUI\u00d1ONEZ","nro_identidad":"42757336","num_unidad":"85","nombre_asesor":null,"tipo_persona":"conductor","tipo_pago":"contado","estado_contrato":null,"facturado":"0","fecha_facturacion":null}
[14-Mar-2026 10:14:32 America/Lima] Fila encontrada: {"id_pago":"198","monto":"100.00","fecha_emision":"2025-02-13 00:00:00","ruta":null,"id_asesor":null,"nombre_persona":"CARLOS ALBERTO CATARI CALLOAPAZA","nro_identidad":"29721920","num_unidad":"84","nombre_asesor":null,"tipo_persona":"conductor","tipo_pago":"contado","estado_contrato":null,"facturado":"0","fecha_facturacion":null}
[14-Mar-2026 10:14:32 America/Lima] Fila encontrada: {"id_pago":"199","monto":"100.00","fecha_emision":"2025-02-13 00:00:00","ruta":null,"id_asesor":null,"nombre_persona":"SILVIA ROSARIO CALLA CHAMBI","nro_identidad":"45051137","num_unidad":"83","nombre_asesor":null,"tipo_persona":"conductor","tipo_pago":"contado","estado_contrato":null,"facturado":"0","fecha_facturacion":null}
[14-Mar-2026 10:14:32 America/Lima] Fila encontrada: {"id_pago":"200","monto":"200.00","fecha_emision":"2025-02-13 00:00:00","ruta":null,"id_asesor":null,"nombre_persona":"PRISCILA IVONNE GONZALEZ VICENTE","nro_identidad":"76171578","num_unidad":"229","nombre_asesor":null,"tipo_persona":"conductor","tipo_pago":"contado","estado_contrato":null,"facturado":"0","fecha_facturacion":null}
[14-Mar-2026 10:14:32 America/Lima] Fila encontrada: {"id_pago":"203","monto":"200.00","fecha_emision":"2025-02-13 00:00:00","ruta":null,"id_asesor":null,"nombre_persona":"JOSE MIGUEL ROSAS PONCE","nro_identidad":"45769798","num_unidad":"236","nombre_asesor":null,"tipo_persona":"conductor","tipo_pago":"contado","estado_contrato":null,"facturado":"0","fecha_facturacion":null}
[14-Mar-2026 10:14:32 America/Lima] Fila encontrada: {"id_pago":"204","monto":"200.00","fecha_emision":"2025-02-13 00:00:00","ruta":null,"id_asesor":null,"nombre_persona":"FERNANDO JUNIOR HERNANI PINEDO ","nro_identidad":"74211340","num_unidad":"221","nombre_asesor":null,"tipo_persona":"conductor","tipo_pago":"contado","estado_contrato":null,"facturado":"0","fecha_facturacion":null}
[14-Mar-2026 10:14:32 America/Lima] Fila encontrada: {"id_pago":"206","monto":"200.00","fecha_emision":"2025-02-13 00:00:00","ruta":null,"id_asesor":null,"nombre_persona":"NEIL BORJN BRAVO PARCO","nro_identidad":"48843372","num_unidad":"220","nombre_asesor":null,"tipo_persona":"conductor","tipo_pago":"contado","estado_contrato":null,"facturado":"0","fecha_facturacion":null}
[14-Mar-2026 10:14:32 America/Lima] Fila encontrada: {"id_pago":"208","monto":"200.00","fecha_emision":"2025-02-13 00:00:00","ruta":null,"id_asesor":null,"nombre_persona":"JHONY VIDAL MAMANI MAMANI","nro_identidad":"75483244","num_unidad":"226","nombre_asesor":null,"tipo_persona":"conductor","tipo_pago":"contado","estado_contrato":null,"facturado":"0","fecha_facturacion":null}
[14-Mar-2026 10:14:32 America/Lima] Fila encontrada: {"id_pago":"209","monto":"200.00","fecha_emision":"2025-02-13 00:00:00","ruta":null,"id_asesor":null,"nombre_persona":"MIGUEL ANGEL CHIRE FLORES","nro_identidad":"42191963","num_unidad":"218","nombre_asesor":null,"tipo_persona":"conductor","tipo_pago":"contado","estado_contrato":null,"facturado":"0","fecha_facturacion":null}
[14-Mar-2026 10:14:32 America/Lima] Fila encontrada: {"id_pago":"214","monto":"200.00","fecha_emision":"2025-02-13 00:00:00","ruta":null,"id_asesor":null,"nombre_persona":"DIETHER OBED BELTRAN APAZA","nro_identidad":"45646502","num_unidad":"223","nombre_asesor":null,"tipo_persona":"conductor","tipo_pago":"contado","estado_contrato":null,"facturado":"0","fecha_facturacion":null}
[14-Mar-2026 10:14:32 America/Lima] Fila encontrada: {"id_pago":"215","monto":"200.00","fecha_emision":"2025-02-13 00:00:00","ruta":null,"id_asesor":null,"nombre_persona":"ANGELICA MILAGROS MONTOYA ESCOBAR","nro_identidad":"29551093","num_unidad":"216","nombre_asesor":null,"tipo_persona":"conductor","tipo_pago":"contado","estado_contrato":null,"facturado":"0","fecha_facturacion":null}
[14-Mar-2026 10:14:32 America/Lima] Fila encontrada: {"id_pago":"216","monto":"150.00","fecha_emision":"2025-02-13 00:00:00","ruta":null,"id_asesor":null,"nombre_persona":"DANIEL RICHARD CHAY\u00d1A ILLANES","nro_identidad":"73501053","num_unidad":"213","nombre_asesor":null,"tipo_persona":"conductor","tipo_pago":"contado","estado_contrato":null,"facturado":"0","fecha_facturacion":null}
[14-Mar-2026 10:14:32 America/Lima] Fila encontrada: {"id_pago":"218","monto":"150.00","fecha_emision":"2025-02-13 00:00:00","ruta":null,"id_asesor":null,"nombre_persona":"LINO ENRIQUE CENTENO HUARILLOCLLA","nro_identidad":"42464578","num_unidad":"212","nombre_asesor":null,"tipo_persona":"conductor","tipo_pago":"contado","estado_contrato":null,"facturado":"0","fecha_facturacion":null}
[14-Mar-2026 10:14:32 America/Lima] Fila encontrada: {"id_pago":"220","monto":"150.00","fecha_emision":"2025-02-13 00:00:00","ruta":null,"id_asesor":null,"nombre_persona":"JHON MARTIN AQUINO YAPO","nro_identidad":"75459225","num_unidad":"210","nombre_asesor":null,"tipo_persona":"conductor","tipo_pago":"contado","estado_contrato":null,"facturado":"0","fecha_facturacion":null}
[14-Mar-2026 10:14:32 America/Lima] Fila encontrada: {"id_pago":"178","monto":"100.00","fecha_emision":"2025-02-12 00:00:00","ruta":null,"id_asesor":null,"nombre_persona":"VICTOR HUGO ALFARO GUILLEN","nro_identidad":"43312761","num_unidad":"94","nombre_asesor":null,"tipo_persona":"conductor","tipo_pago":"contado","estado_contrato":null,"facturado":"0","fecha_facturacion":null}
[14-Mar-2026 10:14:32 America/Lima] Fila encontrada: {"id_pago":"179","monto":"100.00","fecha_emision":"2025-02-12 00:00:00","ruta":null,"id_asesor":null,"nombre_persona":"GIAN MARCO MAMANI MAMANI","nro_identidad":"75423774","num_unidad":"93","nombre_asesor":null,"tipo_persona":"conductor","tipo_pago":"contado","estado_contrato":null,"facturado":"0","fecha_facturacion":null}
[14-Mar-2026 10:14:32 America/Lima] Fila encontrada: {"id_pago":"180","monto":"100.00","fecha_emision":"2025-02-12 00:00:00","ruta":null,"id_asesor":null,"nombre_persona":"MILLER FREDY SURCO LLAMOCA","nro_identidad":"42753811","num_unidad":"92","nombre_asesor":null,"tipo_persona":"conductor","tipo_pago":"contado","estado_contrato":null,"facturado":"0","fecha_facturacion":null}
[14-Mar-2026 10:14:32 America/Lima] Fila encontrada: {"id_pago":"181","monto":"100.00","fecha_emision":"2025-02-12 00:00:00","ruta":null,"id_asesor":null,"nombre_persona":"LUIS DIEGO CALLA SOTO","nro_identidad":"72521661","num_unidad":"91","nombre_asesor":null,"tipo_persona":"conductor","tipo_pago":"contado","estado_contrato":null,"facturado":"0","fecha_facturacion":null}
[14-Mar-2026 10:14:32 America/Lima] Fila encontrada: {"id_pago":"182","monto":"100.00","fecha_emision":"2025-02-12 00:00:00","ruta":null,"id_asesor":null,"nombre_persona":"MOISES HANCCO YUCRA","nro_identidad":"45938425","num_unidad":"82","nombre_asesor":null,"tipo_persona":"conductor","tipo_pago":"contado","estado_contrato":null,"facturado":"0","fecha_facturacion":null}
[14-Mar-2026 10:14:32 America/Lima] Fila encontrada: {"id_pago":"183","monto":"100.00","fecha_emision":"2025-02-12 00:00:00","ruta":null,"id_asesor":null,"nombre_persona":"YEFERSON DIAZ VASQUEZ","nro_identidad":"47927440","num_unidad":"81","nombre_asesor":null,"tipo_persona":"conductor","tipo_pago":"contado","estado_contrato":null,"facturado":"0","fecha_facturacion":null}
[14-Mar-2026 10:14:32 America/Lima] Fila encontrada: {"id_pago":"176","monto":"100.00","fecha_emision":"2025-02-11 00:00:00","ruta":null,"id_asesor":null,"nombre_persona":"LUIS ELIEZER  CARMONA HERNANDEZ","nro_identidad":"006346332","num_unidad":"98","nombre_asesor":null,"tipo_persona":"conductor","tipo_pago":"contado","estado_contrato":null,"facturado":"0","fecha_facturacion":null}
[14-Mar-2026 10:14:32 America/Lima] Fila encontrada: {"id_pago":"171","monto":"100.00","fecha_emision":"2025-02-06 00:00:00","ruta":null,"id_asesor":null,"nombre_persona":"NOEL CHILO CONDORI","nro_identidad":"70363459","num_unidad":"106","nombre_asesor":null,"tipo_persona":"conductor","tipo_pago":"contado","estado_contrato":null,"facturado":"0","fecha_facturacion":null}
[14-Mar-2026 10:14:32 America/Lima] Fila encontrada: {"id_pago":"172","monto":"100.00","fecha_emision":"2025-02-06 00:00:00","ruta":null,"id_asesor":null,"nombre_persona":"LEONARDO DAVID ARIAS ALVARO","nro_identidad":"72194930","num_unidad":"104","nombre_asesor":null,"tipo_persona":"conductor","tipo_pago":"contado","estado_contrato":null,"facturado":"0","fecha_facturacion":null}
[14-Mar-2026 10:14:32 America/Lima] Fila encontrada: {"id_pago":"173","monto":"100.00","fecha_emision":"2025-02-06 00:00:00","ruta":null,"id_asesor":null,"nombre_persona":"JUAN CARLOS AROQUIPA PACHO","nro_identidad":"43122857","num_unidad":"103","nombre_asesor":null,"tipo_persona":"conductor","tipo_pago":"contado","estado_contrato":null,"facturado":"0","fecha_facturacion":null}
[14-Mar-2026 10:14:32 America/Lima] Fila encontrada: {"id_pago":"174","monto":"100.00","fecha_emision":"2025-02-06 00:00:00","ruta":null,"id_asesor":null,"nombre_persona":"PAUL STEVENS RODRIGUEZ ORDINOLA","nro_identidad":"001745007","num_unidad":"102","nombre_asesor":null,"tipo_persona":"conductor","tipo_pago":"contado","estado_contrato":null,"facturado":"0","fecha_facturacion":null}
[14-Mar-2026 10:14:32 America/Lima] Fila encontrada: {"id_pago":"159","monto":"100.00","fecha_emision":"2025-02-05 00:00:00","ruta":null,"id_asesor":null,"nombre_persona":"MOISES MAMANI YUCA","nro_identidad":"45227638","num_unidad":"116","nombre_asesor":null,"tipo_persona":"conductor","tipo_pago":"contado","estado_contrato":null,"facturado":"0","fecha_facturacion":null}
[14-Mar-2026 10:14:32 America/Lima] Fila encontrada: {"id_pago":"160","monto":"100.00","fecha_emision":"2025-02-05 00:00:00","ruta":null,"id_asesor":null,"nombre_persona":"FELIPE MANUEL VALDIVIA CARPIO","nro_identidad":"74200300","num_unidad":"123","nombre_asesor":null,"tipo_persona":"conductor","tipo_pago":"contado","estado_contrato":null,"facturado":"0","fecha_facturacion":null}
[14-Mar-2026 10:14:32 America/Lima] Fila encontrada: {"id_pago":"161","monto":"100.00","fecha_emision":"2025-02-05 00:00:00","ruta":null,"id_asesor":null,"nombre_persona":"HECTOR ROCCA MEZA","nro_identidad":"44356681","num_unidad":"119","nombre_asesor":null,"tipo_persona":"conductor","tipo_pago":"contado","estado_contrato":null,"facturado":"0","fecha_facturacion":null}
[14-Mar-2026 10:14:32 America/Lima] Fila encontrada: {"id_pago":"162","monto":"100.00","fecha_emision":"2025-02-05 00:00:00","ruta":null,"id_asesor":null,"nombre_persona":"BRUNO EDSON CHOQUEHUAYTA TITO","nro_identidad":"70269044","num_unidad":"118","nombre_asesor":null,"tipo_persona":"conductor","tipo_pago":"contado","estado_contrato":null,"facturado":"0","fecha_facturacion":null}
[14-Mar-2026 10:14:32 America/Lima] Fila encontrada: {"id_pago":"163","monto":"100.00","fecha_emision":"2025-02-05 00:00:00","ruta":null,"id_asesor":null,"nombre_persona":"ALEJO FUSTINO PACHECO TEJADA","nro_identidad":"29646500","num_unidad":"114","nombre_asesor":null,"tipo_persona":"conductor","tipo_pago":"contado","estado_contrato":null,"facturado":"0","fecha_facturacion":null}
[14-Mar-2026 10:14:32 America/Lima] Fila encontrada: {"id_pago":"164","monto":"100.00","fecha_emision":"2025-02-05 00:00:00","ruta":null,"id_asesor":null,"nombre_persona":"KEVIN ERNESTO HALANOCA FLORES","nro_identidad":"47020796","num_unidad":"113","nombre_asesor":null,"tipo_persona":"conductor","tipo_pago":"contado","estado_contrato":null,"facturado":"0","fecha_facturacion":null}
[14-Mar-2026 10:14:32 America/Lima] Fila encontrada: {"id_pago":"165","monto":"100.00","fecha_emision":"2025-02-05 00:00:00","ruta":null,"id_asesor":null,"nombre_persona":"JHON GABRIEL VEGA VARGAS","nro_identidad":"77329579","num_unidad":"112","nombre_asesor":null,"tipo_persona":"conductor","tipo_pago":"contado","estado_contrato":null,"facturado":"0","fecha_facturacion":null}
[14-Mar-2026 10:14:32 America/Lima] Fila encontrada: {"id_pago":"166","monto":"100.00","fecha_emision":"2025-02-05 00:00:00","ruta":null,"id_asesor":null,"nombre_persona":"MARCO ANTONIO MEDINA HUACOTO","nro_identidad":"29659199","num_unidad":"111","nombre_asesor":null,"tipo_persona":"conductor","tipo_pago":"contado","estado_contrato":null,"facturado":"0","fecha_facturacion":null}
[14-Mar-2026 10:14:32 America/Lima] Fila encontrada: {"id_pago":"167","monto":"100.00","fecha_emision":"2025-02-05 00:00:00","ruta":null,"id_asesor":null,"nombre_persona":"JULIO CESAR ORTIZ CHOQUE","nro_identidad":"41328419","num_unidad":"110","nombre_asesor":null,"tipo_persona":"conductor","tipo_pago":"contado","estado_contrato":null,"facturado":"0","fecha_facturacion":null}
[14-Mar-2026 10:14:32 America/Lima] Fila encontrada: {"id_pago":"168","monto":"100.00","fecha_emision":"2025-02-05 00:00:00","ruta":null,"id_asesor":null,"nombre_persona":"LUIS MIGUEL GOMEZ ALVAREZ","nro_identidad":"46568313","num_unidad":"109","nombre_asesor":null,"tipo_persona":"conductor","tipo_pago":"contado","estado_contrato":null,"facturado":"0","fecha_facturacion":null}
[14-Mar-2026 10:14:32 America/Lima] Fila encontrada: {"id_pago":"169","monto":"100.00","fecha_emision":"2025-02-05 00:00:00","ruta":null,"id_asesor":null,"nombre_persona":"DARIEN ALEXANDER CUTIPA APAZA","nro_identidad":"75079581","num_unidad":"108","nombre_asesor":null,"tipo_persona":"conductor","tipo_pago":"contado","estado_contrato":null,"facturado":"0","fecha_facturacion":null}
[14-Mar-2026 10:14:32 America/Lima] Fila encontrada: {"id_pago":"170","monto":"100.00","fecha_emision":"2025-02-05 00:00:00","ruta":null,"id_asesor":null,"nombre_persona":"MELVIN ROOSEVELT MANRIQUE OVIEDO","nro_identidad":"43205700","num_unidad":"107","nombre_asesor":null,"tipo_persona":"conductor","tipo_pago":"contado","estado_contrato":null,"facturado":"0","fecha_facturacion":null}
[14-Mar-2026 10:14:32 America/Lima] Fila encontrada: {"id_pago":"140","monto":"100.00","fecha_emision":"2025-02-04 00:00:00","ruta":null,"id_asesor":null,"nombre_persona":"HENRY OMAR LAURA MOROCCO","nro_identidad":"72152666","num_unidad":"145","nombre_asesor":null,"tipo_persona":"conductor","tipo_pago":"contado","estado_contrato":null,"facturado":"0","fecha_facturacion":null}
[14-Mar-2026 10:14:32 America/Lima] Fila encontrada: {"id_pago":"141","monto":"100.00","fecha_emision":"2025-02-04 00:00:00","ruta":null,"id_asesor":null,"nombre_persona":"YUVAIN ENRIQUE NATERA HERRADE","nro_identidad":"006389521","num_unidad":"146","nombre_asesor":null,"tipo_persona":"conductor","tipo_pago":"contado","estado_contrato":null,"facturado":"0","fecha_facturacion":null}
[14-Mar-2026 10:14:32 America/Lima] Fila encontrada: {"id_pago":"142","monto":"100.00","fecha_emision":"2025-02-04 00:00:00","ruta":null,"id_asesor":null,"nombre_persona":"NELSON CESAR AUGUSTO USCCA RAMOS","nro_identidad":"73060440","num_unidad":"144","nombre_asesor":null,"tipo_persona":"conductor","tipo_pago":"contado","estado_contrato":null,"facturado":"0","fecha_facturacion":null}
[14-Mar-2026 10:14:32 America/Lima] Fila encontrada: {"id_pago":"143","monto":"100.00","fecha_emision":"2025-02-04 00:00:00","ruta":null,"id_asesor":null,"nombre_persona":"ANDRY JOSE BOSCAN NAVARRO","nro_identidad":"006800714","num_unidad":"143","nombre_asesor":null,"tipo_persona":"conductor","tipo_pago":"contado","estado_contrato":null,"facturado":"0","fecha_facturacion":null}
[14-Mar-2026 10:14:32 America/Lima] Fila encontrada: {"id_pago":"144","monto":"100.00","fecha_emision":"2025-02-04 00:00:00","ruta":null,"id_asesor":null,"nombre_persona":"EDILBERTO OBDULIO GUTIERREZ GONZALES","nro_identidad":"29631159","num_unidad":"141","nombre_asesor":null,"tipo_persona":"conductor","tipo_pago":"contado","estado_contrato":null,"facturado":"0","fecha_facturacion":null}
[14-Mar-2026 10:14:32 America/Lima] Fila encontrada: {"id_pago":"145","monto":"100.00","fecha_emision":"2025-02-04 00:00:00","ruta":null,"id_asesor":null,"nombre_persona":"ELISBAN VILCA CUSICUNA","nro_identidad":"74227494","num_unidad":"140","nombre_asesor":null,"tipo_persona":"conductor","tipo_pago":"contado","estado_contrato":null,"facturado":"0","fecha_facturacion":null}
[14-Mar-2026 10:14:32 America/Lima] Fila encontrada: {"id_pago":"146","monto":"100.00","fecha_emision":"2025-02-04 00:00:00","ruta":null,"id_asesor":null,"nombre_persona":"SIXTO ALEXANDER PLATERO CONDORI","nro_identidad":"73247581","num_unidad":"139","nombre_asesor":null,"tipo_persona":"conductor","tipo_pago":"contado","estado_contrato":null,"facturado":"0","fecha_facturacion":null}
[14-Mar-2026 10:14:32 America/Lima] Fila encontrada: {"id_pago":"147","monto":"100.00","fecha_emision":"2025-02-04 00:00:00","ruta":null,"id_asesor":null,"nombre_persona":"JHON WILLIAM ROSAS PILCO","nro_identidad":"47497306","num_unidad":"138","nombre_asesor":null,"tipo_persona":"conductor","tipo_pago":"contado","estado_contrato":null,"facturado":"0","fecha_facturacion":null}
[14-Mar-2026 10:14:32 America/Lima] Fila encontrada: {"id_pago":"148","monto":"100.00","fecha_emision":"2025-02-04 00:00:00","ruta":null,"id_asesor":null,"nombre_persona":"CESAR RAUL CORAHUA YANA","nro_identidad":"45687490","num_unidad":"137","nombre_asesor":null,"tipo_persona":"conductor","tipo_pago":"contado","estado_contrato":null,"facturado":"0","fecha_facturacion":null}
[14-Mar-2026 10:14:32 America/Lima] Fila encontrada: {"id_pago":"149","monto":"100.00","fecha_emision":"2025-02-04 00:00:00","ruta":null,"id_asesor":null,"nombre_persona":"ALVARO YBRIN ROJAS HUARCA","nro_identidad":"44988194","num_unidad":"135","nombre_asesor":null,"tipo_persona":"conductor","tipo_pago":"contado","estado_contrato":null,"facturado":"0","fecha_facturacion":null}
[14-Mar-2026 10:14:32 America/Lima] Fila encontrada: {"id_pago":"150","monto":"100.00","fecha_emision":"2025-02-04 00:00:00","ruta":null,"id_asesor":null,"nombre_persona":"RODRIGO JOSE ROSAS PILCO","nro_identidad":"78011745","num_unidad":"134","nombre_asesor":null,"tipo_persona":"conductor","tipo_pago":"contado","estado_contrato":null,"facturado":"0","fecha_facturacion":null}
[14-Mar-2026 10:14:32 America/Lima] Fila encontrada: {"id_pago":"151","monto":"100.00","fecha_emision":"2025-02-04 00:00:00","ruta":null,"id_asesor":null,"nombre_persona":"RICARDO ORLANDINI ALTAMIRANO QUISPE","nro_identidad":"42465062","num_unidad":"133","nombre_asesor":null,"tipo_persona":"conductor","tipo_pago":"contado","estado_contrato":null,"facturado":"0","fecha_facturacion":null}
[14-Mar-2026 10:14:32 America/Lima] Fila encontrada: {"id_pago":"152","monto":"100.00","fecha_emision":"2025-02-04 00:00:00","ruta":null,"id_asesor":null,"nombre_persona":"YUHLINIO VILLANUEVA DELGADO","nro_identidad":"71860171","num_unidad":"132","nombre_asesor":null,"tipo_persona":"conductor","tipo_pago":"contado","estado_contrato":null,"facturado":"0","fecha_facturacion":null}
[14-Mar-2026 10:14:32 America/Lima] Fila encontrada: {"id_pago":"153","monto":"100.00","fecha_emision":"2025-02-04 00:00:00","ruta":null,"id_asesor":null,"nombre_persona":"ALGER REYNADO GOMEZ VELASQUEZ","nro_identidad":"80317139","num_unidad":"131","nombre_asesor":null,"tipo_persona":"conductor","tipo_pago":"contado","estado_contrato":null,"facturado":"0","fecha_facturacion":null}
[14-Mar-2026 10:14:32 America/Lima] Fila encontrada: {"id_pago":"154","monto":"100.00","fecha_emision":"2025-02-04 00:00:00","ruta":null,"id_asesor":null,"nombre_persona":"HENRY CHOQUE CALSIN","nro_identidad":"47899624","num_unidad":"130","nombre_asesor":null,"tipo_persona":"conductor","tipo_pago":"contado","estado_contrato":null,"facturado":"0","fecha_facturacion":null}
[14-Mar-2026 10:14:32 America/Lima] Fila encontrada: {"id_pago":"155","monto":"100.00","fecha_emision":"2025-02-04 00:00:00","ruta":null,"id_asesor":null,"nombre_persona":"LUIS ANGEL HALANOCCA HANCCO","nro_identidad":"46566533","num_unidad":"128","nombre_asesor":null,"tipo_persona":"conductor","tipo_pago":"contado","estado_contrato":null,"facturado":"0","fecha_facturacion":null}
[14-Mar-2026 10:14:32 America/Lima] Fila encontrada: {"id_pago":"156","monto":"100.00","fecha_emision":"2025-02-04 00:00:00","ruta":null,"id_asesor":null,"nombre_persona":"BRAYAN FABRICIO BECERRA IDME","nro_identidad":"71478954","num_unidad":"125","nombre_asesor":null,"tipo_persona":"conductor","tipo_pago":"contado","estado_contrato":null,"facturado":"0","fecha_facturacion":null}
[14-Mar-2026 10:14:32 America/Lima] Fila encontrada: {"id_pago":"157","monto":"100.00","fecha_emision":"2025-02-04 00:00:00","ruta":null,"id_asesor":null,"nombre_persona":"VICTOR ALFONSO FLORES MAMANI","nro_identidad":"47414743","num_unidad":"124","nombre_asesor":null,"tipo_persona":"conductor","tipo_pago":"contado","estado_contrato":null,"facturado":"0","fecha_facturacion":null}
[14-Mar-2026 10:14:32 America/Lima] Fila encontrada: {"id_pago":"28","monto":"100.00","fecha_emision":"2025-02-03 00:00:00","ruta":null,"id_asesor":null,"nombre_persona":"VICTOR EVARISTO CAJO MAMANI","nro_identidad":"40499792","num_unidad":"75","nombre_asesor":null,"tipo_persona":"conductor","tipo_pago":"contado","estado_contrato":null,"facturado":"0","fecha_facturacion":null}
[14-Mar-2026 10:14:32 America/Lima] Fila encontrada: {"id_pago":"29","monto":"100.00","fecha_emision":"2025-02-03 00:00:00","ruta":null,"id_asesor":null,"nombre_persona":"MISAEL GABRIEL LOPEZ CLAVIJO","nro_identidad":"46959043","num_unidad":"169","nombre_asesor":null,"tipo_persona":"conductor","tipo_pago":"contado","estado_contrato":null,"facturado":"0","fecha_facturacion":null}
[14-Mar-2026 10:14:32 America/Lima] Fila encontrada: {"id_pago":"30","monto":"100.00","fecha_emision":"2025-02-03 00:00:00","ruta":null,"id_asesor":null,"nombre_persona":"RUDY WILBER HUANCA FLORES","nro_identidad":"73521909","num_unidad":"63","nombre_asesor":null,"tipo_persona":"conductor","tipo_pago":"contado","estado_contrato":null,"facturado":"0","fecha_facturacion":null}
[14-Mar-2026 10:14:32 America/Lima] Fila encontrada: {"id_pago":"31","monto":"100.00","fecha_emision":"2025-02-03 00:00:00","ruta":null,"id_asesor":null,"nombre_persona":"RAUL MAMANI MENDOZA","nro_identidad":"43352946","num_unidad":"15","nombre_asesor":null,"tipo_persona":"conductor","tipo_pago":"contado","estado_contrato":null,"facturado":"0","fecha_facturacion":null}
[14-Mar-2026 10:14:32 America/Lima] Fila encontrada: {"id_pago":"33","monto":"100.00","fecha_emision":"2025-02-03 00:00:00","ruta":null,"id_asesor":null,"nombre_persona":"CHRISTIAN RODRIGO SOSA SOTO","nro_identidad":"71248649","num_unidad":"74","nombre_asesor":null,"tipo_persona":"conductor","tipo_pago":"contado","estado_contrato":null,"facturado":"0","fecha_facturacion":null}
[14-Mar-2026 10:14:32 America/Lima] Fila encontrada: {"id_pago":"34","monto":"100.00","fecha_emision":"2025-02-03 00:00:00","ruta":null,"id_asesor":null,"nombre_persona":"MAYKI LOPEZ CLAVIJO","nro_identidad":"73355297","num_unidad":"168","nombre_asesor":null,"tipo_persona":"conductor","tipo_pago":"contado","estado_contrato":null,"facturado":"0","fecha_facturacion":null}
[14-Mar-2026 10:14:32 America/Lima] Fila encontrada: {"id_pago":"51","monto":"100.00","fecha_emision":"2025-02-03 00:00:00","ruta":null,"id_asesor":null,"nombre_persona":"MIGUEL EDUARDO PEREZ GONZALEZ","nro_identidad":"005247955","num_unidad":"170","nombre_asesor":null,"tipo_persona":"conductor","tipo_pago":"contado","estado_contrato":null,"facturado":"0","fecha_facturacion":null}
[14-Mar-2026 10:14:32 America/Lima] Fila encontrada: {"id_pago":"52","monto":"100.00","fecha_emision":"2025-02-03 00:00:00","ruta":null,"id_asesor":null,"nombre_persona":"ENGELBERT THOMAS VILLAFUERTE MEDINA","nro_identidad":"30586086","num_unidad":"127","nombre_asesor":null,"tipo_persona":"conductor","tipo_pago":"contado","estado_contrato":null,"facturado":"0","fecha_facturacion":null}
[14-Mar-2026 10:14:32 America/Lima] Fila encontrada: {"id_pago":"54","monto":"100.00","fecha_emision":"2025-02-03 00:00:00","ruta":null,"id_asesor":null,"nombre_persona":"ANGEL ANDRE MU\u00d1OZ MOTTA","nro_identidad":"74125292","num_unidad":"56","nombre_asesor":null,"tipo_persona":"conductor","tipo_pago":"contado","estado_contrato":null,"facturado":"0","fecha_facturacion":null}
[14-Mar-2026 10:14:32 America/Lima] Fila encontrada: {"id_pago":"55","monto":"100.00","fecha_emision":"2025-02-03 00:00:00","ruta":null,"id_asesor":null,"nombre_persona":"GONZALO RAFAEL ZABALA VILLARROEL","nro_identidad":"04172952","num_unidad":"8","nombre_asesor":null,"tipo_persona":"conductor","tipo_pago":"contado","estado_contrato":null,"facturado":"0","fecha_facturacion":null}
[14-Mar-2026 10:14:32 America/Lima] Fila encontrada: {"id_pago":"56","monto":"100.00","fecha_emision":"2025-02-03 00:00:00","ruta":null,"id_asesor":null,"nombre_persona":"BRYAM JEAN PIER MOSCOSO FLORES","nro_identidad":"71074337","num_unidad":"164","nombre_asesor":null,"tipo_persona":"conductor","tipo_pago":"contado","estado_contrato":null,"facturado":"0","fecha_facturacion":null}
[14-Mar-2026 10:14:32 America/Lima] Fila encontrada: {"id_pago":"57","monto":"100.00","fecha_emision":"2025-02-03 00:00:00","ruta":null,"id_asesor":null,"nombre_persona":"JULIAN ENRIQUE CHOQUE TACO","nro_identidad":"77427007","num_unidad":"68","nombre_asesor":null,"tipo_persona":"conductor","tipo_pago":"contado","estado_contrato":null,"facturado":"0","fecha_facturacion":null}
[14-Mar-2026 10:14:32 America/Lima] Fila encontrada: {"id_pago":"58","monto":"100.00","fecha_emision":"2025-02-03 00:00:00","ruta":null,"id_asesor":null,"nombre_persona":"GUSTAVO JAVIER CUBA HUAMAN","nro_identidad":"47134155","num_unidad":"126","nombre_asesor":null,"tipo_persona":"conductor","tipo_pago":"contado","estado_contrato":null,"facturado":"0","fecha_facturacion":null}
[14-Mar-2026 10:14:32 America/Lima] Fila encontrada: {"id_pago":"59","monto":"100.00","fecha_emision":"2025-02-03 00:00:00","ruta":null,"id_asesor":null,"nombre_persona":"LUIS EDUARDO BELTRAN OLAYUNCA","nro_identidad":"75570794","num_unidad":"163","nombre_asesor":null,"tipo_persona":"conductor","tipo_pago":"contado","estado_contrato":null,"facturado":"0","fecha_facturacion":null}
[14-Mar-2026 10:14:32 America/Lima] Fila encontrada: {"id_pago":"60","monto":"100.00","fecha_emision":"2025-02-03 00:00:00","ruta":null,"id_asesor":null,"nombre_persona":"MANUEL IVAN SALAS YAULI","nro_identidad":"72704453","num_unidad":"55","nombre_asesor":null,"tipo_persona":"conductor","tipo_pago":"contado","estado_contrato":null,"facturado":"0","fecha_facturacion":null}
[14-Mar-2026 10:14:32 America/Lima] Fila encontrada: {"id_pago":"61","monto":"100.00","fecha_emision":"2025-02-03 00:00:00","ruta":null,"id_asesor":null,"nombre_persona":"YONNY MANUEL  CASTILLA AREVALO","nro_identidad":"002228032","num_unidad":"72","nombre_asesor":null,"tipo_persona":"conductor","tipo_pago":"contado","estado_contrato":null,"facturado":"0","fecha_facturacion":null}
[14-Mar-2026 10:14:32 America/Lima] Fila encontrada: {"id_pago":"62","monto":"100.00","fecha_emision":"2025-02-03 00:00:00","ruta":null,"id_asesor":null,"nombre_persona":"DEMBER COAGUILA ROMERO","nro_identidad":"80624395","num_unidad":"122","nombre_asesor":null,"tipo_persona":"conductor","tipo_pago":"contado","estado_contrato":null,"facturado":"0","fecha_facturacion":null}
[14-Mar-2026 10:14:32 America/Lima] Fila encontrada: {"id_pago":"63","monto":"100.00","fecha_emision":"2025-02-03 00:00:00","ruta":null,"id_asesor":null,"nombre_persona":"FREDY ANTONIO SALAS ZEGARRA","nro_identidad":"29369389","num_unidad":"52","nombre_asesor":null,"tipo_persona":"conductor","tipo_pago":"contado","estado_contrato":null,"facturado":"0","fecha_facturacion":null}
[14-Mar-2026 10:14:32 America/Lima] Fila encontrada: {"id_pago":"64","monto":"100.00","fecha_emision":"2025-02-03 00:00:00","ruta":null,"id_asesor":null,"nombre_persona":"FRANKLIN MIGUEL CONDORI PACCO","nro_identidad":"43505216","num_unidad":"162","nombre_asesor":null,"tipo_persona":"conductor","tipo_pago":"contado","estado_contrato":null,"facturado":"0","fecha_facturacion":null}
[14-Mar-2026 10:14:32 America/Lima] Fila encontrada: {"id_pago":"65","monto":"100.00","fecha_emision":"2025-02-03 00:00:00","ruta":null,"id_asesor":null,"nombre_persona":"GIOMAR ANTONIO VARGAS HUACHANI","nro_identidad":"47059023","num_unidad":"120","nombre_asesor":null,"tipo_persona":"conductor","tipo_pago":"contado","estado_contrato":null,"facturado":"0","fecha_facturacion":null}
[14-Mar-2026 10:14:32 America/Lima] Fila encontrada: {"id_pago":"66","monto":"100.00","fecha_emision":"2025-02-03 00:00:00","ruta":null,"id_asesor":null,"nombre_persona":"LUIS ADISON SUCA VALERIANO","nro_identidad":"45537123","num_unidad":"67","nombre_asesor":null,"tipo_persona":"conductor","tipo_pago":"contado","estado_contrato":null,"facturado":"0","fecha_facturacion":null}
[14-Mar-2026 10:14:32 America/Lima] Fila encontrada: {"id_pago":"72","monto":"100.00","fecha_emision":"2025-02-03 00:00:00","ruta":null,"id_asesor":null,"nombre_persona":"LUIS ALBERTHO LOAYZA SERRUDO","nro_identidad":"42706440","num_unidad":"66","nombre_asesor":null,"tipo_persona":"conductor","tipo_pago":"contado","estado_contrato":null,"facturado":"0","fecha_facturacion":null}
[14-Mar-2026 10:14:32 America/Lima] Fila encontrada: {"id_pago":"75","monto":"100.00","fecha_emision":"2025-02-03 00:00:00","ruta":null,"id_asesor":null,"nombre_persona":"LUDVING DANIEL HUACCOTO GOIZUETA","nro_identidad":"47430740","num_unidad":"64","nombre_asesor":null,"tipo_persona":"conductor","tipo_pago":"contado","estado_contrato":null,"facturado":"0","fecha_facturacion":null}
[14-Mar-2026 10:14:32 America/Lima] Fila encontrada: {"id_pago":"84","monto":"100.00","fecha_emision":"2025-02-03 00:00:00","ruta":null,"id_asesor":null,"nombre_persona":"CARLOS VICTOR PALOMINO MU\u00d1IZ","nro_identidad":"41226025","num_unidad":"44","nombre_asesor":null,"tipo_persona":"conductor","tipo_pago":"contado","estado_contrato":null,"facturado":"0","fecha_facturacion":null}
[14-Mar-2026 10:14:32 America/Lima] Fila encontrada: {"id_pago":"85","monto":"100.00","fecha_emision":"2025-02-03 00:00:00","ruta":null,"id_asesor":null,"nombre_persona":"DIEGO ABEL CASTRO FLORES","nro_identidad":"76787498","num_unidad":"157","nombre_asesor":null,"tipo_persona":"conductor","tipo_pago":"contado","estado_contrato":null,"facturado":"0","fecha_facturacion":null}
[14-Mar-2026 10:14:32 America/Lima] Fila encontrada: {"id_pago":"86","monto":"100.00","fecha_emision":"2025-02-03 00:00:00","ruta":null,"id_asesor":null,"nombre_persona":"JUSTO ANTONIO CONCHA QUISPE","nro_identidad":"43174792","num_unidad":"17","nombre_asesor":null,"tipo_persona":"conductor","tipo_pago":"contado","estado_contrato":null,"facturado":"0","fecha_facturacion":null}
[14-Mar-2026 10:14:32 America/Lima] Fila encontrada: {"id_pago":"24","monto":"100.00","fecha_emision":"2025-02-02 00:00:00","ruta":null,"id_asesor":null,"nombre_persona":"JULIO CESAR CAHUATA HUARANGA","nro_identidad":"46627540","num_unidad":"79","nombre_asesor":null,"tipo_persona":"conductor","tipo_pago":"contado","estado_contrato":null,"facturado":"0","fecha_facturacion":null}
[14-Mar-2026 10:14:32 America/Lima] Fila encontrada: {"id_pago":"25","monto":"100.00","fecha_emision":"2025-02-02 00:00:00","ruta":null,"id_asesor":null,"nombre_persona":"VICTOR FROILAN AYALA PARI","nro_identidad":"74526461","num_unidad":"78","nombre_asesor":null,"tipo_persona":"conductor","tipo_pago":"contado","estado_contrato":null,"facturado":"0","fecha_facturacion":null}
[14-Mar-2026 10:14:32 America/Lima] Fila encontrada: {"id_pago":"26","monto":"100.00","fecha_emision":"2025-02-02 00:00:00","ruta":null,"id_asesor":null,"nombre_persona":"VICTOR MIGUEL BERNAL LLAMOCA","nro_identidad":"30962992","num_unidad":"77","nombre_asesor":null,"tipo_persona":"conductor","tipo_pago":"contado","estado_contrato":null,"facturado":"0","fecha_facturacion":null}
[14-Mar-2026 10:14:32 America/Lima] Fila encontrada: {"id_pago":"27","monto":"100.00","fecha_emision":"2025-02-02 00:00:00","ruta":null,"id_asesor":null,"nombre_persona":"JOHN RENATO ARROE CORNEJO","nro_identidad":"29658364","num_unidad":"76","nombre_asesor":null,"tipo_persona":"conductor","tipo_pago":"contado","estado_contrato":null,"facturado":"0","fecha_facturacion":null}
[14-Mar-2026 10:14:32 America/Lima] Fila encontrada: {"id_pago":"1","monto":"100.00","fecha_emision":"2025-02-01 00:00:00","ruta":null,"id_asesor":null,"nombre_persona":"ESTRELLA MARIA DEL CARMEN LOPEZ TURPO","nro_identidad":"72314107","num_unidad":"36","nombre_asesor":null,"tipo_persona":"conductor","tipo_pago":"contado","estado_contrato":null,"facturado":"0","fecha_facturacion":null}
[14-Mar-2026 10:14:32 America/Lima] Fila encontrada: {"id_pago":"2","monto":"100.00","fecha_emision":"2025-02-01 00:00:00","ruta":null,"id_asesor":null,"nombre_persona":"MAURO CARRILLO LAYME","nro_identidad":"29704977","num_unidad":"87","nombre_asesor":null,"tipo_persona":"conductor","tipo_pago":"contado","estado_contrato":null,"facturado":"0","fecha_facturacion":null}
[14-Mar-2026 10:14:32 America/Lima] Fila encontrada: {"id_pago":"3","monto":"100.00","fecha_emision":"2025-02-01 00:00:00","ruta":null,"id_asesor":null,"nombre_persona":"JONATHAN DENNIS HERESI GONZALES","nro_identidad":"46188666","num_unidad":"89","nombre_asesor":null,"tipo_persona":"conductor","tipo_pago":"contado","estado_contrato":null,"facturado":"0","fecha_facturacion":null}
[14-Mar-2026 10:14:32 America/Lima] Fila encontrada: {"id_pago":"4","monto":"100.00","fecha_emision":"2025-02-01 00:00:00","ruta":null,"id_asesor":null,"nombre_persona":"LEONARDO ELVIS ENRIQUEZ VILCA","nro_identidad":"47006116","num_unidad":"35","nombre_asesor":null,"tipo_persona":"conductor","tipo_pago":"contado","estado_contrato":null,"facturado":"0","fecha_facturacion":null}
[14-Mar-2026 10:14:32 America/Lima] Fila encontrada: {"id_pago":"5","monto":"100.00","fecha_emision":"2025-02-01 00:00:00","ruta":null,"id_asesor":null,"nombre_persona":"MIGUEL ANGEL COAGUILA QUISPE","nro_identidad":"40946936","num_unidad":"10","nombre_asesor":null,"tipo_persona":"conductor","tipo_pago":"contado","estado_contrato":null,"facturado":"0","fecha_facturacion":null}
[14-Mar-2026 10:14:32 America/Lima] Fila encontrada: {"id_pago":"6","monto":"100.00","fecha_emision":"2025-02-01 00:00:00","ruta":null,"id_asesor":null,"nombre_persona":"DIEGO ALONSO CARDE\u00d1A CUELLAR","nro_identidad":"70405740","num_unidad":"90","nombre_asesor":null,"tipo_persona":"conductor","tipo_pago":"contado","estado_contrato":null,"facturado":"0","fecha_facturacion":null}
[14-Mar-2026 10:14:32 America/Lima] Fila encontrada: {"id_pago":"7","monto":"100.00","fecha_emision":"2025-02-01 00:00:00","ruta":null,"id_asesor":null,"nombre_persona":"JENSON JHONATAN CONDORI MAMANI","nro_identidad":"73482260","num_unidad":"70","nombre_asesor":null,"tipo_persona":"conductor","tipo_pago":"contado","estado_contrato":null,"facturado":"0","fecha_facturacion":null}
[14-Mar-2026 10:14:32 America/Lima] Fila encontrada: {"id_pago":"8","monto":"100.00","fecha_emision":"2025-02-01 00:00:00","ruta":null,"id_asesor":null,"nombre_persona":"YORK JOSE VERA OVIEDO","nro_identidad":"44111807","num_unidad":"32","nombre_asesor":null,"tipo_persona":"conductor","tipo_pago":"contado","estado_contrato":null,"facturado":"0","fecha_facturacion":null}
[14-Mar-2026 10:14:32 America/Lima] Fila encontrada: {"id_pago":"9","monto":"100.00","fecha_emision":"2025-02-01 00:00:00","ruta":null,"id_asesor":null,"nombre_persona":"JAVIER LISANDRO CHAHUAYO DUE\u00d1AS","nro_identidad":"45125182","num_unidad":"65","nombre_asesor":null,"tipo_persona":"conductor","tipo_pago":"contado","estado_contrato":null,"facturado":"0","fecha_facturacion":null}
[14-Mar-2026 10:14:32 America/Lima] Fila encontrada: {"id_pago":"10","monto":"100.00","fecha_emision":"2025-02-01 00:00:00","ruta":null,"id_asesor":null,"nombre_persona":"ELVIS RAMOS SAYA","nro_identidad":"45481150","num_unidad":"31","nombre_asesor":null,"tipo_persona":"conductor","tipo_pago":"contado","estado_contrato":null,"facturado":"0","fecha_facturacion":null}
[14-Mar-2026 10:14:32 America/Lima] Fila encontrada: {"id_pago":"11","monto":"100.00","fecha_emision":"2025-02-01 00:00:00","ruta":null,"id_asesor":null,"nombre_persona":"NESTOR SEGUNDO RAMOS CARRASCO","nro_identidad":"48223104","num_unidad":"95","nombre_asesor":null,"tipo_persona":"conductor","tipo_pago":"contado","estado_contrato":null,"facturado":"0","fecha_facturacion":null}
[14-Mar-2026 10:14:32 America/Lima] Fila encontrada: {"id_pago":"12","monto":"100.00","fecha_emision":"2025-02-01 00:00:00","ruta":null,"id_asesor":null,"nombre_persona":"VICTOR EMILIO LUDGARDO FUENTES CENTTY","nro_identidad":"72000838","num_unidad":"26","nombre_asesor":null,"tipo_persona":"conductor","tipo_pago":"contado","estado_contrato":null,"facturado":"0","fecha_facturacion":null}
[14-Mar-2026 10:14:32 America/Lima] Fila encontrada: {"id_pago":"13","monto":"100.00","fecha_emision":"2025-02-01 00:00:00","ruta":null,"id_asesor":null,"nombre_persona":"JUAN CARLOS LOPEZ -","nro_identidad":"42847681","num_unidad":"54","nombre_asesor":null,"tipo_persona":"conductor","tipo_pago":"contado","estado_contrato":null,"facturado":"0","fecha_facturacion":null}
[14-Mar-2026 10:14:32 America/Lima] Fila encontrada: {"id_pago":"14","monto":"100.00","fecha_emision":"2025-02-01 00:00:00","ruta":null,"id_asesor":null,"nombre_persona":"VICTOR HUGO PACCO MAYHUA","nro_identidad":"44892041","num_unidad":"5","nombre_asesor":null,"tipo_persona":"conductor","tipo_pago":"contado","estado_contrato":null,"facturado":"0","fecha_facturacion":null}
[14-Mar-2026 10:14:32 America/Lima] Fila encontrada: {"id_pago":"15","monto":"100.00","fecha_emision":"2025-02-01 00:00:00","ruta":null,"id_asesor":null,"nombre_persona":"IVAN BAUTISTA MONROY","nro_identidad":"46710456","num_unidad":"24","nombre_asesor":null,"tipo_persona":"conductor","tipo_pago":"contado","estado_contrato":null,"facturado":"0","fecha_facturacion":null}
[14-Mar-2026 10:14:32 America/Lima] Fila encontrada: {"id_pago":"16","monto":"100.00","fecha_emision":"2025-02-01 00:00:00","ruta":null,"id_asesor":null,"nombre_persona":"HENRY SANCHEZ TAPIA","nro_identidad":"48736062","num_unidad":"97","nombre_asesor":null,"tipo_persona":"conductor","tipo_pago":"contado","estado_contrato":null,"facturado":"0","fecha_facturacion":null}
[14-Mar-2026 10:14:32 America/Lima] Fila encontrada: {"id_pago":"17","monto":"100.00","fecha_emision":"2025-02-01 00:00:00","ruta":null,"id_asesor":null,"nombre_persona":"MARTIN JOSE RAMOS PACCO","nro_identidad":"29709761","num_unidad":"53","nombre_asesor":null,"tipo_persona":"conductor","tipo_pago":"contado","estado_contrato":null,"facturado":"0","fecha_facturacion":null}
[14-Mar-2026 10:14:32 America/Lima] Fila encontrada: {"id_pago":"18","monto":"100.00","fecha_emision":"2025-02-01 00:00:00","ruta":null,"id_asesor":null,"nombre_persona":"WILBUR JAVIER RAMOS LLANOS","nro_identidad":"42861306","num_unidad":"2","nombre_asesor":null,"tipo_persona":"conductor","tipo_pago":"contado","estado_contrato":null,"facturado":"0","fecha_facturacion":null}
[14-Mar-2026 10:14:32 America/Lima] Fila encontrada: {"id_pago":"19","monto":"100.00","fecha_emision":"2025-02-01 00:00:00","ruta":null,"id_asesor":null,"nombre_persona":"JOSE PANDIA PANDIA","nro_identidad":"40405973","num_unidad":"43","nombre_asesor":null,"tipo_persona":"conductor","tipo_pago":"contado","estado_contrato":null,"facturado":"0","fecha_facturacion":null}
[14-Mar-2026 10:14:32 America/Lima] Fila encontrada: {"id_pago":"20","monto":"100.00","fecha_emision":"2025-02-01 00:00:00","ruta":null,"id_asesor":null,"nombre_persona":"MIGUEL GUSTAVO TURPO TURPO","nro_identidad":"44499839","num_unidad":"20","nombre_asesor":null,"tipo_persona":"conductor","tipo_pago":"contado","estado_contrato":null,"facturado":"0","fecha_facturacion":null}
[14-Mar-2026 10:14:32 America/Lima] Fila encontrada: {"id_pago":"21","monto":"100.00","fecha_emision":"2025-02-01 00:00:00","ruta":null,"id_asesor":null,"nombre_persona":"RONAL IVAN LAURA CCAMA","nro_identidad":"44612278","num_unidad":"42","nombre_asesor":null,"tipo_persona":"conductor","tipo_pago":"contado","estado_contrato":null,"facturado":"0","fecha_facturacion":null}
[14-Mar-2026 10:14:32 America/Lima] Fila encontrada: {"id_pago":"22","monto":"100.00","fecha_emision":"2025-02-01 00:00:00","ruta":null,"id_asesor":null,"nombre_persona":"CESAR BAYARDO SUCAPUCA CAYO","nro_identidad":"29275996","num_unidad":"1","nombre_asesor":null,"tipo_persona":"conductor","tipo_pago":"contado","estado_contrato":null,"facturado":"0","fecha_facturacion":null}
[14-Mar-2026 10:14:32 America/Lima] Fila encontrada: {"id_pago":"23","monto":"100.00","fecha_emision":"2025-02-01 00:00:00","ruta":null,"id_asesor":null,"nombre_persona":"JOSE WILFREDO VIZCARRA CALSIN","nro_identidad":"80503761","num_unidad":"16","nombre_asesor":null,"tipo_persona":"conductor","tipo_pago":"contado","estado_contrato":null,"facturado":"0","fecha_facturacion":null}
[14-Mar-2026 10:14:34 America/Lima] Búsqueda: '', Start: 0, Length: 10, OrderCol: 0, OrderDir: desc
[14-Mar-2026 10:14:34 America/Lima] Modelo - Búsqueda: '', Start: 0, Length: 10, OrderCol: 0, OrderDir: desc, Usuario: , TipoDoc: 
[14-Mar-2026 10:14:34 America/Lima] Resultados: Total=1586, Filtrados=1586, Filas=10
[14-Mar-2026 10:14:38 America/Lima] PHP Warning:  unserialize(): Extra data starting at offset 762 of 765 bytes in C:\laragon\www\arequipago\utils\lib\mpdf\vendor\mpdf\mpdf\src\Mpdf.php on line 8953
[14-Mar-2026 10:14:38 America/Lima] PHP Warning:  unserialize(): Extra data starting at offset 762 of 765 bytes in C:\laragon\www\arequipago\utils\lib\mpdf\vendor\mpdf\mpdf\src\Mpdf.php on line 8953
[14-Mar-2026 10:14:38 America/Lima] PHP Warning:  unserialize(): Extra data starting at offset 694 of 697 bytes in C:\laragon\www\arequipago\utils\lib\mpdf\vendor\mpdf\mpdf\src\Mpdf.php on line 8953
[14-Mar-2026 10:14:38 America/Lima] PHP Warning:  unserialize(): Extra data starting at offset 694 of 697 bytes in C:\laragon\www\arequipago\utils\lib\mpdf\vendor\mpdf\mpdf\src\Mpdf.php on line 8953
[14-Mar-2026 10:42:00 America/Lima] DEBUG HOME - SESSION NOMBRES: NO EXISTE
[14-Mar-2026 10:42:00 America/Lima] DEBUG HOME - SESSION APELLIDOS: NO EXISTE
[14-Mar-2026 10:42:00 America/Lima] DEBUG HOME - SESSION USUARIO_ID: 124
[16-Mar-2026 16:40:29 America/Lima] DEBUG HOME - SESSION NOMBRES: NO EXISTE
[16-Mar-2026 16:40:29 America/Lima] DEBUG HOME - SESSION APELLIDOS: NO EXISTE
[16-Mar-2026 16:40:29 America/Lima] DEBUG HOME - SESSION USUARIO_ID: 124
[16-Mar-2026 16:41:02 America/Lima] PHP Warning:  Undefined variable $almacenProducto in C:\laragon\www\arequipago\resources\views\fragment-views\cliente\almacen-productos.php on line 74
